Tenant ID,Property,Account ID ,Environment,Resource ID,Region,Availability Zone,Instance Type - Current,Currency Code,Unit Price - Current,SPEND,Hours Running,CPU Max,Memory Max,GPU Max,GPU Memory Max,Min Instance Count,Max Instance Count,RECOMMENDATION,Instance Type - Recommended,Min Instances - Recommended,Max Instances - Recommended,Unit Price - Recommended,Sum of Savings,Savings Percent,RISK,Idle Time,VCPU - Current,VCPU - Recommended,Memory - Current,Memory - Recommended,CPU Ratio,Memory Ratio,App ID,Cluster Name,auto-scale group,Export Order,
AML,AML Monitoring,124321196922,test,124321196922:us-west-2:rubix-asg-centcom-uat-otel-20240221030250869100000003,us-west-2,us-west-2b,m7g.4xlarge,USD,$0.11,$410.00,"4,438",11,17,,,4,10,Autoscale,r6g.medium,5,11,$0.01,$365.59,89%,0,0,16,1,64,8,0,0,56206,centcom-uat-otel,rubix-asg-centcom-uat-otel-20240221030250869100000003,634,
AML,AML Monitoring,441626067991,prod,441626067991:us-east-1:rubix-asg-centcom-cortex-useast1-gbi-20250617132531733300000003,us-east-1,us-east-1b,r7g.4xlarge,USD,$0.15,$33.00,229,4,4,,,3,4,Autoscale,x2gd.medium,1,3,$0.01,$31.82,96%,0,0,16,1,128,16,0,0,56206,centcom-cortex-useast1-gbi,rubix-asg-centcom-cortex-useast1-gbi-20250617132531733300000003,4168,
AML,AML Monitoring,441626067991,prod,441626067991:us-east-1:rubix-asg-cortex-metrics1-us-east1-20250603055730926100000003,us-east-1,us-east-1b,r7g.4xlarge,USD,$0.15,$600.00,"4,645",50,4,,,2,10,Autoscale,c6g.large,1,32,$0.01,$427.06,71%,0,0,16,2,128,4,0,0,56206,cortex-metrics1-us-east1,rubix-asg-cortex-metrics1-us-east1-20250603055730926100000003,542,
AML,AML Monitoring,441626067991,prod,441626067991:us-west-2:rubix-asg-centcom-cortex-metrics-3-20250521055052628500000003,us-west-2,us-west-2b,r7g.4xlarge,USD,$0.15,$156.00,"1,072",1,0,,,4,4,Autoscale,m6g.medium,1,1,$0.01,$154.00,99%,0,50,16,1,128,4,0,0,56206,centcom-cortex-metrics-3,rubix-asg-centcom-cortex-metrics-3-20250521055052628500000003,1956,
AML,AML Monitoring,441626067991,prod,441626067991:us-west-2:rubix-asg-centcom-cortex-metrics-3-20250610032124013400000003,us-west-2,us-west-2a,m5.large,USD,$0.02,$0.00,3,28,8,,,3,3,Autoscale,c6g.medium,2,2,$0.01,$0.01,45%,0,0,2,1,8,2,1,0,56206,centcom-cortex-metrics-3,rubix-asg-centcom-cortex-metrics-3-20250610032124013400000003,5728,
AML,AML Monitoring,441626067991,prod,441626067991:us-west-2:rubix-asg-centcom-cortex-metrics-arcadia-20250616153139078600000003,us-west-2,us-west-2b,(multiple),USD,$0.13,$118.00,"1,205",33,37,,,3,11,Autoscale,m6g.medium,3,31,$0.01,$101.39,86%,0,0,2,1,16,4,0,0,56206,centcom-cortex-metrics-arcadia,rubix-asg-centcom-cortex-metrics-arcadia-20250616153139078600000003,2453,
AML,AML Monitoring,441626067991,prod,441626067991:us-west-2:rubix-asg-centcom-cortex-metrics-gbi-20250616091703645800000003,us-west-2,us-west-2b,(multiple),USD,$0.09,$52.00,"1,002",16,14,,,3,8,Autoscale,r6g.medium,1,7,$0.01,$47.56,92%,0,0,2,1,16,8,0,0,56206,centcom-cortex-metrics-gbi,rubix-asg-centcom-cortex-metrics-gbi-20250616091703645800000003,3243,
AML,AML Monitoring,441626067991,prod,441626067991:us-west-2:rubix-asg-centcom-grafana01-us-west2-cluster-20220804205631505000000004,us-west-2,us-west-2b,r7g.8xlarge,USD,$0.29,"$1,472.00","5,768",31,15,,,8,10,Autoscale,r6g.xlarge,7,21,$0.03,"$1,231.33",84%,0,0,32,4,256,32,0,0,56206,centcom-grafana01-us-west2-cluster,rubix-asg-centcom-grafana01-us-west2-cluster-20220804205631505000000004,208,
AML,AML Monitoring,441626067991,prod,441626067991:us-west-2:rubix-asg-centcom-prod-cortex-metrics-20250124200004536200000003,us-west-2,us-west-2b,r7g.4xlarge,USD,$0.15,$398.00,"2,740",3,1,,,5,10,Autoscale,r6g.medium,1,5,$0.01,$392.96,99%,0,0,16,1,128,8,0,0,56206,centcom-prod-cortex-metrics,rubix-asg-centcom-prod-cortex-metrics-20250124200004536200000003,737,
AML,AML Monitoring,441626067991,prod,441626067991:us-west-2:rubix-asg-centcom-prod-cortex-metrics-20250610104226008700000003,us-west-2,us-west-2b,m5.large,USD,$0.02,$0.00,10,29,6,,,5,5,Autoscale,m6g.medium,1,3,$0.01,$0.05,63%,0,0,2,1,8,4,1,1,56206,centcom-prod-cortex-metrics,rubix-asg-centcom-prod-cortex-metrics-20250610104226008700000003,5725,
AML,AML Monitoring,441626067991,prod,441626067991:us-west-2:rubix-asg-centcom-prod-langfuse-20250618045942327700000003,us-west-2,us-west-2b,r7g.4xlarge,USD,$0.15,$75.00,777,4,4,,,3,3,Autoscale,r6g.medium,2,3,$0.01,$70.23,94%,0,0,16,1,128,8,0,0,56206,centcom-prod-langfuse,rubix-asg-centcom-prod-langfuse-20250618045942327700000003,2452,
AML,AML Monitoring,441626067991,prod,441626067991:us-west-2:rubix-asg-centcom-prod-otel-20240229215537375400000003,us-west-2,us-west-2c,m7g.8xlarge,USD,$0.22,"$1,122.00","5,768",21,26,,,8,10,Autoscale,m6g.large,10,34,$0.01,$955.27,85%,0,0,32,2,128,8,0,0,56206,centcom-prod-otel,rubix-asg-centcom-prod-otel-20240229215537375400000003,252,
AML,AML Monitoring,441626067991,prod,441626067991:us-west-2:rubix-asg-corekpi-prod-us-west-2-cluster-20220316185151616600000003,us-west-2,us-west-2a,r7g.large,USD,$0.02,$46.00,"2,880",28,11,,,4,4,Autoscale,r6g.medium,1,3,$0.01,$37.90,82%,0,0,2,1,16,8,1,1,56206,corekpi-prod-us-west-2-cluster,rubix-asg-corekpi-prod-us-west-2-cluster-20220316185151616600000003,3709,
AML,AML-Solutions - autoflow,9870003360,test,009870003360:us-west-2:rubix-asg-compliance-engine-it-us-west-2-20220428015520734000000003,us-west-2,us-west-2b,t3.xlarge,USD,$0.03,$125.00,"5,040",30,31,,,7,7,Autoscale,t4g.small,14,18,$0.00,$93.40,75%,0,0,2,0,16,2,0,0,200322,compliance-engine-it-us-west-2,rubix-asg-compliance-engine-it-us-west-2-20220428015520734000000003,2417,
AML,AML-Solutions - autoflow,9870003360,test,009870003360:us-west-2:rubix-asg-compliance-engine-uat-us-west-2-20220613220904550800000003,us-west-2,us-west-2c,t3.xlarge,USD,$0.03,$107.00,"4,320",37,40,,,6,6,Autoscale,t4g.small,15,20,$0.00,$73.39,68%,0,0,2,0,16,2,0,0,200322,compliance-engine-uat-us-west-2,rubix-asg-compliance-engine-uat-us-west-2-20220613220904550800000003,2752,
AML,AML-Solutions - autoflow,312551896394,test,312551896394:us-east-1:rubix-asg-autoflow-dev-us-east-1-cluster-20221130000318900900000003,us-east-1,us-east-1c,t3.xlarge,USD,$0.03,$143.00,"5,760",25,29,,,8,8,Autoscale,t4g.small,19,19,$0.00,$103.87,73%,0,0,2,0,16,2,0,0,200320,autoflow-dev-us-east-1-cluster,rubix-asg-autoflow-dev-us-east-1-cluster-20221130000318900900000003,2346,
AML,AML-Solutions - autoflow,312551896394,test,312551896394:us-east-1:rubix-asg-autoflow-it-us-east-1-cluster-20221221225907298300000003,us-east-1,us-east-1a,t3.xlarge,USD,$0.03,$143.00,"5,760",30,33,,,8,8,Autoscale,t4g.small,20,21,$0.00,$99.78,70%,0,0,2,0,16,2,0,0,200320,autoflow-it-us-east-1-cluster,rubix-asg-autoflow-it-us-east-1-cluster-20221221225907298300000003,2366,
AML,AML-Solutions - autoflow,312551896394,test,312551896394:us-east-1:rubix-asg-autoflow-uat-us-east-1-cluster-20221222164703669900000003,us-east-1,us-east-1b,t3.xlarge,USD,$0.03,$232.00,"9,360",25,24,,,13,13,Autoscale,t4g.micro,49,51,$0.00,$180.66,78%,0,0,2,0,16,1,0,0,200320,autoflow-uat-us-east-1-cluster,rubix-asg-autoflow-uat-us-east-1-cluster-20221222164703669900000003,1224,
AML,AML-Solutions - autoflow,312551896394,test,312551896394:us-west-2:rubix-asg-autoflow-dev-us-west-2-cluster-20220420174205243800000003,us-west-2,us-west-2b,t3.xlarge,USD,$0.03,$107.00,"4,320",28,26,,,6,6,Autoscale,t4g.small,12,13,$0.00,$82.57,77%,0,0,2,0,16,2,0,0,200320,autoflow-dev-us-west-2-cluster,rubix-asg-autoflow-dev-us-west-2-cluster-20220420174205243800000003,2643,
AML,AML-Solutions - autoflow,312551896394,test,312551896394:us-west-2:rubix-asg-autoflow-it-us-west-2-cluster-20220801215916411800000003,us-west-2,us-west-2b,t3.xlarge,USD,$0.03,$143.00,"5,760",31,40,,,8,8,Autoscale,t4g.small,22,26,$0.00,$96.95,68%,0,0,2,0,16,2,0,0,200320,autoflow-it-us-west-2-cluster,rubix-asg-autoflow-it-us-west-2-cluster-20220801215916411800000003,2378,
AML,AML-Solutions - autoflow,312551896394,test,312551896394:us-west-2:rubix-asg-autoflow-uat-us-west-2-cluster-20220906205022167000000003,us-west-2,us-west-2b,m5n.8xlarge,USD,$0.32,"$2,337.00","8,197",5,15,,,11,13,Autoscale,x2gd.medium,8,17,$0.01,"$2,217.22",95%,0,0,32,1,128,16,0,0,200320,autoflow-uat-us-west-2-cluster,rubix-asg-autoflow-uat-us-west-2-cluster-20220906205022167000000003,100,
AML,AML-Solutions - autoflow,470611439475,prod,470611439475:us-east-1:rubix-asg-autoflow-prod-us-east-1-cluster-20220818223620833600000003,us-east-1,us-east-1c,m5n.8xlarge,USD,$0.32,"$2,042.00","7,200",3,8,,,10,10,Autoscale,x2gd.medium,6,12,$0.01,"$1,977.38",97%,0,0,32,1,128,16,0,0,200320,autoflow-prod-us-east-1-cluster,rubix-asg-autoflow-prod-us-east-1-cluster-20220818223620833600000003,108,
AML,AML-Solutions - autoflow,470611439475,prod,470611439475:us-west-2:rubix-asg-autoflow-prod-us-west-2-cluster-20220817041219613900000003,us-west-2,us-west-2b,m5n.8xlarge,USD,$0.32,"$3,064.00","10,800",5,13,,,15,15,Autoscale,x2gd.medium,8,27,$0.01,"$2,926.39",96%,0,0,32,1,128,16,0,0,200320,autoflow-prod-us-west-2-cluster,rubix-asg-autoflow-prod-us-west-2-cluster-20220817041219613900000003,64,
AML,AML-Solutions - autoflow,721738210667,prod,721738210667:us-east-1:rubix-asg-compliance-engine-prod-us-east-1-20220722223103554600000003,us-east-1,us-east-1b,m5n.8xlarge,USD,$0.32,"$1,021.00","3,600",9,11,,,5,5,Autoscale,x2gd.medium,4,14,$0.01,$978.31,96%,0,0,32,1,128,16,0,0,200358,compliance-engine-prod-us-east-1,rubix-asg-compliance-engine-prod-us-east-1-20220722223103554600000003,249,
AML,AML-Solutions - autoflow,721738210667,prod,721738210667:us-west-2:rubix-asg-compliance-engine-prod-us-west-2-20220722220608654400000003,us-west-2,us-west-2c,m5n.8xlarge,USD,$0.32,"$1,023.00","3,600",9,12,,,5,5,Autoscale,x2gd.medium,4,14,$0.01,$976.64,95%,0,0,32,1,128,16,0,0,200358,compliance-engine-prod-us-west-2,rubix-asg-compliance-engine-prod-us-west-2-20220722220608654400000003,250,
AML,AML-Solutions - okapi,513680123615,prod,513680123615:ap-southeast-1:eks-10bd8545-3c76-9cbe-46ac-6e857f823c45,ap-southeast-1,ap-southeast-1a,m5.4xlarge,USD,$0.16,$825.00,"5,760",7,100,,,8,8,Autoscale,r6g.xlarge,16,16,$0.04,$348.63,42%,0,0,16,4,64,32,0,1,103300,okapi-infra-r-prod-ap-southeast-1-eks-cluster,eks-10bd8545-3c76-9cbe-46ac-6e857f823c45,610,
AML,AML-Solutions - okapi,513680123615,prod,513680123615:eu-west-1:eks-aabd8545-6ff5-2cc4-f7f9-93f65003cb9c,eu-west-1,eu-west-1c,m5.4xlarge,USD,$0.15,"$1,011.00","7,920",7,100,,,11,11,Autoscale,x2gd.xlarge,11,11,$0.07,$472.79,47%,0,0,16,4,64,64,0,1,103300,okapi-infra-r-prod-eu-west-1-eks-cluster,eks-aabd8545-6ff5-2cc4-f7f9-93f65003cb9c,438,
AML,AML-Solutions - okapi,513680123615,prod,513680123615:us-east-1:eks-1cbd6022-54b4-df13-d915-c78bac7b881f,us-east-1,us-east-1a,m5.4xlarge,USD,$0.13,$906.00,"7,920",8,14,,,11,11,Autoscale,r6g.medium,12,15,$0.01,$825.85,91%,0,0,16,1,64,8,0,0,103300,okapi-infra-r-prod-us-east-1-eks-cluster,eks-1cbd6022-54b4-df13-d915-c78bac7b881f,311,
AML,AML-Solutions - okapi,513680123615,prod,513680123615:us-west-2:eks-60bd469b-6944-df06-0acb-4d057b069f36,us-west-2,us-west-2a,m5.12xlarge,USD,$0.39,"$5,194.00","15,127",28,43,,,21,26,Autoscale,x2gd.xlarge,21,87,$0.06,"$4,161.61",80%,0,0,48,4,192,64,0,0,103300,okapi-infra-r-prod-us-west-2-eks-cluster,eks-60bd469b-6944-df06-0acb-4d057b069f36,43,
AML,AML-Solutions - okapi,929780461754,dev,929780461754:ap-southeast-1:eks-a8bc33ae-3adc-fc9f-aa53-9c0474d48300,ap-southeast-1,ap-southeast-1c,m5.4xlarge,USD,$0.16,$206.00,"1,440",5,100,,,2,2,Autoscale,r6g.xlarge,4,4,$0.04,$87.21,42%,0,35,16,4,64,32,0,1,103300,okapi-infra-r-dev-ap-southeast-1-eks-cluster,eks-a8bc33ae-3adc-fc9f-aa53-9c0474d48300,2383,
AML,AML-Solutions - okapi,929780461754,dev,929780461754:eu-west-1:eks-90bc33ad-90b1-520c-1a29-047185f40f3a,eu-west-1,eu-west-1a,m5.4xlarge,USD,$0.15,$184.00,"1,440",5,100,,,2,2,Autoscale,x2gd.xlarge,2,2,$0.07,$86.02,47%,0,51,16,4,64,64,0,1,103300,okapi-infra-r-dev-eu-west-1-eks-cluster,eks-90bc33ad-90b1-520c-1a29-047185f40f3a,2400,
AML,AML-Solutions - okapi,929780461754,dev,929780461754:us-east-1:eks-40bc33ae-cdc7-aa3a-6222-ba10e2eba6af,us-east-1,us-east-1a,m5.12xlarge,USD,$0.39,$495.00,"1,440",3,3,,,2,2,Autoscale,r6g.medium,2,3,$0.01,$481.48,97%,0,0,48,1,192,8,0,0,103300,okapi-infra-r-dev-us-east-1-eks-cluster,eks-40bc33ae-cdc7-aa3a-6222-ba10e2eba6af,504,
AML,AML-Solutions - okapi,929780461754,dev,929780461754:us-west-2:eks-okapi-infra-r-dev-us-west-2-eks-cluster-ng-ffecf92-2abe4450-02c9-d435-4474-018d8583c81f,us-west-2,us-west-2c,m5.12xlarge,USD,$0.39,"$1,238.00","3,600",8,26,,,5,5,Autoscale,x2gd.medium,10,19,$0.01,"$1,095.83",89%,0,0,48,1,192,16,0,0,103300,okapi-infra-r-dev-us-west-2-eks-cluster,eks-okapi-infra-r-dev-us-west-2-eks-cluster-ng-ffecf92-2abe4450-02c9-d435-4474-018d8583c81f,229,
AML,AML-Solutions - search & social,32845213805,,032845213805:us-east-1:eks-pccp-mce-cp-1-30-node-group-26c0f56-0acae7e8-b15a-2543-5841-6483a5f0f644,us-east-1,us-east-1c,r6i.4xlarge,USD,$0.17,$170.00,993,4,2,,,3,3,Autoscale,r6g.medium,1,2,$0.01,$166.11,98%,0,0,16,1,128,8,0,0,,pccp-pccp-aml-social-prod-e-cluster-9a8991b,eks-pccp-mce-cp-1-30-node-group-26c0f56-0acae7e8-b15a-2543-5841-6483a5f0f644,1734,
AML,AML-Solutions - search & social,32845213805,,032845213805:us-east-1:eks-pccp-mce-cp-1-31-node-group-4b490d5-a8cbb2a7-b88e-a53e-44d0-9ee9c960ecad,us-east-1,us-east-1c,r6i.4xlarge,USD,$0.17,$155.00,"1,170",4,1,,,3,3,Autoscale,r6g.medium,1,2,$0.01,$151.50,98%,0,0,16,1,128,8,0,0,,pccp-pccp-aml-social-prod-e-cluster-9a8991b,eks-pccp-mce-cp-1-31-node-group-4b490d5-a8cbb2a7-b88e-a53e-44d0-9ee9c960ecad,1420,
AML,AML-Solutions - search & social,32845213805,,032845213805:us-east-1:eks-pccp-spk-exc-1-30-node-group-c4ce25f-7acae7e8-b0d6-c4c1-20bb-a2a481ab754b,us-east-1,us-east-1c,r6i.4xlarge,USD,$0.17,$170.00,993,8,39,,,3,3,Autoscale,x2gd.medium,10,10,$0.01,$123.03,72%,0,0,16,1,128,16,0,0,,pccp-pccp-aml-social-prod-e-cluster-9a8991b,eks-pccp-spk-exc-1-30-node-group-c4ce25f-7acae7e8-b0d6-c4c1-20bb-a2a481ab754b,2351,
AML,AML-Solutions - search & social,32845213805,,032845213805:us-east-1:eks-pccp-spk-exc-1-31-node-group-2723d83-b4cbb2a7-bb8c-d693-1281-69292c024306,us-east-1,us-east-1b,r6i.4xlarge,USD,$0.17,$155.00,"1,169",11,44,,,2,3,Autoscale,x2gd.medium,8,9,$0.01,$108.12,70%,0,0,16,1,128,16,0,0,,pccp-pccp-aml-social-prod-e-cluster-9a8991b,eks-pccp-spk-exc-1-31-node-group-2723d83-b4cbb2a7-bb8c-d693-1281-69292c024306,1980,
AML,AML-Solutions - search & social,32845213805,prod,032845213805:us-east-1:rubix-asg-rubix-aml-social-east1-cluster-20220728194848615600000005,us-east-1,us-east-1a,r5.2xlarge,USD,$0.09,$162.00,"2,172",34,39,,,3,7,Autoscale,r6g.medium,4,17,$0.01,$121.70,75%,0,0,8,1,64,8,0,0,aml_solutions,rubix-aml-social-east1-cluster,rubix-asg-rubix-aml-social-east1-cluster-20220728194848615600000005,2100,
AML,AML-Solutions - search & social,32845213805,prod,032845213805:us-west-2:rubix-asg-rubix-aml-social-prod-cluster-20220808203726414700000005,us-west-2,us-west-2c,r5.2xlarge,USD,$0.09,$108.00,"1,444",71,93,,,2,4,Autoscale,r6g.medium,2,15,$0.01,$47.82,44%,0,0,8,1,64,8,0,0,aml_solutions,rubix-aml-social-prod-cluster,rubix-asg-rubix-aml-social-prod-cluster-20220808203726414700000005,3154,
AML,AML-Solutions - search & social,32845213805,prod,032845213805:us-west-2:rubix-asg-rubix-aml-social-prod-cluster-20220808203726417200000006,us-west-2,us-west-2a,r5.4xlarge,USD,$0.17,"$1,624.00","10,821",46,52,,,15,23,Autoscale,r6g.large,29,72,$0.02,"$1,010.21",62%,0,0,16,2,128,16,0,0,aml_solutions,rubix-aml-social-prod-cluster,rubix-asg-rubix-aml-social-prod-cluster-20220808203726417200000006,232,
AML,AML-Solutions - search & social,145098146431,test,145098146431:us-west-2:rubix-asg-rubix-aml-search-test-cluster-20210602215908830500000003,us-west-2,us-west-2a,r6g.xlarge,USD,$0.03,$43.00,"1,448",23,17,,,2,4,Autoscale,r6g.medium,1,4,$0.01,$35.29,81%,0,0,4,1,32,8,0,0,aml_solutions,rubix-aml-search-test-cluster,rubix-asg-rubix-aml-search-test-cluster-20210602215908830500000003,3835,
AML,AML-Solutions - search & social,145098146431,test,145098146431:us-west-2:rubix-asg-rubix-aml-search-test-cluster-20231219074511627000000004,us-west-2,us-west-2b,r5a.4xlarge,USD,$0.15,$194.00,"1,448",12,48,,,2,4,Autoscale,x2gd.medium,7,15,$0.01,$112.80,58%,0,0,16,1,128,16,0,0,aml_solutions,rubix-aml-search-test-cluster,rubix-asg-rubix-aml-search-test-cluster-20231219074511627000000004,2122,
AML,AML-Solutions - search & social,145098146431,test,145098146431:us-west-2:rubix-asg-rubix-aml-search-test-cluster-20240729180304473500000005,us-west-2,us-west-2c,r5a.xlarge,USD,$0.04,$73.00,"2,173",56,18,,,3,7,Autoscale,r6g.medium,2,14,$0.01,$59.01,81%,0,0,4,1,32,8,0,0,aml_solutions,rubix-aml-search-test-cluster,rubix-asg-rubix-aml-search-test-cluster-20240729180304473500000005,3080,
AML,AML-Solutions - search & social,145098146431,test,145098146431:us-west-2:rubix-asg-rubix-aml-search-test-cluster-20240730212330881700000003,us-west-2,us-west-2b,r5a.xlarge,USD,$0.04,$194.00,"5,792",91,37,,,8,16,Autoscale,r6g.medium,12,59,$0.01,$100.38,52%,0,0,4,1,32,8,0,0,aml_solutions,rubix-aml-search-test-cluster,rubix-asg-rubix-aml-search-test-cluster-20240730212330881700000003,2203,
AML,AML-Solutions - search & social,145098146431,test,145098146431:us-west-2:rubix-asg-rubix-aml-search-test-cluster-20240802161924879300000006,us-west-2,us-west-2c,r5a.xlarge,USD,$0.04,$24.00,724,50,8,,,1,2,Autoscale,c6g.medium,1,4,$0.01,$17.34,71%,0,0,4,1,32,2,0,0,aml_solutions,rubix-aml-search-test-cluster,rubix-asg-rubix-aml-search-test-cluster-20240802161924879300000006,4685,
AML,AML-Solutions - search & social,217091919216,,217091919216:us-east-1:eks-pccp-r6i-4xlarge-1-30-node-group-f03d383-eacb56b0-9136-2638-8c08-5dea2be327b6,us-east-1,us-east-1c,r6i.4xlarge,USD,$0.17,$222.00,"1,298",6,40,,,3,4,Autoscale,x2gd.medium,10,10,$0.01,$175.17,79%,0,0,16,1,128,16,0,0,,pccp-aml-search-e-prod-dp-cluster,eks-pccp-r6i-4xlarge-1-30-node-group-f03d383-eacb56b0-9136-2638-8c08-5dea2be327b6,1633,
AML,AML-Solutions - search & social,217091919216,,217091919216:us-east-1:eks-pccp-r6i-4xlarge-1-31-node-group-9b437e0-fecbb28a-957f-2832-35b1-788abd704fb6,us-east-1,us-east-1c,r6i.4xlarge,USD,$0.17,$156.00,"1,174",10,38,,,3,4,Autoscale,x2gd.medium,8,10,$0.01,$107.92,69%,0,0,16,1,128,16,0,0,,pccp-aml-search-e-prod-dp-cluster,eks-pccp-r6i-4xlarge-1-31-node-group-9b437e0-fecbb28a-957f-2832-35b1-788abd704fb6,1981,
AML,AML-Solutions - search & social,217091919216,prod,217091919216:us-east-1:rubix-asg-rubix-aml-search-east1-cluster-2024102909434443060000000a,us-east-1,us-east-1b,r5a.4xlarge,USD,$0.15,$97.00,720,12,3,,,1,1,Autoscale,c6g.medium,1,3,$0.01,$92.28,95%,0,63,16,1,128,2,0,0,aml_solutions,rubix-aml-search-east1-cluster,rubix-asg-rubix-aml-search-east1-cluster-2024102909434443060000000a,2471,
AML,AML-Solutions - search & social,217091919216,prod,217091919216:us-east-1:rubix-asg-rubix-aml-search-east1-cluster-2024102909434443560000000b,us-east-1,us-east-1c,r5a.4xlarge,USD,$0.15,$486.00,"3,605",8,3,,,5,10,Autoscale,r6g.medium,2,13,$0.01,$466.67,96%,0,0,16,1,128,8,0,0,aml_solutions,rubix-aml-search-east1-cluster,rubix-asg-rubix-aml-search-east1-cluster-2024102909434443560000000b,514,
AML,AML-Solutions - search & social,217091919216,prod,217091919216:us-east-1:rubix-asg-rubix-aml-search-east1-cluster-20220729000520587000000003,us-east-1,us-east-1c,r5a.xlarge,USD,$0.04,$24.00,721,24,4,,,1,2,Autoscale,c6g.medium,1,2,$0.01,$20.10,83%,0,0,4,1,32,2,0,0,aml_solutions,rubix-aml-search-east1-cluster,rubix-asg-rubix-aml-search-east1-cluster-20220729000520587000000003,4502,
AML,AML-Solutions - search & social,217091919216,prod,217091919216:us-east-1:rubix-asg-rubix-aml-search-east1-cluster-20240819201943463900000004,us-east-1,us-east-1a,r5a.xlarge,USD,$0.04,$73.00,"2,164",55,35,,,3,6,Autoscale,x2gd.medium,2,14,$0.01,$47.74,66%,0,0,4,1,32,16,0,1,aml_solutions,rubix-aml-search-east1-cluster,rubix-asg-rubix-aml-search-east1-cluster-20240819201943463900000004,3216,
AML,AML-Solutions - search & social,217091919216,prod,217091919216:us-east-1:rubix-asg-rubix-aml-search-east1-cluster-20241029094344424400000009,us-east-1,us-east-1b,r5a.xlarge,USD,$0.04,$24.00,721,25,4,,,1,2,Autoscale,c6g.medium,1,2,$0.01,$20.10,83%,0,0,4,1,32,2,0,0,aml_solutions,rubix-aml-search-east1-cluster,rubix-asg-rubix-aml-search-east1-cluster-20241029094344424400000009,4504,
AML,AML-Solutions - search & social,217091919216,prod,217091919216:us-west-2:rubix-asg-rubix-aml-search-prod-cluster-20210927155401889400000003,us-west-2,us-west-2a,r5a.xlarge,USD,$0.04,$49.00,"1,442",50,28,,,2,4,Autoscale,r6g.medium,1,7,$0.01,$37.81,78%,0,0,4,1,32,8,0,0,aml_solutions,rubix-aml-search-prod-cluster,rubix-asg-rubix-aml-search-prod-cluster-20210927155401889400000003,3672,
AML,AML-Solutions - search & social,217091919216,prod,217091919216:us-west-2:rubix-asg-rubix-aml-search-prod-cluster-20240131091600626900000005,us-west-2,us-west-2c,r5a.4xlarge,USD,$0.15,$97.00,720,15,55,,,1,1,Autoscale,x2gd.large,2,3,$0.03,$39.74,41%,0,0,16,2,128,32,0,0,aml_solutions,rubix-aml-search-prod-cluster,rubix-asg-rubix-aml-search-prod-cluster-20240131091600626900000005,3348,
AML,AML-Solutions - search & social,217091919216,prod,217091919216:us-west-2:rubix-asg-rubix-aml-search-prod-cluster-20240507213034793200000005,us-west-2,us-west-2c,r5a.xlarge,USD,$0.04,$26.00,773,99,92,,,1,2,Autoscale,r6g.medium,2,6,$0.01,$3.42,13%,0,0,4,1,32,8,0,0,aml_solutions,rubix-aml-search-prod-cluster,rubix-asg-rubix-aml-search-prod-cluster-20240507213034793200000005,5297,
AML,AML-Solutions - search & social,217091919216,prod,217091919216:us-west-2:rubix-asg-rubix-aml-search-prod-cluster-20240820162706237200000006,us-west-2,us-west-2a,r5a.xlarge,USD,$0.04,$138.00,"4,137",46,28,,,5,9,Autoscale,r6g.medium,6,17,$0.01,$98.48,71%,0,0,4,1,32,8,0,0,aml_solutions,rubix-aml-search-prod-cluster,rubix-asg-rubix-aml-search-prod-cluster-20240820162706237200000006,2374,
AML,AML-Solutions - search & social,217091919216,prod,217091919216:us-west-2:rubix-asg-rubix-aml-search-prod-cluster-20240904184022047900000007,us-west-2,us-west-2a,r5a.4xlarge,USD,$0.15,$485.00,"3,605",78,59,,,5,10,Autoscale,r6g.xlarge,10,32,$0.03,$182.37,38%,0,0,16,4,128,32,0,0,aml_solutions,rubix-aml-search-prod-cluster,rubix-asg-rubix-aml-search-prod-cluster-20240904184022047900000007,1061,
AML,AML-Solutions - search & social,280879133430,dev,280879133430:us-west-2:rubix-asg-rubix-aml-search-dev-cluster-20240103113001602000000004,us-west-2,us-west-2a,r5a.4xlarge,USD,$0.15,$0.00,1,3,1,,,1,1,Autoscale,c6g.medium,1,1,$0.01,$0.02,80%,0,0,16,1,128,2,0,0,aml_solutions,rubix-aml-search-dev-cluster,rubix-asg-rubix-aml-search-dev-cluster-20240103113001602000000004,5724,
AML,AML-Solutions - search & social,280879133430,dev,280879133430:us-west-2:rubix-asg-rubix-aml-search-dev-cluster-20240712212004399300000006,us-west-2,us-west-2a,r5a.xlarge,USD,$0.04,$73.00,"2,175",61,23,,,3,7,Autoscale,m6g.medium,3,15,$0.01,$50.17,69%,0,0,4,1,32,4,0,0,aml_solutions,rubix-aml-search-dev-cluster,rubix-asg-rubix-aml-search-dev-cluster-20240712212004399300000006,3192,
AML,AML-Solutions - search & social,280879133430,dev,280879133430:us-west-2:rubix-asg-rubix-aml-search-dev-cluster-20240712212004400100000007,us-west-2,us-west-2a,r5a.xlarge,USD,$0.04,$86.00,"2,513",77,33,,,3,8,Autoscale,r6g.medium,5,25,$0.01,$48.12,56%,0,0,4,1,32,8,0,0,aml_solutions,rubix-aml-search-dev-cluster,rubix-asg-rubix-aml-search-dev-cluster-20240712212004400100000007,3205,
AML,AML-Solutions - search & social,765065972984,prod,765065972984:us-east-1:eks-shuriv2-mgmt-prod-use1-general-84ca7740-620e-0d3e-66dd-d32a1e443296,us-east-1,us-east-1c,m7i.16xlarge,USD,$0.55,"$1,039.00","2,160",4,3,,,3,3,Autoscale,m6g.medium,6,8,$0.01,"$1,008.41",97%,0,0,64,1,256,4,0,0,172567,aml2984-shuriv2-mgmt-prod-use1,eks-shuriv2-mgmt-prod-use1-general-84ca7740-620e-0d3e-66dd-d32a1e443296,245,
AML,AML-Solutions - search & social,765065972984,prod,765065972984:us-east-1:eks-shuriv2-mgmt-prod-use1-platform-3ccae88e-788b-80d8-a47c-d180c4282210,us-east-1,us-east-1d,c7i.24xlarge,USD,$0.73,"$1,381.00","2,160",3,4,,,3,3,Autoscale,r6g.medium,3,8,$0.01,"$1,362.10",99%,0,66,96,1,192,8,0,0,172567,aml2984-shuriv2-mgmt-prod-use1,eks-shuriv2-mgmt-prod-use1-platform-3ccae88e-788b-80d8-a47c-d180c4282210,184,
AML,AML-Solutions - search & social,765065972984,prod,765065972984:us-east-1:eks-shuriv2-shared-prod-use1-general-3cca77c1-c466-725d-9a34-394afff99fed,us-east-1,us-east-1b,c7i.24xlarge,USD,$0.73,"$1,386.00","2,184",3,5,,,3,10,Autoscale,m6g.medium,7,27,$0.01,"$1,348.51",97%,0,0,96,1,192,4,0,0,172567,aml2984-shuriv2-shared-prod-use1,eks-shuriv2-shared-prod-use1-general-3cca77c1-c466-725d-9a34-394afff99fed,186,
AML,AML-Solutions - search & social,765065972984,prod,765065972984:us-east-1:eks-shuriv2-shared-prod-use1-platform-30cae886-807e-d181-9ed2-8fba4c85cc81,us-east-1,us-east-1d,c7i.24xlarge,USD,$0.73,"$1,388.00","2,191",2,3,,,3,12,Autoscale,r6g.medium,2,19,$0.01,"$1,372.67",99%,0,74,96,1,192,8,0,0,172567,aml2984-shuriv2-shared-prod-use1,eks-shuriv2-shared-prod-use1-platform-30cae886-807e-d181-9ed2-8fba4c85cc81,178,
AML,AML-Solutions - search & social,765065972984,prod,765065972984:us-west-2:eks-shuriv2-groundcover-prod-usw2-general-b6cb5a06-30b2-5a52-b64b-cd1d649ee65a,us-west-2,us-west-2b,r6a.8xlarge,USD,$0.31,$780.00,"2,880",14,5,,,4,4,Autoscale,m6g.large,5,10,$0.01,$716.33,92%,0,0,32,2,256,8,0,0,172567,aml2984-shuriv2-groundcover-prodw2,eks-shuriv2-groundcover-prod-usw2-general-b6cb5a06-30b2-5a52-b64b-cd1d649ee65a,340,
AML,AML-Solutions - search & social,765065972984,prod,765065972984:us-west-2:eks-shuriv2-mgmt-prod-usw2-general-60cad4ee-3ee1-cccb-9fe6-3bae0ba5e11a,us-west-2,us-west-2c,m7i.16xlarge,USD,$0.55,"$1,040.00","2,160",3,7,,,3,3,Autoscale,r6g.medium,7,7,$0.01,$996.49,96%,0,0,64,1,256,8,0,0,172567,aml2984-shuriv2-mgmt-prod-usw2,eks-shuriv2-mgmt-prod-usw2-general-60cad4ee-3ee1-cccb-9fe6-3bae0ba5e11a,248,
AML,AML-Solutions - search & social,765065972984,prod,765065972984:us-west-2:eks-shuriv2-mgmt-prod-usw2-platform-26cae886-fb53-c6a2-201b-30861a38af0b,us-west-2,us-west-2c,c7i.24xlarge,USD,$0.73,"$1,381.00","2,160",3,4,,,3,3,Autoscale,r6g.medium,3,9,$0.01,"$1,361.76",99%,0,40,96,1,192,8,0,0,172567,aml2984-shuriv2-mgmt-prod-usw2,eks-shuriv2-mgmt-prod-usw2-platform-26cae886-fb53-c6a2-201b-30861a38af0b,185,
AML,AML-Solutions - search & social,765065972984,prod,765065972984:us-west-2:eks-shuriv2-shared-prod-usw2-general-2cca9baf-f3da-2119-7db4-9e28869ec6a8,us-west-2,us-west-2a,c7i.24xlarge,USD,$0.73,"$1,380.00","2,160",8,15,,,3,3,Autoscale,m6g.large,7,12,$0.01,"$1,297.72",94%,0,0,96,2,192,8,0,0,172567,aml2984-shuriv2-shared-prod-usw2,eks-shuriv2-shared-prod-usw2-general-2cca9baf-f3da-2119-7db4-9e28869ec6a8,195,
AML,AML-Solutions - search & social,765065972984,prod,765065972984:us-west-2:eks-shuriv2-shared-prod-usw2-platform-12cae87d-8e98-a3ac-2adc-1107d2b02bbb,us-west-2,us-west-2c,c7i.24xlarge,USD,$0.73,"$1,380.00","2,160",10,5,,,3,3,Autoscale,m6g.xlarge,2,8,$0.03,"$1,341.88",97%,0,0,96,4,192,16,0,0,172567,aml2984-shuriv2-shared-prod-usw2,eks-shuriv2-shared-prod-usw2-platform-12cae87d-8e98-a3ac-2adc-1107d2b02bbb,189,
AML,AML-Solutions - search & social,942417685244,dev,942417685244:us-west-2:rubix-asg-rubix-aml-social-dev-cluster-20210518211905885600000003,us-west-2,us-west-2b,(multiple),USD,$0.02,$48.00,"2,824",52,36,,,2,11,Autoscale,r6g.medium,2,12,$0.01,$32.45,68%,0,0,2,1,16,8,1,1,aml_solutions,rubix-aml-social-dev-cluster,rubix-asg-rubix-aml-social-dev-cluster-20210518211905885600000003,3966,
AML,AML-Solutions - search & social,942417685244,dev,942417685244:us-west-2:rubix-asg-rubix-aml-social-dev-cluster-20220325202609711800000004,us-west-2,us-west-2a,(multiple),USD,$0.08,$485.00,"6,746",42,36,,,10,20,Autoscale,x2gd.medium,12,64,$0.01,$339.69,70%,0,0,8,1,64,16,0,0,aml_solutions,rubix-aml-social-dev-cluster,rubix-asg-rubix-aml-social-dev-cluster-20220325202609711800000004,761,
AML,Arcadia,163530609390,prod,163530609390:us-east-1:rubix-asg-va1016-aml-dhari-rubix-01-20240701165340232400000003,us-east-1,us-east-1c,r6a.8xlarge,USD,$0.31,"$5,453.00","20,160",10,22,,,28,28,Autoscale,x2gd.medium,68,100,$0.01,"$4,482.71",82%,0,0,32,1,256,16,0,0,aml-dhari-arcadia-nr,va1016-aml-dhari-rubix-01,rubix-asg-va1016-aml-dhari-rubix-01-20240701165340232400000003,39,
AML,Arcadia,163530609390,prod,163530609390:us-east-1:rubix-asg-va1016-aml-dhari-rubix-02-20240807004510191600000003,us-east-1,us-east-1b,r6a.8xlarge,USD,$0.31,"$5,454.00","20,160",11,22,,,28,28,Autoscale,x2gd.medium,69,100,$0.01,"$4,485.07",82%,0,0,32,1,256,16,0,0,aml-dhari-arcadia-nr,va1016-aml-dhari-rubix-02,rubix-asg-va1016-aml-dhari-rubix-02-20240807004510191600000003,38,
AML,Arcadia,163530609390,prod,163530609390:us-east-1:rubix-asg-va1016-aml-dhari-rubix-04-20240918183713697300000003,us-east-1,us-east-1d,r6a.8xlarge,USD,$0.31,"$1,168.00","4,320",4,6,,,6,6,Autoscale,x2gd.medium,4,9,$0.01,"$1,105.25",95%,0,0,32,1,256,16,0,0,aml-dhari-arcadia-nr,va1016-aml-dhari-rubix-04,rubix-asg-va1016-aml-dhari-rubix-04-20240918183713697300000003,228,
AML,Arcadia,163530609390,prod,163530609390:us-west-2:rubix-asg-arcadia-astra-eks-01-20240826091750051000000003,us-west-2,us-west-2b,m5.2xlarge,USD,$0.07,$145.00,"2,660",19,19,,,3,8,Autoscale,r6g.medium,2,12,$0.01,$126.28,87%,0,0,8,1,32,8,0,0,31266,arcadia-astra-eks-01,rubix-asg-arcadia-astra-eks-01-20240826091750051000000003,1941,
AML,Arcadia,163530609390,prod,163530609390:us-west-2:rubix-asg-arcadia-astra-eks-02-20250401063720808300000003,us-west-2,us-west-2c,m5.2xlarge,USD,$0.07,$124.00,"2,162",12,5,,,3,5,Autoscale,r6g.medium,1,5,$0.01,$115.29,93%,0,0,8,1,32,8,0,0,31266,arcadia-astra-eks-02,rubix-asg-arcadia-astra-eks-02-20250401063720808300000003,2181,
AML,Arcadia,163530609390,prod,163530609390:us-west-2:rubix-asg-arcadia-astra-staging-eks-03-20250401054130002200000003,us-west-2,us-west-2c,m5.2xlarge,USD,$0.07,$124.00,"2,160",16,15,,,3,3,Autoscale,m6g.medium,3,4,$0.01,$108.16,87%,0,0,8,1,32,4,0,0,31266,arcadia-astra-staging-eks-03,rubix-asg-arcadia-astra-staging-eks-03-20250401054130002200000003,2278,
AML,Arcadia,163530609390,prod,163530609390:us-west-2:rubix-asg-arcadia-automation-eks-01-20240717192708907300000003,us-west-2,us-west-2b,t3.xlarge,USD,$0.03,$54.00,"2,160",34,18,,,3,3,Autoscale,t4g.micro,9,9,$0.00,$44.38,83%,0,0,2,0,16,1,0,0,31266,arcadia-automation-eks-01,rubix-asg-arcadia-automation-eks-01-20240717192708907300000003,3396,
AML,Arcadia,163530609390,prod,163530609390:us-west-2:rubix-asg-arcadia-nr-prod-mcp-20240524192007648800000003,us-west-2,us-west-2c,m5.4xlarge,USD,$0.13,$314.00,"2,542",27,14,,,3,8,Autoscale,m6g.large,3,18,$0.01,$278.70,89%,0,0,16,2,64,8,0,0,31266,arcadia-nr-prod-mcp,rubix-asg-arcadia-nr-prod-mcp-20240524192007648800000003,866,
AML,Arcadia,163530609390,prod,163530609390:us-west-2:rubix-asg-og1016-airflow-eks-10-20240618122512478000000007,us-west-2,us-west-2c,m6i.2xlarge,USD,$0.07,$41.00,720,19,13,,,1,1,Autoscale,m6g.medium,1,2,$0.01,$36.36,88%,0,0,8,1,32,4,0,0,31266,og1016-airflow-eks-10,rubix-asg-og1016-airflow-eks-10-20240618122512478000000007,3806,
AML,Arcadia,163530609390,prod,163530609390:us-west-2:rubix-asg-og1016-airflow-eks-10-20240618122512480200000008,us-west-2,us-west-2c,m6i.2xlarge,USD,$0.07,$247.00,"4,321",84,33,,,6,7,Autoscale,m6g.large,6,21,$0.01,$160.03,65%,0,0,8,2,32,8,0,0,31266,og1016-airflow-eks-10,rubix-asg-og1016-airflow-eks-10-20240618122512480200000008,1439,
AML,Arcadia,163530609390,prod,163530609390:us-west-2:rubix-asg-og1016-airflow-eks-10-20240618122512480400000009,us-west-2,us-west-2c,m6i.2xlarge,USD,$0.07,$206.00,"3,600",38,17,,,5,5,Autoscale,c6g.medium,13,16,$0.01,$147.09,71%,0,0,8,1,32,2,0,0,31266,og1016-airflow-eks-10,rubix-asg-og1016-airflow-eks-10-20240618122512480400000009,1630,
AML,Arcadia,163530609390,prod,163530609390:us-west-2:rubix-asg-og1016-aml-aulos-spark-eks-01-20240802043135571700000003,us-west-2,us-west-2b,r6i.8xlarge,USD,$0.34,"$17,748.00","59,539",11,57,,,80,144,Autoscale,x2gd.large,298,377,$0.03,"$10,595.04",60%,0,0,32,2,256,32,0,0,aml-aulos-spark-arcadia-nr,og1016-aml-aulos-spark-eks-01,rubix-asg-og1016-aml-aulos-spark-eks-01-20240802043135571700000003,12,
AML,Arcadia,163530609390,prod,163530609390:us-west-2:rubix-asg-og1016-aml-dhari-rubix-01-20240122200153865600000003,us-west-2,us-west-2c,r6a.8xlarge,USD,$0.31,"$5,456.00","20,160",20,23,,,28,28,Autoscale,x2gd.large,35,91,$0.03,"$4,444.04",81%,0,0,32,2,256,32,0,0,aml-dhari-arcadia-nr,og1016-aml-dhari-rubix-01,rubix-asg-og1016-aml-dhari-rubix-01-20240122200153865600000003,41,
AML,Arcadia,163530609390,prod,163530609390:us-west-2:rubix-asg-og1016-aml-dhari-rubix-02-20240122200111916000000003,us-west-2,us-west-2a,r6a.8xlarge,USD,$0.31,"$5,456.00","20,162",21,23,,,28,29,Autoscale,x2gd.large,36,94,$0.03,"$4,445.26",81%,0,0,32,2,256,32,0,0,aml-dhari-arcadia-nr,og1016-aml-dhari-rubix-02,rubix-asg-og1016-aml-dhari-rubix-02-20240122200111916000000003,40,
AML,Arcadia,163530609390,prod,163530609390:us-west-2:rubix-asg-og1016-aml-dhari-rubix-03-20240404180449588200000003,us-west-2,us-west-2b,r6a.8xlarge,USD,$0.31,"$1,948.00","7,200",4,4,,,10,10,Autoscale,x2gd.medium,5,12,$0.01,"$1,867.87",96%,0,0,32,1,256,16,0,0,aml-dhari-arcadia-nr,og1016-aml-dhari-rubix-03,rubix-asg-og1016-aml-dhari-rubix-03-20240404180449588200000003,123,
AML,Arcadia,163530609390,prod,163530609390:us-west-2:rubix-asg-og1016-aml-dhari-rubix-04-20240918182948286600000003,us-west-2,us-west-2a,r6a.8xlarge,USD,$0.31,$585.00,"2,160",5,14,,,3,3,Autoscale,x2gd.medium,4,7,$0.01,$513.70,88%,0,0,32,1,256,16,0,0,aml-dhari-arcadia-nr,og1016-aml-dhari-rubix-04,rubix-asg-og1016-aml-dhari-rubix-04-20240918182948286600000003,460,
AML,Arcadia,163530609390,prod,163530609390:us-west-2:rubix-asg-og1016-aml-trinity-01-20240313153451839400000003,us-west-2,us-west-2a,r6a.8xlarge,USD,$0.31,"$1,749.00","6,410",31,6,,,8,20,Autoscale,r6g.medium,12,80,$0.01,"$1,644.04",94%,0,0,32,1,256,8,0,0,aml-trinity-arcadia-main,og1016-aml-trinity-01,rubix-asg-og1016-aml-trinity-01-20240313153451839400000003,151,
AML,Arcadia,163530609390,prod,163530609390:us-west-2:rubix-asg-og1016-data-portal-eks-01-20240612171101020800000003,us-west-2,us-west-2a,m5.large,USD,$0.02,$103.00,"7,200",54,31,,,10,10,Autoscale,m6g.medium,6,11,$0.01,$69.84,68%,0,0,2,1,8,4,1,1,31266,og1016-data-portal-eks-01,rubix-asg-og1016-data-portal-eks-01-20240612171101020800000003,2825,
AML,Arcadia,163530609390,prod,163530609390:us-west-2:rubix-asg-og1016-guardian-eks-10-20240531092454063300000003,us-west-2,us-west-2b,m5.metal,USD,$0.78,"$1,980.00","2,880",7,3,,,4,4,Autoscale,r6g.large,3,14,$0.02,"$1,940.74",98%,0,1,96,2,384,16,0,0,31266,og1016-guardian-eks-10,rubix-asg-og1016-guardian-eks-10-20240531092454063300000003,112,
AML,Arcadia,163530609390,prod,163530609390:us-west-2:rubix-asg-og1016-hms-platform-eks-10-20240604192423075700000003,us-west-2,us-west-2b,m5.4xlarge,USD,$0.13,$247.00,"2,160",11,71,,,3,3,Autoscale,x2gd.medium,8,9,$0.01,$160.93,65%,0,0,16,1,64,16,0,0,31266,og1016-hms-platform-eks-10,rubix-asg-og1016-hms-platform-eks-10-20240604192423075700000003,1425,
AML,Arcadia,163530609390,prod,163530609390:us-west-2:rubix-asg-og1016-irc-eks-10-20240606024321012100000003,us-west-2,us-west-2a,m5.4xlarge,USD,$0.13,$379.00,"3,281",36,14,,,4,8,Autoscale,r6g.large,3,18,$0.02,$340.88,90%,0,0,16,2,64,16,0,0,31266,og1016-irc-eks-10,rubix-asg-og1016-irc-eks-10-20240606024321012100000003,747,
AML,Arcadia,163530609390,prod,163530609390:us-west-2:rubix-asg-og1016-jupyter-eks-10-20240618093959438300000003,us-west-2,us-west-2b,m5.2xlarge,USD,$0.07,$237.00,"4,181",25,21,,,3,13,Autoscale,r6g.medium,3,19,$0.01,$200.96,85%,0,0,8,1,32,8,0,0,31266,og1016-jupyter-eks-10,rubix-asg-og1016-jupyter-eks-10-20240618093959438300000003,1143,
AML,Arcadia,163530609390,prod,163530609390:us-west-2:rubix-asg-og1016-kafka-10-eks-20240531113128224800000007,us-west-2,us-west-2c,r5n.4xlarge,USD,$0.20,"$2,816.00","15,840",23,8,,,22,22,Autoscale,r6g.medium,30,83,$0.01,"$2,612.57",93%,0,0,16,1,128,8,0,0,31266,og1016-kafka-10-eks,rubix-asg-og1016-kafka-10-eks-20240531113128224800000007,78,
AML,Arcadia,163530609390,prod,163530609390:us-west-2:rubix-asg-og1016-kafka-10-eks-20240531113128225300000008,us-west-2,us-west-2c,r5n.4xlarge,USD,$0.20,"$2,816.00","15,840",23,9,,,22,22,Autoscale,r6g.medium,30,81,$0.01,"$2,611.27",93%,0,0,16,1,128,8,0,0,31266,og1016-kafka-10-eks,rubix-asg-og1016-kafka-10-eks-20240531113128225300000008,79,
AML,Arcadia,163530609390,prod,163530609390:us-west-2:rubix-asg-og1016-kafka-10-eks-20240531113128226300000009,us-west-2,us-west-2c,r5n.4xlarge,USD,$0.20,"$2,816.00","15,840",22,8,,,22,22,Autoscale,r6g.medium,27,76,$0.01,"$2,629.86",93%,0,0,16,1,128,8,0,0,31266,og1016-kafka-10-eks,rubix-asg-og1016-kafka-10-eks-20240531113128226300000009,77,
AML,Arcadia,163530609390,prod,163530609390:us-west-2:rubix-asg-og1016-kafka-11-eks-20240603065417366500000007,us-west-2,us-west-2a,r5n.4xlarge,USD,$0.20,$384.00,"2,160",8,6,,,3,3,Autoscale,r6g.medium,3,5,$0.01,$364.18,95%,0,0,16,1,128,8,0,0,31266,og1016-kafka-11-eks,rubix-asg-og1016-kafka-11-eks-20240603065417366500000007,679,
AML,Arcadia,163530609390,prod,163530609390:us-west-2:rubix-asg-og1016-kafka-11-eks-20240603065417366500000008,us-west-2,us-west-2c,r5n.4xlarge,USD,$0.20,$384.00,"2,160",8,7,,,3,3,Autoscale,r6g.xlarge,1,1,$0.03,$358.92,94%,0,0,16,4,128,32,0,0,31266,og1016-kafka-11-eks,rubix-asg-og1016-kafka-11-eks-20240603065417366500000008,691,
AML,Arcadia,163530609390,prod,163530609390:us-west-2:rubix-asg-og1016-kafka-11-eks-20240603065417367600000009,us-west-2,us-west-2b,r5n.4xlarge,USD,$0.20,$384.00,"2,160",8,8,,,3,3,Autoscale,r6g.xlarge,1,1,$0.03,$358.92,94%,0,0,16,4,128,32,0,0,31266,og1016-kafka-11-eks,rubix-asg-og1016-kafka-11-eks-20240603065417367600000009,690,
AML,Arcadia,163530609390,prod,163530609390:us-west-2:rubix-asg-og1016-kafka-12-eks-20240619081755039900000007,us-west-2,us-west-2c,r5n.4xlarge,USD,$0.20,"$2,816.00","15,840",10,8,,,22,22,Autoscale,r6g.medium,27,36,$0.01,"$2,641.66",94%,0,0,16,1,128,8,0,0,31266,og1016-kafka-12-eks,rubix-asg-og1016-kafka-12-eks-20240619081755039900000007,73,
AML,Arcadia,163530609390,prod,163530609390:us-west-2:rubix-asg-og1016-kafka-12-eks-20240619081755039900000008,us-west-2,us-west-2c,r5n.4xlarge,USD,$0.20,"$2,816.00","15,840",11,8,,,22,22,Autoscale,r6g.medium,29,38,$0.01,"$2,634.33",94%,0,0,16,1,128,8,0,0,31266,og1016-kafka-12-eks,rubix-asg-og1016-kafka-12-eks-20240619081755039900000008,75,
AML,Arcadia,163530609390,prod,163530609390:us-west-2:rubix-asg-og1016-kafka-12-eks-20240619081755040600000009,us-west-2,us-west-2b,r5n.4xlarge,USD,$0.20,"$2,816.00","15,841",10,7,,,22,23,Autoscale,r6g.medium,26,37,$0.01,"$2,650.54",94%,0,0,16,1,128,8,0,0,31266,og1016-kafka-12-eks,rubix-asg-og1016-kafka-12-eks-20240619081755040600000009,72,
AML,Arcadia,163530609390,prod,163530609390:us-west-2:rubix-asg-og1016-kafka-13-eks-20240701095020543300000007,us-west-2,us-west-2c,r5n.4xlarge,USD,$0.20,$384.00,"2,160",9,11,,,3,3,Autoscale,x2gd.medium,3,5,$0.01,$350.36,91%,0,0,16,1,128,16,0,0,31266,og1016-kafka-13-eks,rubix-asg-og1016-kafka-13-eks-20240701095020543300000007,727,
AML,Arcadia,163530609390,prod,163530609390:us-west-2:rubix-asg-og1016-kafka-13-eks-20240701095020546000000008,us-west-2,us-west-2a,r5n.4xlarge,USD,$0.20,$384.00,"2,160",7,3,,,3,3,Autoscale,r6g.medium,2,4,$0.01,$369.13,96%,0,0,16,1,128,8,0,0,31266,og1016-kafka-13-eks,rubix-asg-og1016-kafka-13-eks-20240701095020546000000008,673,
AML,Arcadia,163530609390,prod,163530609390:us-west-2:rubix-asg-og1016-kafka-13-eks-20240701095020548000000009,us-west-2,us-west-2c,r5n.4xlarge,USD,$0.20,$384.00,"2,160",8,8,,,3,3,Autoscale,r6g.xlarge,1,1,$0.03,$359.12,94%,0,0,16,4,128,32,0,0,31266,og1016-kafka-13-eks,rubix-asg-og1016-kafka-13-eks-20240701095020548000000009,689,
AML,Arcadia,163530609390,prod,163530609390:us-west-2:rubix-asg-og1016-kafka-14-eks-20241114064023094900000007,us-west-2,us-west-2a,r5n.4xlarge,USD,$0.20,$384.00,"2,160",9,8,,,3,3,Autoscale,r6g.medium,4,5,$0.01,$359.41,94%,0,0,16,1,128,8,0,0,31266,og1016-kafka-14-eks,rubix-asg-og1016-kafka-14-eks-20241114064023094900000007,693,
AML,Arcadia,163530609390,prod,163530609390:us-west-2:rubix-asg-og1016-kafka-14-eks-20241114064023094900000008,us-west-2,us-west-2c,r5n.4xlarge,USD,$0.20,$384.00,"2,160",8,7,,,3,3,Autoscale,r6g.xlarge,1,1,$0.03,$359.52,94%,0,0,16,4,128,32,0,0,31266,og1016-kafka-14-eks,rubix-asg-og1016-kafka-14-eks-20241114064023094900000008,688,
AML,Arcadia,163530609390,prod,163530609390:us-west-2:rubix-asg-og1016-kafka-14-eks-20241114064023094900000009,us-west-2,us-west-2b,r5n.4xlarge,USD,$0.20,$384.00,"2,160",9,10,,,3,3,Autoscale,r6g.medium,5,5,$0.01,$353.36,92%,0,0,16,1,128,8,0,0,31266,og1016-kafka-14-eks,rubix-asg-og1016-kafka-14-eks-20241114064023094900000009,717,
AML,Arcadia,163530609390,prod,163530609390:us-west-2:rubix-asg-og1016-privacy-service-eks-10-20241021161734640800000003,us-west-2,us-west-2a,m5.xlarge,USD,$0.03,$82.00,"2,880",24,19,,,4,4,Autoscale,m6g.medium,3,4,$0.01,$67.49,82%,0,0,4,1,16,4,0,0,31266,og1016-privacy-service-eks-10,rubix-asg-og1016-privacy-service-eks-10-20241021161734640800000003,2962,
AML,Arcadia,163530609390,prod,163530609390:us-west-2:rubix-asg-og1016-s10-flink-10-20240618134442851700000003,us-west-2,us-west-2a,m5.24xlarge,USD,$0.78,"$15,927.00","22,996",29,62,,,30,33,Autoscale,r6g.2xlarge,79,114,$0.07,"$11,543.35",72%,0,0,96,8,384,64,0,0,default,og1016-s10-flink-10,rubix-asg-og1016-s10-flink-10-20240618134442851700000003,11,
AML,Arcadia,163530609390,prod,163530609390:us-west-2:rubix-asg-og1016-s10-flink-10-20240808062224905700000004,us-west-2,us-west-2c,m5.24xlarge,USD,$0.78,"$10,197.00","14,785",27,63,,,20,21,Autoscale,r6g.2xlarge,49,76,$0.07,"$7,401.87",73%,0,0,96,8,384,64,0,0,default,og1016-s10-flink-10,rubix-asg-og1016-s10-flink-10-20240808062224905700000004,22,
AML,Arcadia,163530609390,prod,163530609390:us-west-2:rubix-asg-og1016-s10-flink-10-20240827173831680800000001,us-west-2,us-west-2c,m5.24xlarge,USD,$0.78,"$7,365.00","10,334",30,53,,,10,17,Autoscale,r6g.2xlarge,24,54,$0.07,"$5,810.92",79%,0,0,96,8,384,64,0,0,default,og1016-s10-flink-10,rubix-asg-og1016-s10-flink-10-20240827173831680800000001,30,
AML,Arcadia,163530609390,prod,163530609390:us-west-2:rubix-asg-og1016-s10-flink-10-20250422064135287500000006,us-west-2,us-west-2b,m7g.16xlarge,USD,$0.44,"$5,938.00","14,528",59,56,,,8,50,Autoscale,r6g.2xlarge,9,117,$0.07,"$4,386.06",74%,0,0,64,8,256,64,0,0,default,og1016-s10-flink-10,rubix-asg-og1016-s10-flink-10-20250422064135287500000006,42,
AML,Arcadia,163530609390,prod,163530609390:us-west-2:rubix-asg-og1016-s10-flink-11-20240618134256755700000003,us-west-2,us-west-2a,m5.24xlarge,USD,$0.78,"$25,653.00","37,016",16,46,,,43,124,Autoscale,x2gd.large,185,484,$0.03,"$21,144.56",82%,0,0,96,2,384,32,0,0,default,og1016-s10-flink-11,rubix-asg-og1016-s10-flink-11-20240618134256755700000003,6,
AML,Arcadia,163530609390,prod,163530609390:us-west-2:rubix-asg-og1016-s10-flink-11-20240715051644029700000004,us-west-2,us-west-2b,m5.24xlarge,USD,$0.78,"$10,641.00","15,355",19,46,,,20,26,Autoscale,x2gd.xlarge,43,96,$0.06,"$8,587.54",81%,0,0,96,4,384,64,0,0,default,og1016-s10-flink-11,rubix-asg-og1016-s10-flink-11-20240715051644029700000004,16,
AML,Arcadia,163530609390,prod,163530609390:us-west-2:rubix-asg-og1016-s10-flink-11-20240827150048615600000001,us-west-2,us-west-2b,m5.24xlarge,USD,$0.78,"$15,389.00","22,413",14,51,,,22,49,Autoscale,x2gd.xlarge,62,132,$0.06,"$12,427.91",81%,0,0,96,4,384,64,0,0,default,og1016-s10-flink-11,rubix-asg-og1016-s10-flink-11-20240827150048615600000001,10,
AML,Arcadia,163530609390,prod,163530609390:us-west-2:rubix-asg-og1016-s10-flink-11-20250422064018632200000006,us-west-2,us-west-2b,m7g.16xlarge,USD,$0.44,"$1,398.00","5,055",15,44,,,3,94,Autoscale,x2gd.medium,5,256,$0.01,"$1,132.21",81%,0,0,64,1,256,16,0,0,default,og1016-s10-flink-11,rubix-asg-og1016-s10-flink-11-20250422064018632200000006,138,
AML,Arcadia,163530609390,prod,163530609390:us-west-2:rubix-asg-og1016-s10-flink-12-20240618134030634200000003,us-west-2,us-west-2a,m5.24xlarge,USD,$0.78,"$7,388.00","10,855",22,28,,,14,18,Autoscale,x2gd.2xlarge,11,42,$0.11,"$6,270.00",85%,0,0,96,8,384,128,0,0,default,og1016-s10-flink-12,rubix-asg-og1016-s10-flink-12-20240618134030634200000003,25,
AML,Arcadia,163530609390,prod,163530609390:us-west-2:rubix-asg-og1016-skate-eks-10-20240604230949809800000003,us-west-2,us-west-2c,r6i.24xlarge,USD,$1.03,"$2,599.00","2,880",2,2,,,4,4,Autoscale,r6g.medium,6,8,$0.01,"$2,558.66",98%,0,0,96,1,768,8,0,0,spark,og1016-skate-eks-10,rubix-asg-og1016-skate-eks-10-20240604230949809800000003,84,
AML,Arcadia,163530609390,prod,163530609390:us-west-2:rubix-asg-og1016-spark-eks-10-2024102816403373050000000a,us-west-2,us-west-2c,g6.12xlarge,USD,$1.84,"$1,163.00",721,3,9,,,1,2,No Action,g6.12xlarge,1,2,$0.78,$0.00,0%,0,88,48,48,192,192,1,1,spark,og1016-spark-eks-10,rubix-asg-og1016-spark-eks-10-2024102816403373050000000a,5783,
AML,Arcadia,163530609390,prod,163530609390:us-west-2:rubix-asg-og1016-spark-eks-10-2024102816403373060000000b,us-west-2,us-west-2c,g6.12xlarge,USD,$1.84,"$1,163.00",720,8,10,,,1,1,No Action,g6.12xlarge,1,1,$0.78,$0.00,0%,0,44,48,48,192,192,1,1,spark,og1016-spark-eks-10,rubix-asg-og1016-spark-eks-10-2024102816403373060000000b,5784,
AML,Arcadia,163530609390,prod,163530609390:us-west-2:rubix-asg-og1016-spark-eks-10-20240614132900264500000007,us-west-2,us-west-2a,r7g.16xlarge,USD,$0.58,$368.00,721,64,11,,,1,2,Autoscale,m6g.2xlarge,1,6,$0.05,$328.71,89%,0,57,64,8,512,32,0,0,spark,og1016-spark-eks-10,rubix-asg-og1016-spark-eks-10-20240614132900264500000007,753,
AML,Arcadia,163530609390,prod,163530609390:us-west-2:rubix-asg-og1016-spark-eks-10-20240614132900264700000008,us-west-2,us-west-2b,r6i.24xlarge,USD,$1.03,"$1,962.00","2,184",5,2,,,3,14,Autoscale,r6g.medium,5,35,$0.01,"$1,917.22",98%,0,0,96,1,768,8,0,0,spark,og1016-spark-eks-10,rubix-asg-og1016-spark-eks-10-20240614132900264700000008,118,
AML,Arcadia,163530609390,prod,163530609390:us-west-2:rubix-asg-og1016-spark-eks-10-20240614132900270600000009,us-west-2,us-west-2c,r7g.16xlarge,USD,$0.58,"$3,712.00","8,213",90,59,,,1,245,Autoscale,r6g.2xlarge,1,636,$0.07,"$2,716.12",73%,0,15,64,8,512,64,0,0,spark,og1016-spark-eks-10,rubix-asg-og1016-spark-eks-10-20240614132900270600000009,57,
AML,Arcadia,163530609390,prod,163530609390:us-west-2:rubix-asg-og1016-spark-eks-10-20240616120658273800000005,us-west-2,us-west-2c,r6i.24xlarge,USD,$1.03,"$25,175.00","28,463",72,70,,,2,156,Autoscale,r6g.2xlarge,2,394,$0.07,"$18,564.50",74%,0,0,96,8,768,64,0,0,spark,og1016-spark-eks-10,rubix-asg-og1016-spark-eks-10-20240616120658273800000005,7,
AML,Arcadia,163530609390,prod,163530609390:us-west-2:rubix-asg-og1016-spark-eks-10-20240616120658277000000006,us-west-2,us-west-2a,r6i.24xlarge,USD,$1.03,"$1,827.00","1,977",35,16,,,1,8,Autoscale,r6g.xlarge,2,19,$0.03,"$1,674.44",92%,0,0,96,4,768,32,0,0,spark,og1016-spark-eks-10,rubix-asg-og1016-spark-eks-10-20240616120658277000000006,150,
AML,Arcadia,163530609390,prod,163530609390:us-west-2:rubix-asg-og1016-spark-eks-11-20240616062147516200000007,us-west-2,us-west-2c,r8g.24xlarge,USD,$0.96,"$1,929.00","2,295",76,85,,,1,14,Autoscale,x2gd.2xlarge,1,51,$0.11,"$1,468.46",76%,0,35,96,8,768,128,0,0,spark,og1016-spark-eks-11,rubix-asg-og1016-spark-eks-11-20240616062147516200000007,161,
AML,Arcadia,163530609390,prod,163530609390:us-west-2:rubix-asg-og1016-spark-eks-11-20240616062147517000000008,us-west-2,us-west-2a,r6i.24xlarge,USD,$1.03,"$2,247.00","2,456",4,2,,,3,7,Autoscale,m6g.medium,6,17,$0.01,"$2,204.11",98%,0,0,96,1,768,4,0,0,spark,og1016-spark-eks-11,rubix-asg-og1016-spark-eks-11-20240616062147517000000008,101,
AML,Arcadia,163530609390,prod,163530609390:us-west-2:rubix-asg-og1016-spark-eks-11-20240616062147525200000009,us-west-2,us-west-2a,r8g.24xlarge,USD,$0.96,$899.00,"1,025",83,20,,,1,4,Autoscale,m6g.2xlarge,1,10,$0.05,$849.85,95%,0,20,96,8,768,32,0,0,spark,og1016-spark-eks-11,rubix-asg-og1016-spark-eks-11-20240616062147525200000009,316,
AML,Arcadia,163530609390,prod,163530609390:us-west-2:rubix-asg-og1016-spark-eks-11-20240617084158919800000005,us-west-2,us-west-2c,r6i.24xlarge,USD,$1.03,"$48,401.00","54,274",85,68,,,3,207,Autoscale,r6g.4xlarge,5,598,$0.14,"$33,083.04",68%,0,0,96,16,768,128,0,0,spark,og1016-spark-eks-11,rubix-asg-og1016-spark-eks-11-20240617084158919800000005,1,
AML,Arcadia,163530609390,prod,163530609390:us-west-2:rubix-asg-og1016-spark-eks-11-20240617084158922700000006,us-west-2,us-west-2b,r6i.24xlarge,USD,$1.03,"$2,432.00","2,576",11,13,,,1,12,Autoscale,r6g.medium,7,37,$0.01,"$2,326.41",96%,0,0,96,1,768,8,0,0,spark,og1016-spark-eks-11,rubix-asg-og1016-spark-eks-11-20240617084158922700000006,98,
AML,Arcadia,163530609390,prod,163530609390:us-west-2:rubix-asg-og1016-spark-eks-11-20240905035001857300000008,us-west-2,us-west-2b,g6.12xlarge,USD,$1.84,"$1,163.00",720,9,11,,,1,1,No Action,g6.12xlarge,1,1,$0.78,$0.00,0%,0,87,48,48,192,192,1,1,spark,og1016-spark-eks-11,rubix-asg-og1016-spark-eks-11-20240905035001857300000008,5731,
AML,Arcadia,163530609390,prod,163530609390:us-west-2:rubix-asg-og1016-spark-eks-11-20241001193301953200000003,us-west-2,us-west-2c,g6.12xlarge,USD,$1.84,"$1,166.00",722,7,10,,,1,2,No Action,g6.12xlarge,1,2,$0.78,$0.00,0%,0,77,48,48,192,192,1,1,spark,og1016-spark-eks-11,rubix-asg-og1016-spark-eks-11-20241001193301953200000003,5789,
AML,Arcadia,163530609390,prod,163530609390:us-west-2:rubix-asg-og1016-spark-eks-12-2024061814343476930000000c,us-west-2,us-west-2c,r6i.24xlarge,USD,$1.03,"$1,657.00","1,880",6,3,,,2,7,Autoscale,m6g.medium,5,21,$0.01,"$1,609.32",97%,0,0,96,1,768,4,0,0,spark,og1016-spark-eks-12,rubix-asg-og1016-spark-eks-12-2024061814343476930000000c,149,
AML,Arcadia,163530609390,prod,163530609390:us-west-2:rubix-asg-og1016-spark-eks-12-2024061814343477430000000e,us-west-2,us-west-2b,r6i.24xlarge,USD,$1.03,"$36,008.00","38,947",84,72,,,1,141,Autoscale,r6g.4xlarge,1,518,$0.14,"$22,266.01",62%,0,0,96,16,768,128,0,0,spark,og1016-spark-eks-12,rubix-asg-og1016-spark-eks-12-2024061814343477430000000e,3,
AML,Arcadia,163530609390,prod,163530609390:us-west-2:rubix-asg-og1016-spark-eks-12-2024061814343477430000000f,us-west-2,us-west-2b,r6i.24xlarge,USD,$1.03,"$4,431.00","4,865",21,17,,,4,19,Autoscale,m6g.xlarge,4,65,$0.03,"$4,054.10",91%,0,0,96,4,768,16,0,0,spark,og1016-spark-eks-12,rubix-asg-og1016-spark-eks-12-2024061814343477430000000f,47,
AML,Arcadia,163530609390,prod,163530609390:us-west-2:rubix-asg-og1016-spark-eks-12-20240618144804187000000001,us-west-2,us-west-2a,r7g.16xlarge,USD,$0.58,$753.00,"1,503",44,16,,,2,8,Autoscale,m6g.large,7,29,$0.01,$606.56,81%,0,0,64,2,512,8,0,0,spark,og1016-spark-eks-12,rubix-asg-og1016-spark-eks-12-20240618144804187000000001,375,
AML,Arcadia,163530609390,prod,163530609390:us-west-2:rubix-asg-og1016-spark-eks-12-20240618144856442800000002,us-west-2,us-west-2c,r7g.16xlarge,USD,$0.58,"$5,082.00","10,188",60,47,,,2,36,Autoscale,r6g.xlarge,4,123,$0.03,"$3,412.27",67%,0,0,64,4,512,32,0,0,spark,og1016-spark-eks-12,rubix-asg-og1016-spark-eks-12-20240618144856442800000002,50,
AML,Arcadia,163530609390,prod,163530609390:us-west-2:rubix-asg-og1016-superset-eks-10-20240606055818621300000003,us-west-2,us-west-2c,m5.2xlarge,USD,$0.07,$165.00,"2,880",30,53,,,4,4,Autoscale,x2gd.medium,4,10,$0.01,$113.16,69%,0,0,8,1,32,16,0,1,31266,og1016-superset-eks-10,rubix-asg-og1016-superset-eks-10-20240606055818621300000003,2160,
AML,Arcadia,163530609390,prod,163530609390:us-west-2:rubix-asg-og1016-surface-10-20240618134352632200000003,us-west-2,us-west-2c,m5.8xlarge,USD,$0.26,$495.00,"2,160",7,6,,,3,3,Autoscale,r6g.medium,3,7,$0.01,$468.29,95%,0,0,32,1,128,8,0,0,default,og1016-surface-10,rubix-asg-og1016-surface-10-20240618134352632200000003,513,
AML,Arcadia,163530609390,prod,163530609390:us-west-2:rubix-asg-og1016-trino-eks-10-20250220163243419300000005,us-west-2,us-west-2a,r5.24xlarge,USD,$1.03,"$1,300.00","1,440",51,72,,,2,2,Autoscale,x2gd.4xlarge,3,7,$0.23,$533.75,41%,0,0,96,16,768,256,0,0,31266,og1016-trino-eks-10,rubix-asg-og1016-trino-eks-10-20250220163243419300000005,383,
AML,Arcadia,163530609390,prod,163530609390:us-west-2:rubix-asg-og1016-trino-eks-10-20250317190448173500000005,us-west-2,us-west-2b,r7g.16xlarge,USD,$0.58,"$11,045.00","21,600",99,78,,,30,30,Autoscale,r6g.8xlarge,47,103,$0.27,"$1,422.76",13%,0,0,64,32,512,256,1,1,31266,og1016-trino-eks-10,rubix-asg-og1016-trino-eks-10-20250317190448173500000005,80,
AML,Arcadia,163530609390,prod,163530609390:us-west-2:rubix-asg-og1016-trino-eks-10-20250505201948951100000005,us-west-2,us-west-2c,r7g.16xlarge,USD,$0.58,$738.00,"1,469",96,77,,,2,8,Autoscale,x2gd.xlarge,1,31,$0.06,$269.74,37%,0,78,64,4,512,64,0,0,31266,og1016-trino-eks-10,rubix-asg-og1016-trino-eks-10-20250505201948951100000005,749,
AML,Arcadia,163530609390,prod,163530609390:us-west-2:rubix-asg-requote365-arcadia-main-prod-20240522003759433300000007,us-west-2,us-west-2c,r6i.8xlarge,USD,$0.34,"$1,733.00","5,760",9,8,,,8,8,Autoscale,r6g.medium,11,23,$0.01,"$1,647.89",95%,0,0,32,1,256,8,0,0,31266,requote365-arcadia-main-prod,rubix-asg-requote365-arcadia-main-prod-20240522003759433300000007,147,
AML,Arcadia,163530609390,prod,163530609390:us-west-2:rubix-asg-requote365-arcadia-main-prod-20240522003759444000000008,us-west-2,us-west-2a,r6i.8xlarge,USD,$0.34,"$1,733.00","5,760",7,8,,,8,8,Autoscale,r6g.medium,11,20,$0.01,"$1,644.52",95%,0,0,32,1,256,8,0,0,31266,requote365-arcadia-main-prod,rubix-asg-requote365-arcadia-main-prod-20240522003759444000000008,148,
AML,Arcadia,163530609390,prod,163530609390:us-west-2:rubix-asg-requote365-arcadia-main-prod-20240522003759450900000009,us-west-2,us-west-2b,r6i.8xlarge,USD,$0.34,"$1,733.00","5,760",7,6,,,8,8,Autoscale,r6g.medium,9,19,$0.01,"$1,660.94",96%,0,0,32,1,256,8,0,0,31266,requote365-arcadia-main-prod,rubix-asg-requote365-arcadia-main-prod-20240522003759450900000009,146,
AML,Arcadia,205365357503,prod,205365357503:us-west-2:rubix-asg-og7503-aml-trinity-01-20250324033013725500000003,us-west-2,us-west-2b,r6a.8xlarge,USD,$0.31,"$1,560.00","5,779",8,7,,,8,18,Autoscale,r6g.medium,14,38,$0.01,"$1,444.92",93%,0,0,32,1,256,8,0,0,aml-trinity-arcadia,og7503-aml-trinity-01,rubix-asg-og7503-aml-trinity-01-20250324033013725500000003,166,
AML,Arcadia,221846880896,prod,221846880896:us-east-1:rubix-asg-va85-aml-dhari-rubix-01-20250408220324636100000003,us-east-1,us-east-1c,r6a.8xlarge,USD,$0.31,"$1,170.00","4,320",16,18,,,6,6,Autoscale,r6g.large,17,18,$0.02,$950.26,81%,0,0,32,2,256,16,0,0,aml-dhari-arcadia-api,va85-aml-dhari-rubix-01,rubix-asg-va85-aml-dhari-rubix-01-20250408220324636100000003,253,
AML,Arcadia,221846880896,prod,221846880896:us-west-2:aws-us-west-2a-arcadiap-tgdb-02-asg,us-west-2,us-west-2a,r6i.2xlarge,USD,$0.09,$54.00,664,21,9,,,1,1,Autoscale,r6g.medium,1,2,$0.01,$46.94,87%,0,0,8,1,64,8,0,0,10463,,aws-us-west-2a-arcadiap-tgdb-02-asg,3421,
AML,Arcadia,221846880896,prod,221846880896:us-west-2:aws-us-west-2a-athenap-tgdb-01-asg,us-west-2,us-west-2a,r6i.4xlarge,USD,$0.17,$108.00,664,2,1,,,1,1,Autoscale,c6g.medium,1,1,$0.01,$104.46,96%,0,86,16,1,128,2,0,0,10463,,aws-us-west-2a-athenap-tgdb-01-asg,2432,
AML,Arcadia,221846880896,prod,221846880896:us-west-2:aws-us-west-2b-arcadiap-tgdb-01-asg,us-west-2,us-west-2b,r6i.2xlarge,USD,$0.09,$54.00,664,20,11,,,1,1,Autoscale,m6g.medium,2,2,$0.01,$45.46,84%,0,0,8,1,64,4,0,0,10463,,aws-us-west-2b-arcadiap-tgdb-01-asg,3519,
AML,Arcadia,221846880896,prod,221846880896:us-west-2:aws-us-west-2b-arcadiap-tgdb-02-asg,us-west-2,us-west-2b,r6i.2xlarge,USD,$0.09,$54.00,664,21,11,,,1,1,Autoscale,m6g.medium,2,2,$0.01,$45.46,84%,0,0,8,1,64,4,0,0,10463,,aws-us-west-2b-arcadiap-tgdb-02-asg,3520,
AML,Arcadia,221846880896,prod,221846880896:us-west-2:aws-us-west-2c-arcadiap-tgdb-01-asg,us-west-2,us-west-2c,r6i.2xlarge,USD,$0.09,$54.00,664,19,11,,,1,1,Autoscale,r6g.medium,1,2,$0.01,$46.16,85%,0,0,8,1,64,8,0,0,10463,,aws-us-west-2c-arcadiap-tgdb-01-asg,3453,
AML,Arcadia,221846880896,prod,221846880896:us-west-2:mysclient,us-west-2,us-west-2c,t3.micro,USD,$0.00,$1.00,721,40,37,,,1,2,Autoscale,t4g.nano,1,2,$0.00,$0.60,54%,0,0,0,0,1,1,1,1,10463,,mysclient,5676,
AML,Arcadia,221846880896,prod,221846880896:us-west-2:oraclient,us-west-2,us-west-2c,t3.micro,USD,$0.00,$1.00,720,50,47,,,1,1,Autoscale,t4g.nano,1,2,$0.00,$0.60,54%,0,0,0,0,1,1,1,1,10463,,oraclient,5672,
AML,Arcadia,221846880896,prod,221846880896:us-west-2:rubix-asg-arcadia_portal-20231011105105283300000005,us-west-2,us-west-2a,r5.4xlarge,USD,$0.17,$216.00,"1,440",8,3,,,2,2,Autoscale,r6g.medium,2,3,$0.01,$202.80,94%,0,0,16,1,128,8,0,0,102169,arcadia_portal,rubix-asg-arcadia_portal-20231011105105283300000005,1158,
AML,Arcadia,221846880896,prod,221846880896:us-west-2:rubix-asg-arcadia_portal-20231011105105283500000006,us-west-2,us-west-2b,r5.4xlarge,USD,$0.17,$216.00,"1,440",8,3,,,2,2,Autoscale,r6g.medium,2,3,$0.01,$202.96,94%,0,0,16,1,128,8,0,0,102169,arcadia_portal,rubix-asg-arcadia_portal-20231011105105283500000006,1153,
AML,Arcadia,221846880896,prod,221846880896:us-west-2:rubix-asg-arcadia-r-prod-mcp-20240523222721591400000003,us-west-2,us-west-2c,m5.4xlarge,USD,$0.13,$336.00,"2,753",33,14,,,3,9,Autoscale,m6g.large,4,19,$0.01,$295.80,88%,0,0,16,2,64,8,0,0,102169,arcadia-r-prod-mcp,rubix-asg-arcadia-r-prod-mcp-20240523222721591400000003,827,
AML,Arcadia,221846880896,prod,221846880896:us-west-2:rubix-asg-og85-airflow-eks-10-20240618123021501100000007,us-west-2,us-west-2c,m6i.2xlarge,USD,$0.07,$41.00,720,50,20,,,1,1,Autoscale,m6g.medium,2,4,$0.01,$31.73,77%,0,0,8,1,32,4,0,0,102169,og85-airflow-eks-10,rubix-asg-og85-airflow-eks-10-20240618123021501100000007,3943,
AML,Arcadia,221846880896,prod,221846880896:us-west-2:rubix-asg-og85-airflow-eks-10-20240618123021503000000008,us-west-2,us-west-2c,m6i.2xlarge,USD,$0.07,$140.00,"2,404",80,34,,,1,6,Autoscale,m6g.large,1,13,$0.01,$90.22,64%,0,0,8,2,32,8,0,0,102169,og85-airflow-eks-10,rubix-asg-og85-airflow-eks-10-20240618123021503000000008,2454,
AML,Arcadia,221846880896,prod,221846880896:us-west-2:rubix-asg-og85-airflow-eks-10-20240618123021503200000009,us-west-2,us-west-2b,m6i.2xlarge,USD,$0.07,$206.00,"3,600",37,14,,,5,5,Autoscale,c6g.medium,13,15,$0.01,$147.66,72%,0,0,8,1,32,2,0,0,102169,og85-airflow-eks-10,rubix-asg-og85-airflow-eks-10-20240618123021503200000009,1629,
AML,Arcadia,221846880896,prod,221846880896:us-west-2:rubix-asg-og85-aml-aulos-spark-eks-01-20250210183846783900000004,us-west-2,us-west-2a,r6i.8xlarge,USD,$0.34,"$6,148.00","19,579",4,44,,,18,42,Autoscale,x2gd.medium,15,162,$0.01,"$4,693.78",76%,0,0,32,1,256,16,0,0,aml-aulos-spark-arcadia-r,og85-aml-aulos-spark-eks-01,rubix-asg-og85-aml-aulos-spark-eks-01-20250210183846783900000004,37,
AML,Arcadia,221846880896,prod,221846880896:us-west-2:rubix-asg-og85-aml-dhari-rubix-01-20240117210135136600000003,us-west-2,us-west-2a,r6a.8xlarge,USD,$0.31,"$1,949.00","7,200",12,26,,,10,10,Autoscale,x2gd.large,20,21,$0.03,"$1,527.78",78%,0,0,32,2,256,32,0,0,aml-dhari-arcadia-api,og85-aml-dhari-rubix-01,rubix-asg-og85-aml-dhari-rubix-01-20240117210135136600000003,156,
AML,Arcadia,221846880896,prod,221846880896:us-west-2:rubix-asg-og85-aml-dhari-rubix-02-20240117230046025700000003,us-west-2,us-west-2b,r6a.8xlarge,USD,$0.31,"$1,949.00","7,200",12,26,,,10,10,Autoscale,x2gd.large,20,21,$0.03,"$1,528.74",78%,0,0,32,2,256,32,0,0,aml-dhari-arcadia-api,og85-aml-dhari-rubix-02,rubix-asg-og85-aml-dhari-rubix-02-20240117230046025700000003,155,
AML,Arcadia,221846880896,prod,221846880896:us-west-2:rubix-asg-og85-aml-trinity-01-20240412153727492000000003,us-west-2,us-west-2c,r6a.8xlarge,USD,$0.31,"$1,558.00","5,779",60,15,,,8,19,Autoscale,m6g.xlarge,4,39,$0.03,"$1,427.91",92%,0,0,32,4,256,16,0,0,aml-trinity-arcadia-api,og85-aml-trinity-01,rubix-asg-og85-aml-trinity-01-20240412153727492000000003,167,
AML,Arcadia,221846880896,prod,221846880896:us-west-2:rubix-asg-og85-data-portal-eks-01-20240617190259257900000003,us-west-2,us-west-2b,m5.large,USD,$0.02,$82.00,"5,760",55,33,,,8,8,Autoscale,m6g.medium,6,9,$0.01,$51.56,63%,0,0,2,1,8,4,1,1,102169,og85-data-portal-eks-01,rubix-asg-og85-data-portal-eks-01-20240617190259257900000003,3155,
AML,Arcadia,221846880896,prod,221846880896:us-west-2:rubix-asg-og85-guardian-eks-10-20240615091453235200000003,us-west-2,us-west-2a,m5.metal,USD,$0.78,"$1,980.00","2,880",3,3,,,4,4,Autoscale,r6g.medium,5,13,$0.01,"$1,941.82",98%,0,3,96,1,384,8,0,0,102169,og85-guardian-eks-10,rubix-asg-og85-guardian-eks-10-20240615091453235200000003,111,
AML,Arcadia,221846880896,prod,221846880896:us-west-2:rubix-asg-og85-hms-platform-eks-10-20240614211909027600000003,us-west-2,us-west-2c,m5.4xlarge,USD,$0.13,$248.00,"2,160",12,52,,,3,3,Autoscale,x2gd.medium,6,7,$0.01,$181.68,73%,0,0,16,1,64,16,0,0,102169,og85-hms-platform-eks-10,rubix-asg-og85-hms-platform-eks-10-20240614211909027600000003,1219,
AML,Arcadia,221846880896,prod,221846880896:us-west-2:rubix-asg-og85-irc-eks-10-20240614210403850000000003,us-west-2,us-west-2a,m5.4xlarge,USD,$0.13,$489.00,"4,223",35,13,,,4,8,Autoscale,r6g.large,3,17,$0.02,$449.95,92%,0,0,16,2,64,16,0,0,102169,og85-irc-eks-10,rubix-asg-og85-irc-eks-10-20240614210403850000000003,529,
AML,Arcadia,221846880896,prod,221846880896:us-west-2:rubix-asg-og85-jupyter-eks-10-20240619105629912000000003,us-west-2,us-west-2b,m5.2xlarge,USD,$0.07,$301.00,"5,242",23,18,,,5,13,Autoscale,m6g.medium,6,18,$0.01,$258.24,86%,0,0,8,1,32,4,0,0,102169,og85-jupyter-eks-10,rubix-asg-og85-jupyter-eks-10-20240619105629912000000003,863,
AML,Arcadia,221846880896,prod,221846880896:us-west-2:rubix-asg-og85-kafka-10-eks-20240615155807313300000007,us-west-2,us-west-2b,r5n.4xlarge,USD,$0.20,"$2,816.00","15,840",10,8,,,22,22,Autoscale,r6g.medium,30,35,$0.01,"$2,629.95",93%,0,0,16,1,128,8,0,0,102169,og85-kafka-10-eks,rubix-asg-og85-kafka-10-eks-20240615155807313300000007,76,
AML,Arcadia,221846880896,prod,221846880896:us-west-2:rubix-asg-og85-kafka-10-eks-20240615155807313500000008,us-west-2,us-west-2b,r5n.4xlarge,USD,$0.20,"$2,818.00","15,840",8,7,,,22,22,Autoscale,r6g.medium,23,30,$0.01,"$2,673.72",95%,0,0,16,1,128,8,0,0,102169,og85-kafka-10-eks,rubix-asg-og85-kafka-10-eks-20240615155807313500000008,71,
AML,Arcadia,221846880896,prod,221846880896:us-west-2:rubix-asg-og85-kafka-10-eks-20240615155807321000000009,us-west-2,us-west-2a,r5n.4xlarge,USD,$0.20,"$2,816.00","15,840",10,8,,,22,22,Autoscale,r6g.medium,29,35,$0.01,"$2,635.60",94%,0,0,16,1,128,8,0,0,102169,og85-kafka-10-eks,rubix-asg-og85-kafka-10-eks-20240615155807321000000009,74,
AML,Arcadia,221846880896,prod,221846880896:us-west-2:rubix-asg-og85-kafka-11-eks-20240701103316311800000007,us-west-2,us-west-2a,r5n.4xlarge,USD,$0.20,$384.00,"2,160",9,9,,,3,3,Autoscale,r6g.medium,5,5,$0.01,$353.36,92%,0,0,16,1,128,8,0,0,102169,og85-kafka-11-eks,rubix-asg-og85-kafka-11-eks-20240701103316311800000007,715,
AML,Arcadia,221846880896,prod,221846880896:us-west-2:rubix-asg-og85-kafka-11-eks-20240701103316313600000008,us-west-2,us-west-2a,r5n.4xlarge,USD,$0.20,$384.00,"2,160",9,10,,,3,3,Autoscale,r6g.medium,5,5,$0.01,$352.96,92%,0,0,16,1,128,8,0,0,102169,og85-kafka-11-eks,rubix-asg-og85-kafka-11-eks-20240701103316313600000008,718,
AML,Arcadia,221846880896,prod,221846880896:us-west-2:rubix-asg-og85-kafka-11-eks-20240701103316314000000009,us-west-2,us-west-2a,r5n.4xlarge,USD,$0.20,$384.00,"2,160",7,3,,,3,3,Autoscale,m6g.medium,3,4,$0.01,$369.61,96%,0,0,16,1,128,4,0,0,102169,og85-kafka-11-eks,rubix-asg-og85-kafka-11-eks-20240701103316314000000009,671,
AML,Arcadia,221846880896,prod,221846880896:us-west-2:rubix-asg-og85-kafka-12-eks-20241119104517569900000007,us-west-2,us-west-2b,r5n.4xlarge,USD,$0.20,$384.00,"2,160",9,8,,,3,3,Autoscale,r6g.medium,4,5,$0.01,$359.27,94%,0,0,16,1,128,8,0,0,102169,og85-kafka-12-eks,rubix-asg-og85-kafka-12-eks-20241119104517569900000007,695,
AML,Arcadia,221846880896,prod,221846880896:us-west-2:rubix-asg-og85-kafka-12-eks-20241119104517570300000008,us-west-2,us-west-2a,r5n.4xlarge,USD,$0.20,$384.00,"2,160",8,7,,,3,3,Autoscale,r6g.medium,4,5,$0.01,$358.91,94%,0,0,16,1,128,8,0,0,102169,og85-kafka-12-eks,rubix-asg-og85-kafka-12-eks-20241119104517570300000008,692,
AML,Arcadia,221846880896,prod,221846880896:us-west-2:rubix-asg-og85-kafka-12-eks-20241119104517570900000009,us-west-2,us-west-2c,r5n.4xlarge,USD,$0.20,$384.00,"2,160",8,6,,,3,3,Autoscale,r6g.medium,3,4,$0.01,$364.68,95%,0,0,16,1,128,8,0,0,102169,og85-kafka-12-eks,rubix-asg-og85-kafka-12-eks-20241119104517570900000009,680,
AML,Arcadia,221846880896,prod,221846880896:us-west-2:rubix-asg-og85-privacy-service-eks-01-20241009234748119700000003,us-west-2,us-west-2a,m5.xlarge,USD,$0.03,$62.00,"2,160",33,27,,,3,3,Autoscale,r6g.medium,2,4,$0.01,$45.76,74%,0,0,4,1,16,8,0,1,102169,og85-privacy-service-eks-01,rubix-asg-og85-privacy-service-eks-01-20241009234748119700000003,3304,
AML,Arcadia,221846880896,prod,221846880896:us-west-2:rubix-asg-og85-s10-flink-10-20240620132638765600000001,us-west-2,us-west-2c,m6i.xlarge,USD,$0.03,$62.00,"2,160",19,29,,,3,3,Autoscale,r6g.medium,2,3,$0.01,$49.39,80%,0,0,4,1,16,8,0,1,default,og85-s10-flink-10,rubix-asg-og85-s10-flink-10-20240620132638765600000001,3217,
AML,Arcadia,221846880896,prod,221846880896:us-west-2:rubix-asg-og85-s10-flink-11-20240620131839704800000001,us-west-2,us-west-2c,m5.24xlarge,USD,$0.78,"$26,369.00","38,021",18,60,,,47,68,Autoscale,x2gd.2xlarge,74,149,$0.11,"$19,101.57",72%,0,0,96,8,384,128,0,0,default,og85-s10-flink-11,rubix-asg-og85-s10-flink-11-20240620131839704800000001,8,
AML,Arcadia,221846880896,prod,221846880896:us-west-2:rubix-asg-og85-s10-flink-12-20240620131817621300000001,us-west-2,us-west-2a,m5.24xlarge,USD,$0.78,"$15,347.00","22,186",12,41,,,29,31,Autoscale,x2gd.xlarge,44,87,$0.06,"$13,206.54",86%,0,0,96,4,384,64,0,0,default,og85-s10-flink-12,rubix-asg-og85-s10-flink-12-20240620131817621300000001,9,
AML,Arcadia,221846880896,prod,221846880896:us-west-2:rubix-asg-og85-skate-eks-10-20240628225328003200000003,us-west-2,us-west-2a,r6i.24xlarge,USD,$1.03,"$2,595.00","2,880",1,2,,,4,4,Autoscale,r6g.medium,7,7,$0.01,"$2,551.89",98%,0,0,96,1,768,8,0,0,spark,og85-skate-eks-10,rubix-asg-og85-skate-eks-10-20240628225328003200000003,85,
AML,Arcadia,221846880896,prod,221846880896:us-west-2:rubix-asg-og85-spark-eks-10-20240628225532585600000007,us-west-2,us-west-2b,r7g.16xlarge,USD,$0.58,$736.00,"1,442",2,1,,,2,4,Autoscale,x2gd.medium,1,5,$0.01,$725.47,99%,0,99,64,1,512,16,0,0,spark,og85-spark-eks-10,rubix-asg-og85-spark-eks-10-20240628225532585600000007,339,
AML,Arcadia,221846880896,prod,221846880896:us-west-2:rubix-asg-og85-spark-eks-10-20240628225532585800000008,us-west-2,us-west-2a,r7g.16xlarge,USD,$0.58,$758.00,"1,494",10,3,,,2,18,Autoscale,x2gd.medium,1,46,$0.01,$746.15,98%,0,98,64,1,512,16,0,0,spark,og85-spark-eks-10,rubix-asg-og85-spark-eks-10-20240628225532585800000008,331,
AML,Arcadia,221846880896,prod,221846880896:us-west-2:rubix-asg-og85-spark-eks-10-20240628225532586700000009,us-west-2,us-west-2c,r6i.24xlarge,USD,$1.03,"$2,012.00","2,314",2,1,,,2,6,Autoscale,r6g.medium,2,9,$0.01,"$1,995.40",99%,0,40,96,1,768,8,0,0,spark,og85-spark-eks-10,rubix-asg-og85-spark-eks-10-20240628225532586700000009,106,
AML,Arcadia,221846880896,prod,221846880896:us-west-2:rubix-asg-og85-spark-eks-10-20240903222551982100000008,us-west-2,us-west-2a,r6i.24xlarge,USD,$1.03,"$1,300.00","1,442",1,1,,,2,4,Autoscale,r6g.medium,2,5,$0.01,"$1,286.01",99%,0,55,96,1,768,8,0,0,spark,og85-spark-eks-10,rubix-asg-og85-spark-eks-10-20240903222551982100000008,200,
AML,Arcadia,221846880896,prod,221846880896:us-west-2:rubix-asg-og85-spark-eks-10-20240903222551982100000009,us-west-2,us-west-2a,r6i.24xlarge,USD,$1.03,"$1,300.00","1,442",3,1,,,2,4,Autoscale,r6g.medium,2,11,$0.01,"$1,285.27",99%,0,55,96,1,768,8,0,0,spark,og85-spark-eks-10,rubix-asg-og85-spark-eks-10-20240903222551982100000009,201,
AML,Arcadia,221846880896,prod,221846880896:us-west-2:rubix-asg-og85-spark-eks-11-20240628225456248400000007,us-west-2,us-west-2c,r6i.24xlarge,USD,$1.03,"$1,299.00","1,440",7,2,,,2,2,Autoscale,m6g.large,3,8,$0.01,"$1,267.10",98%,0,0,96,2,768,8,0,0,spark,og85-spark-eks-11,rubix-asg-og85-spark-eks-11-20240628225456248400000007,204,
AML,Arcadia,221846880896,prod,221846880896:us-west-2:rubix-asg-og85-spark-eks-11-20240628225456248500000008,us-west-2,us-west-2c,r7g.16xlarge,USD,$0.58,$937.00,"1,751",92,60,,,1,9,Autoscale,r6g.2xlarge,1,29,$0.07,$813.84,87%,0,10,64,8,512,64,0,0,spark,og85-spark-eks-11,rubix-asg-og85-spark-eks-11-20240628225456248500000008,322,
AML,Arcadia,221846880896,prod,221846880896:us-west-2:rubix-asg-og85-spark-eks-11-20240628225456248700000009,us-west-2,us-west-2b,r7g.16xlarge,USD,$0.58,$736.00,"1,440",6,2,,,2,2,Autoscale,m6g.medium,4,8,$0.01,$715.69,97%,0,0,64,1,512,4,0,0,spark,og85-spark-eks-11,rubix-asg-og85-spark-eks-11-20240628225456248700000009,344,
AML,Arcadia,221846880896,prod,221846880896:us-west-2:rubix-asg-og85-spark-eks-11-20240903222500903400000008,us-west-2,us-west-2b,r6i.24xlarge,USD,$1.03,"$25,904.00","29,907",41,59,,,2,116,Autoscale,r6g.4xlarge,1,331,$0.14,"$20,760.48",80%,0,0,96,16,768,128,0,0,spark,og85-spark-eks-11,rubix-asg-og85-spark-eks-11-20240903222500903400000008,4,
AML,Arcadia,221846880896,prod,221846880896:us-west-2:rubix-asg-og85-spark-eks-11-20240903222500904700000009,us-west-2,us-west-2c,r6i.24xlarge,USD,$1.03,"$1,627.00","1,806",28,11,,,1,8,Autoscale,r6g.xlarge,2,24,$0.03,"$1,528.95",94%,0,0,96,4,768,32,0,0,spark,og85-spark-eks-11,rubix-asg-og85-spark-eks-11-20240903222500904700000009,159,
AML,Arcadia,221846880896,prod,221846880896:us-west-2:rubix-asg-og85-spark-eks-12-20240628230150026300000007,us-west-2,us-west-2c,r7g.16xlarge,USD,$0.58,"$3,121.00","5,757",48,27,,,1,26,Autoscale,m6g.xlarge,5,100,$0.03,"$2,504.08",80%,0,0,64,4,512,16,0,0,spark,og85-spark-eks-12,rubix-asg-og85-spark-eks-12-20240628230150026300000007,93,
AML,Arcadia,221846880896,prod,221846880896:us-west-2:rubix-asg-og85-spark-eks-12-20240628230150026400000008,us-west-2,us-west-2b,r7g.16xlarge,USD,$0.58,$736.00,"1,440",20,15,,,2,2,Autoscale,m6g.2xlarge,2,5,$0.05,$648.42,88%,0,0,64,8,512,32,0,0,spark,og85-spark-eks-12,rubix-asg-og85-spark-eks-12-20240628230150026400000008,364,
AML,Arcadia,221846880896,prod,221846880896:us-west-2:rubix-asg-og85-spark-eks-12-20240628230150028700000009,us-west-2,us-west-2a,r6i.24xlarge,USD,$1.03,"$1,300.00","1,440",7,2,,,2,2,Autoscale,m6g.large,3,7,$0.01,"$1,260.61",97%,0,0,96,2,768,8,0,0,spark,og85-spark-eks-12,rubix-asg-og85-spark-eks-12-20240628230150028700000009,207,
AML,Arcadia,221846880896,prod,221846880896:us-west-2:rubix-asg-og85-spark-eks-12-20240903222914062200000008,us-west-2,us-west-2a,r6i.24xlarge,USD,$1.03,"$33,250.00","35,764",87,69,,,3,168,Autoscale,r6g.2xlarge,13,630,$0.07,"$24,341.17",73%,0,0,96,8,768,64,0,0,spark,og85-spark-eks-12,rubix-asg-og85-spark-eks-12-20240903222914062200000008,2,
AML,Arcadia,221846880896,prod,221846880896:us-west-2:rubix-asg-og85-spark-eks-12-20240903222914062800000009,us-west-2,us-west-2a,r6i.24xlarge,USD,$1.03,"$1,779.00","1,924",46,11,,,1,8,Autoscale,c6g.2xlarge,2,23,$0.05,"$1,550.07",87%,0,0,96,8,768,16,0,0,spark,og85-spark-eks-12,rubix-asg-og85-spark-eks-12-20240903222914062800000009,160,
AML,Arcadia,221846880896,prod,221846880896:us-west-2:rubix-asg-og85-superset-eks-10-20240618203316171800000003,us-west-2,us-west-2a,m5.2xlarge,USD,$0.07,$124.00,"2,160",17,23,,,3,3,Autoscale,r6g.medium,3,5,$0.01,$103.74,84%,0,0,8,1,32,8,0,0,102169,og85-superset-eks-10,rubix-asg-og85-superset-eks-10-20240618203316171800000003,2360,
AML,Arcadia,221846880896,prod,221846880896:us-west-2:rubix-asg-og85-surface-10-20240619130520147000000003,us-west-2,us-west-2c,m5.8xlarge,USD,$0.26,$495.00,"2,163",6,6,,,3,6,Autoscale,r6g.medium,3,11,$0.01,$467.94,95%,0,0,32,1,128,8,0,0,default,og85-surface-10,rubix-asg-og85-surface-10-20240619130520147000000003,512,
AML,Arcadia,221846880896,prod,221846880896:us-west-2:rubix-asg-og85-trino-eks-10-20250220163342488900000005,us-west-2,us-west-2a,r5.24xlarge,USD,$1.03,$650.00,720,87,86,,,1,1,Autoscale,x2gd.12xlarge,1,2,$0.68,$104.03,16%,0,0,96,48,768,768,1,1,102169,og85-trino-eks-10,rubix-asg-og85-trino-eks-10-20250220163342488900000005,1441,
AML,Arcadia,221846880896,prod,221846880896:us-west-2:rubix-asg-og85-trino-eks-10-20250317173242728800000005,us-west-2,us-west-2c,r7g.16xlarge,USD,$0.58,"$22,093.00","43,200",99,78,,,60,60,Autoscale,x2gd.4xlarge,94,238,$0.23,"$5,409.63",24%,0,0,64,16,512,256,0,1,102169,og85-trino-eks-10,rubix-asg-og85-trino-eks-10-20250317173242728800000005,23,
AML,Arcadia,221846880896,test,221846880896:us-west-2:rubix-asg-og85-aml-isds-tigergraph-01-20250509053734063200000007,us-west-2,us-west-2c,(multiple),USD,$0.17,$110.00,723,91,66,,,1,2,Autoscale,r6g.large,1,8,$0.02,$90.19,82%,0,1,32,2,256,16,0,0,aml-arcadia-isds-tigergraph,og85-aml-isds-tigergraph-01,rubix-asg-og85-aml-isds-tigergraph-01-20250509053734063200000007,2361,
AML,Arcadia,221846880896,test,221846880896:us-west-2:rubix-asg-og85-aml-isds-tigergraph-01-20250509053734063300000008,us-west-2,us-west-2a,(multiple),USD,$0.17,$191.00,"1,268",85,97,,,1,17,Autoscale,r6g.medium,1,29,$0.01,$154.56,81%,0,1,16,1,128,8,0,0,aml-arcadia-isds-tigergraph,og85-aml-isds-tigergraph-01,rubix-asg-og85-aml-isds-tigergraph-01-20250509053734063300000008,1409,
AML,Arcadia,221846880896,test,221846880896:us-west-2:rubix-asg-og85-aml-isds-tigergraph-01-20250509053734063400000009,us-west-2,us-west-2a,(multiple),USD,$0.17,$283.00,"6,212",98,66,,,1,45,Autoscale,r6g.medium,2,52,$0.01,$217.08,77%,0,0,32,1,256,8,0,0,aml-arcadia-isds-tigergraph,og85-aml-isds-tigergraph-01,rubix-asg-og85-aml-isds-tigergraph-01-20250509053734063400000009,271,
AML,Arcadia,293128235220,prod,293128235220:us-west-2:rubix-asg-og4019-aml-aulos-spark-eks-01-20250205181950838600000004,us-west-2,us-west-2c,r6i.xlarge,USD,$0.04,$81.00,"2,166",26,9,,,3,8,Autoscale,r6g.medium,1,9,$0.01,$72.64,89%,0,0,4,1,32,8,0,0,aml-aulos-spark-arcadia-r,og4019-aml-aulos-spark-eks-01,rubix-asg-og4019-aml-aulos-spark-eks-01-20250205181950838600000004,2827,
AML,Arcadia,293128235220,test,293128235220:us-west-2:rubix-asg-arcadia-r-test-mcp-20240430034805666500000003,us-west-2,us-west-2b,m5.4xlarge,USD,$0.13,$322.00,"2,506",32,15,,,3,10,Autoscale,m6g.large,4,21,$0.01,$279.94,87%,0,0,16,2,64,8,0,0,31266,arcadia-r-test-mcp,rubix-asg-arcadia-r-test-mcp-20240430034805666500000003,928,
AML,Arcadia,293128235220,test,293128235220:us-west-2:rubix-asg-og4019-airflow-eks-01-20240510054721074000000007,us-west-2,us-west-2a,m6i.2xlarge,USD,$0.07,$41.00,720,15,17,,,1,1,Autoscale,r6g.medium,1,2,$0.01,$35.05,85%,0,0,8,1,32,8,0,0,31266,og4019-airflow-eks-01,rubix-asg-og4019-airflow-eks-01-20240510054721074000000007,3847,
AML,Arcadia,293128235220,test,293128235220:us-west-2:rubix-asg-og4019-airflow-eks-01-20240510054721075100000008,us-west-2,us-west-2b,m6i.2xlarge,USD,$0.07,$42.00,752,98,35,,,1,3,Autoscale,c6g.medium,3,12,$0.01,$23.05,55%,0,0,8,1,32,2,0,0,31266,og4019-airflow-eks-01,rubix-asg-og4019-airflow-eks-01-20240510054721075100000008,4260,
AML,Arcadia,293128235220,test,293128235220:us-west-2:rubix-asg-og4019-airflow-eks-01-20240510054721075500000009,us-west-2,us-west-2a,m6i.2xlarge,USD,$0.07,$165.00,"2,880",33,11,,,4,4,Autoscale,c6g.medium,9,11,$0.01,$125.15,76%,0,0,8,1,32,2,0,0,31266,og4019-airflow-eks-01,rubix-asg-og4019-airflow-eks-01-20240510054721075500000009,2069,
AML,Arcadia,293128235220,test,293128235220:us-west-2:rubix-asg-og4019-aml-dhari-rubix-01-20240110222452534600000003,us-west-2,us-west-2a,r6a.4xlarge,USD,$0.15,$83.00,537,4,3,,,2,3,Autoscale,r6g.medium,1,2,$0.01,$79.62,96%,0,0,16,1,128,8,0,0,aml-dhari-arcadia-api,og4019-aml-dhari-rubix-01,rubix-asg-og4019-aml-dhari-rubix-01-20240110222452534600000003,2952,
AML,Arcadia,293128235220,test,293128235220:us-west-2:rubix-asg-og4019-aml-dhari-rubix-01-20250509202528338300000004,us-west-2,us-west-2b,r7g.4xlarge,USD,$0.15,$276.00,"2,160",12,8,,,3,3,Autoscale,r6g.medium,3,6,$0.01,$251.59,91%,0,0,16,1,128,8,0,0,aml-dhari-arcadia-api,og4019-aml-dhari-rubix-01,rubix-asg-og4019-aml-dhari-rubix-01-20250509202528338300000004,915,
AML,Arcadia,293128235220,test,293128235220:us-west-2:rubix-asg-og4019-data-portal-eks-01-20240604162959536600000003,us-west-2,us-west-2c,m6i.xlarge,USD,$0.03,$71.00,"2,538",27,27,,,3,5,Autoscale,r6g.medium,2,6,$0.01,$56.27,79%,0,0,4,1,16,8,0,1,31266,og4019-data-portal-eks-01,rubix-asg-og4019-data-portal-eks-01-20240604162959536600000003,3122,
AML,Arcadia,293128235220,test,293128235220:us-west-2:rubix-asg-og4019-guardian-eks-01-20240510090306166200000003,us-west-2,us-west-2c,m6i.2xlarge,USD,$0.07,$124.00,"2,160",10,21,,,3,3,Autoscale,r6g.medium,3,3,$0.01,$105.24,85%,0,0,8,1,32,8,0,0,31266,og4019-guardian-eks-01,rubix-asg-og4019-guardian-eks-01-20240510090306166200000003,2353,
AML,Arcadia,293128235220,test,293128235220:us-west-2:rubix-asg-og4019-hms-platform-eks-01-20240506222153068000000003,us-west-2,us-west-2a,m6i.2xlarge,USD,$0.07,$124.00,"2,160",14,31,,,3,3,Autoscale,x2gd.medium,2,4,$0.01,$99.50,80%,0,0,8,1,32,16,0,1,31266,og4019-hms-platform-eks-01,rubix-asg-og4019-hms-platform-eks-01-20240506222153068000000003,2379,
AML,Arcadia,293128235220,test,293128235220:us-west-2:rubix-asg-og4019-irc-eks-01-20240501184000919400000003,us-west-2,us-west-2a,m6i.2xlarge,USD,$0.07,$246.00,"4,207",32,32,,,3,11,Autoscale,r6g.medium,4,21,$0.01,$214.41,87%,0,0,8,1,32,8,0,0,31266,og4019-irc-eks-01,rubix-asg-og4019-irc-eks-01-20240501184000919400000003,1104,
AML,Arcadia,293128235220,test,293128235220:us-west-2:rubix-asg-og4019-jupyter-eks-01-20240523074727437600000003,us-west-2,us-west-2a,m5.2xlarge,USD,$0.07,$124.00,"2,173",39,23,,,3,7,Autoscale,r6g.medium,2,14,$0.01,$103.37,83%,0,0,8,1,32,8,0,0,31266,og4019-jupyter-eks-01,rubix-asg-og4019-jupyter-eks-01-20240523074727437600000003,2359,
AML,Arcadia,293128235220,test,293128235220:us-west-2:rubix-asg-og4019-kafka-01-eks-20240506114907833400000007,us-west-2,us-west-2b,r6i.2xlarge,USD,$0.09,$162.00,"2,160",10,9,,,3,3,Autoscale,r6g.medium,2,3,$0.01,$145.03,89%,0,0,8,1,64,8,0,0,31266,og4019-kafka-01-eks,rubix-asg-og4019-kafka-01-eks-20240506114907833400000007,1714,
AML,Arcadia,293128235220,test,293128235220:us-west-2:rubix-asg-og4019-kafka-01-eks-20240506114907834100000008,us-west-2,us-west-2b,r6i.2xlarge,USD,$0.09,$162.00,"2,160",11,17,,,3,3,Autoscale,x2gd.medium,2,3,$0.01,$134.50,83%,0,0,8,1,64,16,0,0,31266,og4019-kafka-01-eks,rubix-asg-og4019-kafka-01-eks-20240506114907834100000008,1908,
AML,Arcadia,293128235220,test,293128235220:us-west-2:rubix-asg-og4019-kafka-01-eks-20240506114907834200000009,us-west-2,us-west-2c,r6i.2xlarge,USD,$0.09,$162.00,"2,160",10,14,,,3,3,Autoscale,x2gd.medium,2,3,$0.01,$141.09,87%,0,0,8,1,64,16,0,0,31266,og4019-kafka-01-eks,rubix-asg-og4019-kafka-01-eks-20240506114907834200000009,1820,
AML,Arcadia,293128235220,test,293128235220:us-west-2:rubix-asg-og4019-kafka-04-eks-20240516103459916300000007,us-west-2,us-west-2a,r6i.4xlarge,USD,$0.17,$59.00,348,6,9,,,3,3,Autoscale,x2gd.medium,3,3,$0.01,$54.30,92%,0,0,16,1,128,16,0,0,31266,og4019-kafka-04-eks,rubix-asg-og4019-kafka-04-eks-20240516103459916300000007,3284,
AML,Arcadia,293128235220,test,293128235220:us-west-2:rubix-asg-og4019-kafka-04-eks-20240516103459925300000008,us-west-2,us-west-2c,r6i.4xlarge,USD,$0.17,$59.00,348,34,5,,,3,3,Autoscale,x2gd.large,1,9,$0.03,$55.41,94%,0,0,16,2,128,32,0,0,31266,og4019-kafka-04-eks,rubix-asg-og4019-kafka-04-eks-20240516103459925300000008,3254,
AML,Arcadia,293128235220,test,293128235220:us-west-2:rubix-asg-og4019-kafka-04-eks-20240516103459929200000009,us-west-2,us-west-2b,r6i.4xlarge,USD,$0.17,$59.00,348,8,6,,,3,3,Autoscale,r6g.medium,3,4,$0.01,$56.25,95%,0,0,16,1,128,8,0,0,31266,og4019-kafka-04-eks,rubix-asg-og4019-kafka-04-eks-20240516103459929200000009,3238,
AML,Arcadia,293128235220,test,293128235220:us-west-2:rubix-asg-og4019-privacy-service-eks-01-20241004202936712300000003,us-west-2,us-west-2a,m6i.xlarge,USD,$0.03,$62.00,"2,160",21,24,,,3,3,Autoscale,r6g.medium,2,3,$0.01,$48.70,79%,0,0,4,1,16,8,0,1,31266,og4019-privacy-service-eks-01,rubix-asg-og4019-privacy-service-eks-01-20241004202936712300000003,3232,
AML,Arcadia,293128235220,test,293128235220:us-west-2:rubix-asg-og4019-s10-flink-11-20240610055329407400000003,us-west-2,us-west-2c,m5.12xlarge,USD,$0.39,"$6,490.00","20,429",17,46,,,17,83,Autoscale,x2gd.large,37,195,$0.03,"$5,237.28",81%,0,0,48,2,192,32,0,0,default,og4019-s10-flink-11,rubix-asg-og4019-s10-flink-11-20240610055329407400000003,29,
AML,Arcadia,293128235220,test,293128235220:us-west-2:rubix-asg-og4019-s10-flink-12-20240610055512642000000003,us-west-2,us-west-2a,m5.12xlarge,USD,$0.39,"$1,950.00","5,460",5,60,,,4,9,Autoscale,x2gd.large,13,28,$0.03,"$1,444.83",74%,0,0,48,2,192,32,0,0,default,og4019-s10-flink-12,rubix-asg-og4019-s10-flink-12-20240610055512642000000003,172,
AML,Arcadia,293128235220,test,293128235220:us-west-2:rubix-asg-og4019-skate-eks-01-20240507194826079500000003,us-west-2,us-west-2a,m6i.2xlarge,USD,$0.07,$124.00,"2,160",18,19,,,3,3,Autoscale,r6g.medium,3,5,$0.01,$103.16,83%,0,0,8,1,32,8,0,0,spark,og4019-skate-eks-01,rubix-asg-og4019-skate-eks-01-20240507194826079500000003,2365,
AML,Arcadia,293128235220,test,293128235220:us-west-2:rubix-asg-og4019-spark-eks-01-20240507194854747500000007,us-west-2,us-west-2b,r6i.4xlarge,USD,$0.17,$384.00,"2,600",7,2,,,3,8,Autoscale,r6g.medium,2,10,$0.01,$371.51,97%,0,0,16,1,128,8,0,0,spark,og4019-spark-eks-01,rubix-asg-og4019-spark-eks-01-20240507194854747500000007,655,
AML,Arcadia,293128235220,test,293128235220:us-west-2:rubix-asg-og4019-spark-eks-01-20240507194854748200000008,us-west-2,us-west-2c,r7g.4xlarge,USD,$0.15,$184.00,"1,440",5,3,,,2,2,Autoscale,r6g.medium,1,2,$0.01,$176.30,96%,0,0,16,1,128,8,0,0,spark,og4019-spark-eks-01,rubix-asg-og4019-spark-eks-01-20240507194854748200000008,1365,
AML,Arcadia,293128235220,test,293128235220:us-west-2:rubix-asg-og4019-spark-eks-01-20240507194854748300000009,us-west-2,us-west-2c,r7g.4xlarge,USD,$0.15,$92.00,720,6,3,,,1,1,Autoscale,r6g.medium,1,1,$0.01,$85.89,93%,0,67,16,1,128,8,0,0,spark,og4019-spark-eks-01,rubix-asg-og4019-spark-eks-01-20240507194854748300000009,2601,
AML,Arcadia,293128235220,test,293128235220:us-west-2:rubix-asg-og4019-spark-eks-01-20240903222504580000000008,us-west-2,us-west-2a,r6i.8xlarge,USD,$0.34,$433.00,"1,442",3,2,,,2,4,Autoscale,r6g.medium,1,5,$0.01,$426.93,99%,0,48,32,1,256,8,0,0,spark,og4019-spark-eks-01,rubix-asg-og4019-spark-eks-01-20240903222504580000000008,569,
AML,Arcadia,293128235220,test,293128235220:us-west-2:rubix-asg-og4019-spark-eks-01-20240903222504587500000009,us-west-2,us-west-2a,r6i.4xlarge,USD,$0.17,$108.00,721,9,2,,,1,2,Autoscale,m6g.medium,1,2,$0.01,$103.57,96%,0,89,16,1,128,4,0,0,spark,og4019-spark-eks-01,rubix-asg-og4019-spark-eks-01-20240903222504587500000009,2375,
AML,Arcadia,293128235220,test,293128235220:us-west-2:rubix-asg-og4019-spark-eks-11-20240606072526994900000007,us-west-2,us-west-2c,r7g.4xlarge,USD,$0.15,$184.00,"1,440",14,5,,,2,2,Autoscale,m6g.medium,3,5,$0.01,$169.72,92%,0,0,16,1,128,4,0,0,spark,og4019-spark-eks-11,rubix-asg-og4019-spark-eks-11-20240606072526994900000007,1434,
AML,Arcadia,293128235220,test,293128235220:us-west-2:rubix-asg-og4019-spark-eks-11-20240606072527000900000008,us-west-2,us-west-2c,r6i.4xlarge,USD,$0.17,$325.00,"2,171",7,3,,,3,7,Autoscale,r6g.medium,2,9,$0.01,$312.49,96%,0,0,16,1,128,8,0,0,spark,og4019-spark-eks-11,rubix-asg-og4019-spark-eks-11-20240606072527000900000008,775,
AML,Arcadia,293128235220,test,293128235220:us-west-2:rubix-asg-og4019-spark-eks-11-20240606072527007200000009,us-west-2,us-west-2c,r7g.4xlarge,USD,$0.15,$184.00,"1,440",8,4,,,2,2,Autoscale,r6g.medium,2,3,$0.01,$171.21,93%,0,0,16,1,128,8,0,0,spark,og4019-spark-eks-11,rubix-asg-og4019-spark-eks-11-20240606072527007200000009,1417,
AML,Arcadia,293128235220,test,293128235220:us-west-2:rubix-asg-og4019-spark-eks-11-20240926081514926300000008,us-west-2,us-west-2a,r6i.8xlarge,USD,$0.34,$438.00,"1,458",4,3,,,2,4,Autoscale,r6g.medium,1,6,$0.01,$428.68,98%,0,50,32,1,256,8,0,0,spark,og4019-spark-eks-11,rubix-asg-og4019-spark-eks-11-20240926081514926300000008,563,
AML,Arcadia,293128235220,test,293128235220:us-west-2:rubix-asg-og4019-spark-eks-11-20240926081514926900000009,us-west-2,us-west-2b,r6i.4xlarge,USD,$0.17,$258.00,"1,713",10,6,,,2,9,Autoscale,r6g.medium,1,15,$0.01,$249.85,97%,0,0,16,1,128,8,0,0,spark,og4019-spark-eks-11,rubix-asg-og4019-spark-eks-11-20240926081514926900000009,929,
AML,Arcadia,293128235220,test,293128235220:us-west-2:rubix-asg-og4019-spark-eks-12-20240606072308537500000007,us-west-2,us-west-2a,r7g.4xlarge,USD,$0.15,$184.00,"1,440",6,5,,,2,2,Autoscale,r6g.medium,2,2,$0.01,$171.77,93%,0,0,16,1,128,8,0,0,spark,og4019-spark-eks-12,rubix-asg-og4019-spark-eks-12-20240606072308537500000007,1412,
AML,Arcadia,293128235220,test,293128235220:us-west-2:rubix-asg-og4019-spark-eks-12-20240606072308540600000008,us-west-2,us-west-2c,r6i.4xlarge,USD,$0.17,$330.00,"2,205",8,3,,,3,9,Autoscale,r6g.medium,2,10,$0.01,$316.10,96%,0,0,16,1,128,8,0,0,spark,og4019-spark-eks-12,rubix-asg-og4019-spark-eks-12-20240606072308540600000008,767,
AML,Arcadia,293128235220,test,293128235220:us-west-2:rubix-asg-og4019-spark-eks-12-20240606072308542200000009,us-west-2,us-west-2c,r7g.4xlarge,USD,$0.15,$184.00,"1,440",7,4,,,2,2,Autoscale,r6g.medium,1,3,$0.01,$172.09,93%,0,0,16,1,128,8,0,0,spark,og4019-spark-eks-12,rubix-asg-og4019-spark-eks-12-20240606072308542200000009,1408,
AML,Arcadia,293128235220,test,293128235220:us-west-2:rubix-asg-og4019-spark-eks-12-20240928042745077700000008,us-west-2,us-west-2c,r6i.4xlarge,USD,$0.17,$319.00,"2,469",43,44,,,2,11,Autoscale,r6g.large,1,31,$0.02,$278.01,87%,0,0,16,2,128,16,0,0,spark,og4019-spark-eks-12,rubix-asg-og4019-spark-eks-12-20240928042745077700000008,752,
AML,Arcadia,293128235220,test,293128235220:us-west-2:rubix-asg-og4019-spark-eks-12-20240928042745077800000009,us-west-2,us-west-2a,r6i.8xlarge,USD,$0.34,$446.00,"1,350",9,4,,,2,6,Autoscale,r6g.medium,1,10,$0.01,$431.70,97%,0,0,32,1,256,8,0,0,spark,og4019-spark-eks-12,rubix-asg-og4019-spark-eks-12-20240928042745077800000009,631,
AML,Arcadia,293128235220,test,293128235220:us-west-2:rubix-asg-og4019-superset-eks-01-20240516211352819200000003,us-west-2,us-west-2a,m6i.2xlarge,USD,$0.07,$124.00,"2,176",17,16,,,3,8,Autoscale,r6g.medium,2,11,$0.01,$111.09,90%,0,0,8,1,32,8,0,0,31266,og4019-superset-eks-01,rubix-asg-og4019-superset-eks-01-20240516211352819200000003,2201,
AML,Arcadia,293128235220,test,293128235220:us-west-2:rubix-asg-og4019-surface-10-20240610055204059500000003,us-west-2,us-west-2a,(multiple),USD,$0.07,$165.00,"2,884",16,14,,,4,8,Autoscale,r6g.medium,2,10,$0.01,$146.20,89%,0,0,8,1,32,8,0,0,default,og4019-surface-10,rubix-asg-og4019-surface-10-20240610055204059500000003,1674,
AML,Arcadia,293128235220,test,293128235220:us-west-2:rubix-asg-og4019-trino-eks-01-20250424184422246100000005,us-west-2,us-west-2b,r7g.8xlarge,USD,$0.29,$552.00,"2,161",24,33,,,3,4,Autoscale,x2gd.large,8,12,$0.03,$388.28,70%,0,0,32,2,256,32,0,0,31266,og4019-trino-eks-01,rubix-asg-og4019-trino-eks-01-20250424184422246100000005,607,
AML,Arcadia,293128235220,test,293128235220:us-west-2:rubix-asg-og4019-trino-eks-01-20250425224105606900000003,us-west-2,us-west-2b,r7g.16xlarge,USD,$0.58,$368.00,720,3,50,,,1,1,Autoscale,x2gd.xlarge,4,4,$0.06,$204.69,56%,0,88,64,4,512,64,0,0,31266,og4019-trino-eks-01,rubix-asg-og4019-trino-eks-01-20250425224105606900000003,1053,
AML,Arcadia,608086202345,prod,608086202345:us-west-2:rubix-asg-og4016-aml-aulos-spark-eks-01-20250107203657204200000003,us-west-2,us-west-2b,r6i.8xlarge,USD,$0.34,$994.00,"3,268",4,18,,,4,12,Autoscale,x2gd.medium,4,21,$0.01,$883.35,89%,0,0,32,1,256,16,0,0,aml-aulos-spark-arcadia-r,og4016-aml-aulos-spark-eks-01,rubix-asg-og4016-aml-aulos-spark-eks-01-20250107203657204200000003,274,
AML,Arcadia,608086202345,test,608086202345:us-east-1:rubix-asg-arcadia-nr-test-use1-mcp-20250424123221070600000003,us-east-1,us-east-1b,m5.4xlarge,USD,$0.13,$324.00,"2,835",20,10,,,3,7,Autoscale,m6g.medium,5,23,$0.01,$299.91,93%,0,0,16,1,64,4,0,0,31266,arcadia-nr-test-use1-mcp,rubix-asg-arcadia-nr-test-use1-mcp-20250424123221070600000003,785,
AML,Arcadia,608086202345,test,608086202345:us-east-1:rubix-asg-va4016-guardian-eks-10-20250509083142328100000003,us-east-1,us-east-1b,m6i.xlarge,USD,$0.03,$144.00,"5,040",10,18,,,7,7,Autoscale,r6g.medium,3,3,$0.01,$125.84,87%,0,0,4,1,16,8,0,1,31266,va4016-guardian-eks-10,rubix-asg-va4016-guardian-eks-10-20250509083142328100000003,2093,
AML,Arcadia,608086202345,test,608086202345:us-east-1:rubix-asg-va4016-hms-platform-eks-10-20250506144043513000000003,us-east-1,us-east-1b,m6i.2xlarge,USD,$0.07,$124.00,"2,160",14,28,,,3,3,Autoscale,x2gd.medium,2,4,$0.01,$102.54,83%,0,0,8,1,32,16,0,1,31266,va4016-hms-platform-eks-10,rubix-asg-va4016-hms-platform-eks-10-20250506144043513000000003,2367,
AML,Arcadia,608086202345,test,608086202345:us-east-1:rubix-asg-va4016-irc-eks-10-20250522112633971100000003,us-east-1,us-east-1b,m6i.2xlarge,USD,$0.07,$130.00,"2,262",25,30,,,3,9,Autoscale,r6g.medium,1,12,$0.01,$108.72,84%,0,0,8,1,32,8,0,0,31266,va4016-irc-eks-10,rubix-asg-va4016-irc-eks-10-20250522112633971100000003,2272,
AML,Arcadia,608086202345,test,608086202345:us-west-2:rubix-asg-arcadia-nr-test-mcp-20240527092433110700000003,us-west-2,us-west-2a,m5.4xlarge,USD,$0.13,$280.00,"2,274",28,14,,,3,9,Autoscale,m6g.medium,7,36,$0.01,$246.97,88%,0,0,16,1,64,4,0,0,31266,arcadia-nr-test-mcp,rubix-asg-arcadia-nr-test-mcp-20240527092433110700000003,1030,
AML,Arcadia,608086202345,test,608086202345:us-west-2:rubix-asg-og4016-airflow-eks-10-20240606133520062700000007,us-west-2,us-west-2c,m6i.2xlarge,USD,$0.07,$41.00,720,18,20,,,1,1,Autoscale,r6g.medium,1,2,$0.01,$33.81,82%,0,0,8,1,32,8,0,0,31266,og4016-airflow-eks-10,rubix-asg-og4016-airflow-eks-10-20240606133520062700000007,3893,
AML,Arcadia,608086202345,test,608086202345:us-west-2:rubix-asg-og4016-airflow-eks-10-20240606133520063900000008,us-west-2,us-west-2c,m6i.2xlarge,USD,$0.07,$124.00,"2,164",36,15,,,3,5,Autoscale,c6g.medium,8,14,$0.01,$86.39,70%,0,0,8,1,32,2,0,0,31266,og4016-airflow-eks-10,rubix-asg-og4016-airflow-eks-10-20240606133520063900000008,2482,
AML,Arcadia,608086202345,test,608086202345:us-west-2:rubix-asg-og4016-airflow-eks-10-20240606133520065000000009,us-west-2,us-west-2b,m6i.2xlarge,USD,$0.07,$64.00,"1,195",88,34,,,1,2,Autoscale,c6g.large,3,6,$0.01,$31.98,50%,0,0,8,2,32,4,0,0,31266,og4016-airflow-eks-10,rubix-asg-og4016-airflow-eks-10-20240606133520065000000009,3656,
AML,Arcadia,608086202345,test,608086202345:us-west-2:rubix-asg-og4016-aml-dhari-rubix-01-20240103201834991300000003,us-west-2,us-west-2c,r6a.4xlarge,USD,$0.15,$706.00,"5,478",32,22,,,5,17,Autoscale,r6g.medium,10,37,$0.01,$577.34,82%,0,0,16,1,128,8,0,0,aml-dhari-arcadia-main,og4016-aml-dhari-rubix-01,rubix-asg-og4016-aml-dhari-rubix-01-20240103201834991300000003,382,
AML,Arcadia,608086202345,test,608086202345:us-west-2:rubix-asg-og4016-aml-dhari-rubix-01-20250403184524921300000004,us-west-2,us-west-2c,r7g.4xlarge,USD,$0.15,$92.00,720,39,17,,,1,1,Autoscale,r6g.large,1,4,$0.02,$77.56,84%,0,11,16,2,128,16,0,0,aml-dhari-arcadia-main,og4016-aml-dhari-rubix-01,rubix-asg-og4016-aml-dhari-rubix-01-20250403184524921300000004,2720,
AML,Arcadia,608086202345,test,608086202345:us-west-2:rubix-asg-og4016-aml-isds-tigergraph-01-20250418224659870400000007,us-west-2,us-west-2c,r6i.4xlarge,USD,$0.17,$108.00,668,38,97,,,1,2,Autoscale,r6g.large,1,8,$0.02,$96.28,89%,0,0,16,2,128,16,0,0,aml-arcadia-isds-tigergraph,og4016-aml-isds-tigergraph-01,rubix-asg-og4016-aml-isds-tigergraph-01-20250418224659870400000007,2488,
AML,Arcadia,608086202345,test,608086202345:us-west-2:rubix-asg-og4016-aml-isds-tigergraph-01-20250418224659881400000008,us-west-2,us-west-2c,r6i.4xlarge,USD,$0.17,$220.00,"4,630",16,6,,,1,30,Autoscale,m6g.medium,2,35,$0.01,$195.65,89%,0,0,16,1,128,4,0,0,aml-arcadia-isds-tigergraph,og4016-aml-isds-tigergraph-01,rubix-asg-og4016-aml-isds-tigergraph-01-20250418224659881400000008,359,
AML,Arcadia,608086202345,test,608086202345:us-west-2:rubix-asg-og4016-aml-isds-tigergraph-01-20250418224659898500000009,us-west-2,us-west-2a,r6i.4xlarge,USD,$0.17,$185.00,"1,119",31,54,,,1,5,Autoscale,m6g.medium,2,18,$0.01,$173.41,94%,0,0,16,1,128,4,0,0,aml-arcadia-isds-tigergraph,og4016-aml-isds-tigergraph-01,rubix-asg-og4016-aml-isds-tigergraph-01-20250418224659898500000009,1603,
AML,Arcadia,608086202345,test,608086202345:us-west-2:rubix-asg-og4016-aml-qa-dhari-rubix-02-20250211201350268600000005,us-west-2,us-west-2a,m7g.12xlarge,USD,$0.33,$210.00,720,2,2,,,1,1,Autoscale,m6g.medium,1,1,$0.01,$205.70,98%,0,100,48,1,192,4,0,0,aml-dhari-minerva,og4016-aml-qa-dhari-rubix-02,rubix-asg-og4016-aml-qa-dhari-rubix-02-20250211201350268600000005,1148,
AML,Arcadia,608086202345,test,608086202345:us-west-2:rubix-asg-og4016-aml-qa-dhari-rubix-02-20250211201350268700000006,us-west-2,us-west-2b,r6a.8xlarge,USD,$0.31,$585.00,"2,160",3,7,,,3,3,Autoscale,x2gd.xlarge,1,1,$0.06,$543.94,93%,0,0,32,4,256,64,0,0,aml-dhari-arcadia-main,og4016-aml-qa-dhari-rubix-02,rubix-asg-og4016-aml-qa-dhari-rubix-02-20250211201350268700000006,430,
AML,Arcadia,608086202345,test,608086202345:us-west-2:rubix-asg-og4016-aml-qa-rubix-01-20250124003123161300000005,us-west-2,us-west-2a,r6i.4xlarge,USD,$0.17,$217.00,"1,440",8,11,,,2,2,Autoscale,r6g.medium,3,4,$0.01,$195.82,90%,0,0,16,1,128,8,0,0,aml-arcadia-qa,og4016-aml-qa-rubix-01,rubix-asg-og4016-aml-qa-rubix-01-20250124003123161300000005,1182,
AML,Arcadia,608086202345,test,608086202345:us-west-2:rubix-asg-og4016-aml-qa-rubix-01-20250124003123161400000006,us-west-2,us-west-2b,r6g.4xlarge,USD,$0.14,$173.00,"1,440",12,8,,,2,2,Autoscale,r6g.medium,1,4,$0.01,$156.17,90%,0,0,16,1,128,8,0,0,aml-arcadia-qa,og4016-aml-qa-rubix-01,rubix-asg-og4016-aml-qa-rubix-01-20250124003123161400000006,1599,
AML,Arcadia,608086202345,test,608086202345:us-west-2:rubix-asg-og4016-data-portal-eks-01-20240611175902061400000003,us-west-2,us-west-2c,m6i.xlarge,USD,$0.03,$62.00,"2,173",38,27,,,3,10,Autoscale,r6g.medium,2,14,$0.01,$49.29,80%,0,0,4,1,16,8,0,1,31266,og4016-data-portal-eks-01,rubix-asg-og4016-data-portal-eks-01-20240611175902061400000003,3213,
AML,Arcadia,608086202345,test,608086202345:us-west-2:rubix-asg-og4016-guardian-eks-10-20240603165253412700000003,us-west-2,us-west-2a,m6i.2xlarge,USD,$0.07,$124.00,"2,160",15,24,,,3,3,Autoscale,r6g.medium,3,4,$0.01,$105.26,85%,0,0,8,1,32,8,0,0,31266,og4016-guardian-eks-10,rubix-asg-og4016-guardian-eks-10-20240603165253412700000003,2354,
AML,Arcadia,608086202345,test,608086202345:us-west-2:rubix-asg-og4016-hms-platform-eks-10-20240603194655734800000003,us-west-2,us-west-2c,m6i.2xlarge,USD,$0.07,$124.00,"2,160",13,40,,,3,3,Autoscale,x2gd.medium,2,4,$0.01,$94.36,76%,0,0,8,1,32,16,0,1,31266,og4016-hms-platform-eks-10,rubix-asg-og4016-hms-platform-eks-10-20240603194655734800000003,2401,
AML,Arcadia,608086202345,test,608086202345:us-west-2:rubix-asg-og4016-irc-eks-10-20240603233003336200000003,us-west-2,us-west-2c,m6i.2xlarge,USD,$0.07,$165.00,"2,880",14,29,,,4,4,Autoscale,r6g.medium,5,5,$0.01,$134.17,81%,0,0,8,1,32,8,0,0,31266,og4016-irc-eks-10,rubix-asg-og4016-irc-eks-10-20240603233003336200000003,1909,
AML,Arcadia,608086202345,test,608086202345:us-west-2:rubix-asg-og4016-jupyter-eks-10-20240606161007636000000003,us-west-2,us-west-2a,m6i.2xlarge,USD,$0.07,$125.00,"2,176",42,27,,,3,5,Autoscale,m6g.medium,5,10,$0.01,$96.27,77%,0,0,8,1,32,4,0,0,31266,og4016-jupyter-eks-10,rubix-asg-og4016-jupyter-eks-10-20240606161007636000000003,2390,
AML,Arcadia,608086202345,test,608086202345:us-west-2:rubix-asg-og4016-kafka-10-eks-20240529195120775400000007,us-west-2,us-west-2b,r5n.4xlarge,USD,$0.20,$384.00,"2,160",17,8,,,3,3,Autoscale,r6g.medium,4,9,$0.01,$353.96,92%,0,0,16,1,128,8,0,0,31266,og4016-kafka-10-eks,rubix-asg-og4016-kafka-10-eks-20240529195120775400000007,711,
AML,Arcadia,608086202345,test,608086202345:us-west-2:rubix-asg-og4016-kafka-10-eks-20240529195120775400000008,us-west-2,us-west-2c,r5n.4xlarge,USD,$0.20,$384.00,"2,160",20,9,,,3,3,Autoscale,r6g.medium,5,10,$0.01,$350.82,91%,0,0,16,1,128,8,0,0,31266,og4016-kafka-10-eks,rubix-asg-og4016-kafka-10-eks-20240529195120775400000008,725,
AML,Arcadia,608086202345,test,608086202345:us-west-2:rubix-asg-og4016-kafka-10-eks-20240529195120776100000009,us-west-2,us-west-2a,r5n.4xlarge,USD,$0.20,$384.00,"2,160",20,8,,,3,3,Autoscale,r6g.medium,4,10,$0.01,$351.57,92%,0,0,16,1,128,8,0,0,31266,og4016-kafka-10-eks,rubix-asg-og4016-kafka-10-eks-20240529195120776100000009,723,
AML,Arcadia,608086202345,test,608086202345:us-west-2:rubix-asg-og4016-kafka-11-eks-20241114064115440900000007,us-west-2,us-west-2a,r6i.2xlarge,USD,$0.09,$162.00,"2,160",11,11,,,3,3,Autoscale,r6g.medium,3,3,$0.01,$143.92,89%,0,0,8,1,64,8,0,0,31266,og4016-kafka-11-eks,rubix-asg-og4016-kafka-11-eks-20241114064115440900000007,1728,
AML,Arcadia,608086202345,test,608086202345:us-west-2:rubix-asg-og4016-kafka-11-eks-20241114064115453700000008,us-west-2,us-west-2b,r6i.2xlarge,USD,$0.09,$162.00,"2,160",10,11,,,3,3,Autoscale,r6g.medium,3,3,$0.01,$143.92,89%,0,0,8,1,64,8,0,0,31266,og4016-kafka-11-eks,rubix-asg-og4016-kafka-11-eks-20241114064115453700000008,1727,
AML,Arcadia,608086202345,test,608086202345:us-west-2:rubix-asg-og4016-kafka-11-eks-20241114064115458700000009,us-west-2,us-west-2c,r6i.2xlarge,USD,$0.09,$162.00,"2,160",11,14,,,3,3,Autoscale,x2gd.medium,2,3,$0.01,$140.44,86%,0,0,8,1,64,16,0,0,31266,og4016-kafka-11-eks,rubix-asg-og4016-kafka-11-eks-20241114064115458700000009,1829,
AML,Arcadia,608086202345,test,608086202345:us-west-2:rubix-asg-og4016-mlflow-eks-01-20250528045101489200000003,us-west-2,us-west-2c,m5.4xlarge,USD,$0.13,$247.00,"2,160",5,6,,,3,3,Autoscale,x2gd.medium,1,3,$0.01,$235.33,95%,0,0,16,1,64,16,0,0,31266,og4016-mlflow-eks-01,rubix-asg-og4016-mlflow-eks-01-20250528045101489200000003,1016,
AML,Arcadia,608086202345,test,608086202345:us-west-2:rubix-asg-og4016-privacy-service-eks-10-20241118084104755000000003,us-west-2,us-west-2a,m6i.xlarge,USD,$0.03,$62.00,"2,160",15,21,,,3,3,Autoscale,r6g.medium,2,2,$0.01,$49.55,80%,0,0,4,1,16,8,0,1,31266,og4016-privacy-service-eks-10,rubix-asg-og4016-privacy-service-eks-10-20241118084104755000000003,3214,
AML,Arcadia,608086202345,test,608086202345:us-west-2:rubix-asg-og4016-s10-flink-10-20240629153235545400000003,us-west-2,us-west-2c,m5.12xlarge,USD,$0.39,"$2,743.00","7,926",14,58,,,10,23,Autoscale,x2gd.large,31,79,$0.03,"$2,016.02",73%,0,0,48,2,192,32,0,0,default,og4016-s10-flink-10,rubix-asg-og4016-s10-flink-10-20240629153235545400000003,105,
AML,Arcadia,608086202345,test,608086202345:us-west-2:rubix-asg-og4016-s10-flink-10-20241203053414056400000004,us-west-2,us-west-2a,m7g.16xlarge,USD,$0.44,"$4,607.00","12,487",12,40,,,6,47,Autoscale,x2gd.large,6,97,$0.03,"$3,674.02",80%,0,0,64,2,256,32,0,0,default,og4016-s10-flink-10,rubix-asg-og4016-s10-flink-10-20241203053414056400000004,48,
AML,Arcadia,608086202345,test,608086202345:us-west-2:rubix-asg-og4016-s10-flink-11-20240608155333598800000003,us-west-2,us-west-2c,m5.12xlarge,USD,$0.39,"$10,327.00","29,051",6,42,,,23,104,Autoscale,x2gd.medium,102,310,$0.01,"$8,676.41",84%,0,0,48,1,192,16,0,0,default,og4016-s10-flink-11,rubix-asg-og4016-s10-flink-11-20240608155333598800000003,17,
AML,Arcadia,608086202345,test,608086202345:us-west-2:rubix-asg-og4016-s10-flink-11-20250212135109948300000004,us-west-2,us-west-2c,m7g.16xlarge,USD,$0.44,$982.00,"2,666",21,30,,,3,10,Autoscale,x2gd.large,2,32,$0.03,$851.99,87%,0,0,64,2,256,32,0,0,default,og4016-s10-flink-11,rubix-asg-og4016-s10-flink-11-20250212135109948300000004,259,
AML,Arcadia,608086202345,test,608086202345:us-west-2:rubix-asg-og4016-s10-flink-12-20240629153416660900000003,us-west-2,us-west-2c,m5.12xlarge,USD,$0.39,"$3,713.00","10,800",18,28,,,15,15,Autoscale,x2gd.xlarge,10,33,$0.06,"$3,211.70",86%,0,0,48,4,192,64,0,0,default,og4016-s10-flink-12,rubix-asg-og4016-s10-flink-12-20240629153416660900000003,60,
AML,Arcadia,608086202345,test,608086202345:us-west-2:rubix-asg-og4016-skate-eks-10-20240603212625788000000003,us-west-2,us-west-2b,m6i.2xlarge,USD,$0.07,$124.00,"2,160",27,24,,,3,3,Autoscale,r6g.medium,3,7,$0.01,$104.32,84%,0,0,8,1,32,8,0,0,spark,og4016-skate-eks-10,rubix-asg-og4016-skate-eks-10-20240603212625788000000003,2356,
AML,Arcadia,608086202345,test,608086202345:us-west-2:rubix-asg-og4016-spark-eks-10-20240603212614802000000007,us-west-2,us-west-2c,r7g.4xlarge,USD,$0.15,$184.00,"1,442",7,6,,,2,4,Autoscale,r6g.medium,1,4,$0.01,$174.03,95%,0,0,16,1,128,8,0,0,spark,og4016-spark-eks-10,rubix-asg-og4016-spark-eks-10-20240603212614802000000007,1372,
AML,Arcadia,608086202345,test,608086202345:us-west-2:rubix-asg-og4016-spark-eks-10-20240603212614802000000008,us-west-2,us-west-2a,r7g.4xlarge,USD,$0.15,$213.00,"1,665",10,5,,,1,21,Autoscale,r6g.medium,1,21,$0.01,$202.49,95%,0,0,16,1,128,8,0,0,spark,og4016-spark-eks-10,rubix-asg-og4016-spark-eks-10-20240603212614802000000008,1165,
AML,Arcadia,608086202345,test,608086202345:us-west-2:rubix-asg-og4016-spark-eks-10-20240603212614802200000009,us-west-2,us-west-2b,r6i.4xlarge,USD,$0.17,$325.00,"2,168",9,4,,,3,7,Autoscale,m6g.medium,3,10,$0.01,$308.57,95%,0,0,16,1,128,4,0,0,spark,og4016-spark-eks-10,rubix-asg-og4016-spark-eks-10-20240603212614802200000009,780,
AML,Arcadia,608086202345,test,608086202345:us-west-2:rubix-asg-og4016-spark-eks-10-20240613141941634800000005,us-west-2,us-west-2b,r6i.8xlarge,USD,$0.34,$433.00,"1,444",9,8,,,2,4,Autoscale,r6g.medium,1,7,$0.01,$406.61,94%,0,0,32,1,256,8,0,0,spark,og4016-spark-eks-10,rubix-asg-og4016-spark-eks-10-20240613141941634800000005,605,
AML,Arcadia,608086202345,test,608086202345:us-west-2:rubix-asg-og4016-spark-eks-10-20240613141941635100000006,us-west-2,us-west-2a,r6i.4xlarge,USD,$0.17,"$1,103.00","10,346",42,63,,,1,46,Autoscale,r6g.medium,1,128,$0.01,$691.49,63%,0,0,16,1,128,8,0,0,spark,og4016-spark-eks-10,rubix-asg-og4016-spark-eks-10-20240613141941635100000006,220,
AML,Arcadia,608086202345,test,608086202345:us-west-2:rubix-asg-og4016-spark-eks-11-20240606214635735100000007,us-west-2,us-west-2b,r7g.4xlarge,USD,$0.15,$269.00,"2,403",50,53,,,2,61,Autoscale,r6g.medium,1,206,$0.01,$228.88,85%,0,0,16,1,128,8,0,0,spark,og4016-spark-eks-11,rubix-asg-og4016-spark-eks-11-20240606214635735100000007,851,
AML,Arcadia,608086202345,test,608086202345:us-west-2:rubix-asg-og4016-spark-eks-11-20240606214635740400000008,us-west-2,us-west-2c,r6i.4xlarge,USD,$0.17,$376.00,"2,475",9,3,,,3,8,Autoscale,m6g.medium,3,11,$0.01,$358.76,95%,0,0,16,1,128,4,0,0,spark,og4016-spark-eks-11,rubix-asg-og4016-spark-eks-11-20240606214635740400000008,713,
AML,Arcadia,608086202345,test,608086202345:us-west-2:rubix-asg-og4016-spark-eks-11-20240606214635740700000009,us-west-2,us-west-2a,r7g.4xlarge,USD,$0.15,$184.00,"1,442",15,6,,,2,4,Autoscale,r6g.medium,1,5,$0.01,$171.12,93%,0,0,16,1,128,8,0,0,spark,og4016-spark-eks-11,rubix-asg-og4016-spark-eks-11-20240606214635740700000009,1414,
AML,Arcadia,608086202345,test,608086202345:us-west-2:rubix-asg-og4016-spark-eks-11-20240820235252145000000005,us-west-2,us-west-2a,r6i.4xlarge,USD,$0.17,$359.00,"2,468",15,25,,,2,52,Autoscale,r6g.medium,2,117,$0.01,$331.87,92%,0,0,16,1,128,8,0,0,spark,og4016-spark-eks-11,rubix-asg-og4016-spark-eks-11-20240820235252145000000005,735,
AML,Arcadia,608086202345,test,608086202345:us-west-2:rubix-asg-og4016-spark-eks-11-20240820235252145200000006,us-west-2,us-west-2c,r6i.8xlarge,USD,$0.34,$480.00,"1,584",6,4,,,2,4,Autoscale,m6g.medium,3,7,$0.01,$463.45,96%,0,0,32,1,256,4,0,0,spark,og4016-spark-eks-11,rubix-asg-og4016-spark-eks-11-20240820235252145200000006,521,
AML,Arcadia,608086202345,test,608086202345:us-west-2:rubix-asg-og4016-spark-eks-12-2025020706165190200000000a,us-west-2,us-west-2a,r6i.8xlarge,USD,$0.34,$446.00,"1,500",10,7,,,2,8,Autoscale,r6g.medium,1,14,$0.01,$432.58,97%,0,0,32,1,256,8,0,0,spark,og4016-spark-eks-12,rubix-asg-og4016-spark-eks-12-2025020706165190200000000a,547,
AML,Arcadia,608086202345,test,608086202345:us-west-2:rubix-asg-og4016-spark-eks-12-2025020706165191100000000b,us-west-2,us-west-2c,r6i.4xlarge,USD,$0.17,$550.00,"4,235",89,54,,,1,254,Autoscale,r6g.medium,1,337,$0.01,$468.57,85%,0,0,16,1,128,8,0,0,spark,og4016-spark-eks-12,rubix-asg-og4016-spark-eks-12-2025020706165191100000000b,414,
AML,Arcadia,608086202345,test,608086202345:us-west-2:rubix-asg-og4016-spark-eks-12-20240606214338742400000007,us-west-2,us-west-2a,r7g.4xlarge,USD,$0.15,$184.00,"1,442",28,10,,,2,4,Autoscale,r6g.medium,1,9,$0.01,$173.36,94%,0,0,16,1,128,8,0,0,spark,og4016-spark-eks-12,rubix-asg-og4016-spark-eks-12-20240606214338742400000007,1397,
AML,Arcadia,608086202345,test,608086202345:us-west-2:rubix-asg-og4016-spark-eks-12-20240606214338743100000008,us-west-2,us-west-2b,r7g.4xlarge,USD,$0.15,$248.00,"2,145",43,51,,,1,15,Autoscale,r6g.medium,1,60,$0.01,$206.59,83%,0,0,16,1,128,8,0,0,spark,og4016-spark-eks-12,rubix-asg-og4016-spark-eks-12-20240606214338743100000008,1015,
AML,Arcadia,608086202345,test,608086202345:us-west-2:rubix-asg-og4016-spark-eks-12-20240606214338743800000009,us-west-2,us-west-2c,r6i.4xlarge,USD,$0.17,$326.00,"2,182",11,3,,,3,7,Autoscale,r6g.medium,2,9,$0.01,$313.52,96%,0,0,16,1,128,8,0,0,spark,og4016-spark-eks-12,rubix-asg-og4016-spark-eks-12-20240606214338743800000009,773,
AML,Arcadia,608086202345,test,608086202345:us-west-2:rubix-asg-og4016-spark-eks-12-20250129140254426700000005,us-west-2,us-west-2a,r8g.4xlarge,USD,$0.16,$203.00,"1,448",6,4,,,2,4,Autoscale,r6g.medium,1,4,$0.01,$194.62,96%,0,0,16,1,128,8,0,0,spark,og4016-spark-eks-12,rubix-asg-og4016-spark-eks-12-20250129140254426700000005,1191,
AML,Arcadia,608086202345,test,608086202345:us-west-2:rubix-asg-og4016-spark-eks-12-20250129140254427500000006,us-west-2,us-west-2c,r8g.4xlarge,USD,$0.16,$250.00,"1,913",8,6,,,2,17,Autoscale,m6g.medium,2,23,$0.01,$236.43,94%,0,7,16,1,128,4,0,0,spark,og4016-spark-eks-12,rubix-asg-og4016-spark-eks-12-20250129140254427500000006,898,
AML,Arcadia,608086202345,test,608086202345:us-west-2:rubix-asg-og4016-superset-eks-10-20240606055557284000000003,us-west-2,us-west-2a,m6i.2xlarge,USD,$0.07,$124.00,"2,163",17,19,,,3,6,Autoscale,r6g.medium,2,8,$0.01,$108.45,88%,0,0,8,1,32,8,0,0,31266,og4016-superset-eks-10,rubix-asg-og4016-superset-eks-10-20240606055557284000000003,2274,
AML,Arcadia,608086202345,test,608086202345:us-west-2:rubix-asg-og4016-surface-10-20240629150114790700000003,us-west-2,us-west-2b,m6i.2xlarge,USD,$0.07,$190.00,"3,355",19,15,,,4,5,Autoscale,r6g.medium,3,7,$0.01,$166.29,87%,0,0,8,1,32,8,0,0,default,og4016-surface-10,rubix-asg-og4016-surface-10-20240629150114790700000003,1435,
AML,Arcadia,608086202345,test,608086202345:us-west-2:rubix-asg-og4016-trino-eks-10-20250421225150779500000008,us-west-2,us-west-2b,r7g.8xlarge,USD,$0.29,$368.00,"1,440",28,78,,,2,2,Autoscale,x2gd.xlarge,7,7,$0.06,$82.05,22%,0,31,32,4,256,64,0,0,31266,og4016-trino-eks-10,rubix-asg-og4016-trino-eks-10-20250421225150779500000008,2180,
AML,Arcadia,608086202345,test,608086202345:us-west-2:rubix-asg-og4016-trino-eks-10-20250421225150795100000009,us-west-2,us-west-2c,r7g.8xlarge,USD,$0.29,$368.00,"1,440",93,79,,,2,2,Autoscale,x2gd.2xlarge,1,8,$0.11,$44.57,12%,0,5,32,8,256,128,0,1,31266,og4016-trino-eks-10,rubix-asg-og4016-trino-eks-10-20250421225150795100000009,2655,
AML,Arcadia,608086202345,test,608086202345:us-west-2:rubix-asg-og4016-trino-eks-10-20250422205742285600000003,us-west-2,us-west-2a,r7g.16xlarge,USD,$0.58,$736.00,"1,440",4,65,,,2,2,Autoscale,x2gd.2xlarge,4,6,$0.11,$288.31,39%,0,61,64,8,512,128,0,0,31266,og4016-trino-eks-10,rubix-asg-og4016-trino-eks-10-20250422205742285600000003,745,
AML,Arcadia,608086202345,test,608086202345:us-west-2:rubix-asg-requote365-arcadiamain-test-20240216175005249900000007,us-west-2,us-west-2a,r6i.4xlarge,USD,$0.17,$329.00,"2,139",23,21,,,2,9,Autoscale,x2gd.medium,2,26,$0.01,$283.15,86%,0,0,16,1,128,16,0,0,31266,requote365-arcadiamain-test,rubix-asg-requote365-arcadiamain-test-20240216175005249900000007,824,
AML,Arcadia,608086202345,test,608086202345:us-west-2:rubix-asg-requote365-arcadiamain-test-20240216175005251200000008,us-west-2,us-west-2b,r6i.4xlarge,USD,$0.17,$327.00,"2,204",25,22,,,3,7,Autoscale,r6g.medium,6,22,$0.01,$273.15,84%,0,0,16,1,128,8,0,0,31266,requote365-arcadiamain-test,rubix-asg-requote365-arcadiamain-test-20240216175005251200000008,820,
AML,Arcadia,608086202345,test,608086202345:us-west-2:rubix-asg-requote365-arcadiamain-test-20240216175005252800000009,us-west-2,us-west-2c,r6i.4xlarge,USD,$0.17,$371.00,"2,467",36,20,,,3,9,Autoscale,r6g.medium,5,22,$0.01,$316.84,85%,0,0,16,1,128,8,0,0,31266,requote365-arcadiamain-test,rubix-asg-requote365-arcadiamain-test-20240216175005252800000009,764,
AML,Arcadia,942235266971,cscassini_prod,942235266971:us-east-1:rubix-asg-cassini-prod-east1-20211016085958043700000003,us-east-1,us-east-1a,m6i.4xlarge,USD,$0.13,$495.00,"4,326",18,33,,,6,12,Autoscale,x2gd.medium,3,18,$0.01,$423.91,86%,0,0,16,1,64,16,0,0,171817,cassini-prod-east1,rubix-asg-cassini-prod-east1-20211016085958043700000003,558,
AML,Arcadia,942235266971,cscassini_prod,942235266971:us-east-1:rubix-asg-cassini-prod-shared1-east1-20240314215408267400000003,us-east-1,us-east-1a,m6i.4xlarge,USD,$0.13,$330.00,"2,884",5,12,,,4,8,Autoscale,x2gd.medium,1,7,$0.01,$309.84,94%,0,0,16,1,64,16,0,0,171817,cassini-prod-shared1-east1,rubix-asg-cassini-prod-shared1-east1-20240314215408267400000003,779,
AML,Arcadia,942235266971,cscassini_prod,942235266971:us-west-2:rubix-asg-cassini-prod-shared1-west2-20240314214811631800000003,us-west-2,us-west-2a,m6i.4xlarge,USD,$0.13,$330.00,"2,884",3,12,,,4,8,Autoscale,x2gd.medium,1,5,$0.01,$309.90,94%,0,0,16,1,64,16,0,0,171817,cassini-prod-shared1-west2,rubix-asg-cassini-prod-shared1-west2-20240314214811631800000003,778,
AML,Arcadia,942235266971,cscassini_prod,942235266971:us-west-2:rubix-asg-cassini-prod-west2-20211016085956801100000003,us-west-2,us-west-2c,m6i.4xlarge,USD,$0.13,$495.00,"4,326",38,33,,,6,12,Autoscale,r6g.medium,6,37,$0.01,$403.95,82%,0,0,16,1,64,8,0,0,171817,cassini-prod-west2,rubix-asg-cassini-prod-west2-20211016085956801100000003,594,
AML,Athena,97555697989,dev,097555697989:us-west-2:rubix-asg-athenat-dev-usw2-cluster-20250107123109989500000005,us-west-2,us-west-2a,r6i.2xlarge,USD,$0.09,$54.00,723,10,3,,,1,4,Autoscale,c6g.medium,1,3,$0.01,$50.04,92%,0,0,8,1,64,2,0,0,2352,athenat-dev-usw2-cluster,rubix-asg-athenat-dev-usw2-cluster-20250107123109989500000005,3219,
AML,Athena,97555697989,dev,097555697989:us-west-2:rubix-asg-athenat-dev-usw2-cluster-20250107123109990500000006,us-west-2,us-west-2b,m6i.4xlarge,USD,$0.13,$165.00,"1,440",5,7,,,2,2,Autoscale,r6g.medium,1,2,$0.01,$155.26,94%,0,0,16,1,64,8,0,0,2352,athenat-dev-usw2-cluster,rubix-asg-athenat-dev-usw2-cluster-20250107123109990500000006,1618,
AML,Athena,145712528147,test,145712528147:us-east-1:rubix-asg-acm-regulated-uat-east-20221014015020619800000003,us-east-1,us-east-1b,(multiple),USD,$0.48,"$1,060.00","2,448",11,27,,,3,7,Autoscale,x2gd.large,4,17,$0.03,$897.86,85%,0,0,48,2,384,32,0,0,2631,acm-regulated-uat-east,rubix-asg-acm-regulated-uat-east-20221014015020619800000003,270,
AML,Athena,145712528147,test,145712528147:us-west-2:rubix-asg-acm-regulated-dev-west-20211210115524129300000003,us-west-2,us-west-2a,(multiple),USD,$0.34,$650.00,"2,135",26,35,,,3,8,Autoscale,x2gd.medium,4,25,$0.01,$536.55,83%,0,0,32,1,256,16,0,0,2631,acm-regulated-dev-west,rubix-asg-acm-regulated-dev-west-20211210115524129300000003,437,
AML,Athena,145712528147,test,145712528147:us-west-2:rubix-asg-acm-regulated-uat-west-20211210124041873400000003,us-west-2,us-west-2b,(multiple),USD,$0.51,$975.00,"2,141",14,37,,,3,7,Autoscale,x2gd.medium,7,27,$0.01,$767.32,79%,0,0,48,1,384,16,0,0,2631,acm-regulated-uat-west,rubix-asg-acm-regulated-uat-west-20211210124041873400000003,325,
AML,Athena,145712528147,test,145712528147:us-west-2:rubix-asg-acm-regulated-uat-west-20240608001014255400000004,us-west-2,us-west-2a,(multiple),USD,$0.49,$935.00,"2,131",11,51,,,3,6,Autoscale,x2gd.medium,3,21,$0.01,$846.57,91%,0,0,48,1,384,16,0,0,2631,acm-regulated-uat-west,rubix-asg-acm-regulated-uat-west-20240608001014255400000004,307,
AML,Athena,153800733580,it,153800733580:us-east-1:athena-iteast1-live-container-hostgroup_1,us-east-1,us-east-1a,r6i.2xlarge,USD,$0.09,$103.00,"1,344",96,61,,,1,3,Autoscale,r6g.large,3,12,$0.02,$23.62,23%,0,0,8,2,64,16,0,0,2352,,athena-iteast1-live-container-hostgroup_1,3972,
AML,Athena,153800733580,it,153800733580:us-east-1:athena-iteast1-live-container-hostgroup_2,us-east-1,us-east-1a,r6i.2xlarge,USD,$0.09,$133.00,"1,752",98,60,,,2,3,Autoscale,r6g.large,6,11,$0.02,$39.51,30%,0,0,8,2,64,16,0,0,2352,,athena-iteast1-live-container-hostgroup_2,3233,
AML,Athena,153800733580,it,153800733580:us-east-1:athena-iteast1-live-container-hostgroup_3,us-east-1,us-east-1a,r6i.2xlarge,USD,$0.09,$133.00,"1,734",48,59,,,1,3,Autoscale,x2gd.medium,3,12,$0.01,$64.54,49%,0,0,8,1,64,16,0,0,2352,,athena-iteast1-live-container-hostgroup_3,2940,
AML,Athena,153800733580,it,153800733580:us-east-1:athena-iteast1-live-container-hostgroup_4,us-east-1,us-east-1a,r6i.2xlarge,USD,$0.09,$133.00,"1,752",100,61,,,2,3,Autoscale,r6g.large,7,12,$0.02,$19.83,15%,0,0,8,2,64,16,0,0,2352,,athena-iteast1-live-container-hostgroup_4,3946,
AML,Athena,153800733580,it,153800733580:us-east-1:athena-iteast1-live-container-hostgroup_5,us-east-1,us-east-1a,r6i.2xlarge,USD,$0.09,$133.00,"1,752",58,59,,,2,3,Autoscale,r6g.large,5,8,$0.02,$54.94,41%,0,0,8,2,64,16,0,0,2352,,athena-iteast1-live-container-hostgroup_5,3047,
AML,Athena,153800733580,it,153800733580:us-east-1:athena-iteast1-live-container-hostgroup_6,us-east-1,us-east-1a,r6i.2xlarge,USD,$0.09,$133.00,"1,752",44,59,,,2,3,Autoscale,x2gd.medium,5,11,$0.01,$67.07,51%,0,0,8,1,64,16,0,0,2352,,athena-iteast1-live-container-hostgroup_6,2813,
AML,Athena,153800733580,it,153800733580:us-east-1:athena-iteast1-live-container-hostgroup_7,us-east-1,us-east-1b,r6i.2xlarge,USD,$0.09,$133.00,"1,752",73,59,,,2,3,Autoscale,r6g.large,5,9,$0.02,$54.09,41%,0,0,8,2,64,16,0,0,2352,,athena-iteast1-live-container-hostgroup_7,3060,
AML,Athena,153800733580,it,153800733580:us-east-1:athena-iteast1-live-container-hostgroup_8,us-east-1,us-east-1c,r6i.2xlarge,USD,$0.09,$133.00,"1,710",87,60,,,1,3,Autoscale,r6g.large,3,11,$0.02,$56.18,42%,0,0,8,2,64,16,0,0,2352,,athena-iteast1-live-container-hostgroup_8,3075,
AML,Athena,153800733580,it,153800733580:us-east-1:athena-iteast1-live-container-hostgroup_9,us-east-1,us-east-1c,r6i.2xlarge,USD,$0.09,$133.00,"1,734",99,61,,,1,3,Autoscale,r6g.large,3,12,$0.02,$41.69,31%,0,0,8,2,64,16,0,0,2352,,athena-iteast1-live-container-hostgroup_9,3220,
AML,Athena,153800733580,it,153800733580:us-east-1:athena-iteast1-live-container-hostgroup_10,us-east-1,us-east-1a,r6i.2xlarge,USD,$0.09,$133.00,"1,752",89,60,,,2,3,Autoscale,r6g.large,5,11,$0.02,$42.11,32%,0,0,8,2,64,16,0,0,2352,,athena-iteast1-live-container-hostgroup_10,3197,
AML,Athena,153800733580,it,153800733580:us-east-1:athena-iteast1-live-container-hostgroup_11,us-east-1,us-east-1c,r6i.2xlarge,USD,$0.09,$133.00,"1,752",96,61,,,2,3,Autoscale,r6g.large,5,11,$0.02,$47.24,36%,0,0,8,2,64,16,0,0,2352,,athena-iteast1-live-container-hostgroup_11,3145,
AML,Athena,153800733580,it,153800733580:us-east-1:athena-iteast1-live-container-hostgroup_12,us-east-1,us-east-1b,r6i.2xlarge,USD,$0.09,$133.00,"1,752",38,59,,,2,3,Autoscale,x2gd.medium,5,10,$0.01,$68.10,51%,0,0,8,1,64,16,0,0,2352,,athena-iteast1-live-container-hostgroup_12,2806,
AML,Athena,153800733580,it,153800733580:us-east-1:athena-iteast1-live-container-hostgroup_13,us-east-1,us-east-1c,r6i.2xlarge,USD,$0.09,$133.00,"1,752",82,60,,,2,3,Autoscale,r6g.large,5,10,$0.02,$50.84,38%,0,0,8,2,64,16,0,0,2352,,athena-iteast1-live-container-hostgroup_13,3099,
AML,Athena,153800733580,it,153800733580:us-east-1:athena-iteast1-live-container-hostgroup_14,us-east-1,us-east-1c,r6i.2xlarge,USD,$0.09,$133.00,"1,734",66,59,,,1,3,Autoscale,r6g.large,3,8,$0.02,$55.47,42%,0,0,8,2,64,16,0,0,2352,,athena-iteast1-live-container-hostgroup_14,3062,
AML,Athena,153800733580,it,153800733580:us-east-1:athena-iteast1-live-container-hostgroup_15,us-east-1,us-east-1b,r6i.2xlarge,USD,$0.09,$649.00,"8,640",87,61,,,12,12,Autoscale,x2gd.large,15,42,$0.03,$287.98,44%,0,0,8,2,64,32,0,1,2352,,athena-iteast1-live-container-hostgroup_15,755,
AML,Athena,153800733580,it,153800733580:us-east-1:athena-iteast1-live-container-hostgroup_16,us-east-1,us-east-1a,r6i.2xlarge,USD,$0.09,$133.00,"1,752",57,61,,,2,3,Autoscale,r6g.large,5,8,$0.02,$54.93,41%,0,0,8,2,64,16,0,0,2352,,athena-iteast1-live-container-hostgroup_16,3046,
AML,Athena,153800733580,it,153800733580:us-east-1:athena-iteast1-live-solr_service-cosmo9-hostgroup_1,us-east-1,us-east-1c,m6g.large,USD,$0.01,$25.00,"2,160",40,40,,,3,3,Autoscale,r6g.medium,1,3,$0.01,$13.45,54%,0,0,2,1,8,8,1,1,2352,,athena-iteast1-live-solr_service-cosmo9-hostgroup_1,4835,
AML,Athena,153800733580,it,153800733580:us-east-1:athena-iteast1-live-solr_service-creola9-hostgroup_1,us-east-1,us-east-1a,m6g.large,USD,$0.01,$25.00,"2,160",61,56,,,3,3,Autoscale,r6g.medium,2,4,$0.01,$11.84,48%,0,0,2,1,8,8,1,1,2352,,athena-iteast1-live-solr_service-creola9-hostgroup_1,4886,
AML,Athena,153800733580,it,153800733580:us-east-1:athena-iteast1-val-container-hostgroup_1,us-east-1,us-east-1c,r6i.2xlarge,USD,$0.09,$133.00,"1,752",99,60,,,2,3,Autoscale,r6g.large,6,12,$0.02,$37.08,28%,0,0,8,2,64,16,0,0,2352,,athena-iteast1-val-container-hostgroup_1,3288,
AML,Athena,153800733580,it,153800733580:us-east-1:athena-iteast1-val-container-hostgroup_2,us-east-1,us-east-1c,r6i.2xlarge,USD,$0.09,$133.00,"1,752",99,60,,,2,3,Autoscale,r6g.large,6,12,$0.02,$35.28,27%,0,0,8,2,64,16,0,0,2352,,athena-iteast1-val-container-hostgroup_2,3367,
AML,Athena,153800733580,it,153800733580:us-east-1:athena-iteast1-val-container-hostgroup_3,us-east-1,us-east-1c,r6i.2xlarge,USD,$0.09,$133.00,"1,752",62,59,,,2,3,Autoscale,x2gd.large,3,7,$0.03,$60.68,46%,0,0,8,2,64,32,0,1,2352,,athena-iteast1-val-container-hostgroup_3,2969,
AML,Athena,153800733580,it,153800733580:us-east-1:athena-iteast1-val-container-hostgroup_4,us-east-1,us-east-1a,r6i.2xlarge,USD,$0.09,$133.00,"1,734",100,61,,,1,3,Autoscale,r6g.large,4,12,$0.02,$27.53,21%,0,0,8,2,64,16,0,0,2352,,athena-iteast1-val-container-hostgroup_4,3735,
AML,Athena,153800733580,it,153800733580:us-east-1:athena-iteast1-val-container-hostgroup_5,us-east-1,us-east-1a,r6i.2xlarge,USD,$0.09,$108.00,"1,440",70,60,,,2,2,Autoscale,r6g.large,5,6,$0.02,$46.59,43%,0,0,8,2,64,16,0,0,2352,,athena-iteast1-val-container-hostgroup_5,3185,
AML,Athena,153800733580,it,153800733580:us-east-1:athena-iteast1-val-container-hostgroup_6,us-east-1,us-east-1a,r6i.2xlarge,USD,$0.09,$133.00,"1,752",52,59,,,2,3,Autoscale,x2gd.medium,5,12,$0.01,$67.40,51%,0,0,8,1,64,16,0,0,2352,,athena-iteast1-val-container-hostgroup_6,2809,
AML,Athena,153800733580,it,153800733580:us-east-1:athena-iteast1-val-container-hostgroup_7,us-east-1,us-east-1a,r6i.2xlarge,USD,$0.09,$133.00,"1,752",90,60,,,2,3,Autoscale,r6g.large,5,9,$0.02,$54.29,41%,0,0,8,2,64,16,0,0,2352,,athena-iteast1-val-container-hostgroup_7,3058,
AML,Athena,153800733580,it,153800733580:us-east-1:athena-iteast1-val-container-hostgroup_8,us-east-1,us-east-1b,r6i.2xlarge,USD,$0.09,$133.00,"1,752",82,60,,,2,3,Autoscale,r6g.large,5,10,$0.02,$54.74,41%,0,0,8,2,64,16,0,0,2352,,athena-iteast1-val-container-hostgroup_8,3052,
AML,Athena,153800733580,it,153800733580:us-east-1:athena-iteast1-val-container-hostgroup_9,us-east-1,us-east-1c,r6i.2xlarge,USD,$0.09,$133.00,"1,752",97,61,,,2,3,Autoscale,r6g.large,6,12,$0.02,$35.93,27%,0,0,8,2,64,16,0,0,2352,,athena-iteast1-val-container-hostgroup_9,3345,
AML,Athena,153800733580,it,153800733580:us-east-1:athena-iteast1-val-container-hostgroup_10,us-east-1,us-east-1b,r6i.2xlarge,USD,$0.09,$133.00,"1,752",97,60,,,2,3,Autoscale,r6g.large,6,12,$0.02,$41.27,31%,0,0,8,2,64,16,0,0,2352,,athena-iteast1-val-container-hostgroup_10,3206,
AML,Athena,153800733580,it,153800733580:us-east-1:athena-iteast1-val-container-hostgroup_11,us-east-1,us-east-1a,r6i.2xlarge,USD,$0.09,$133.00,"1,752",89,62,,,2,3,Autoscale,r6g.large,5,11,$0.02,$51.20,39%,0,0,8,2,64,16,0,0,2352,,athena-iteast1-val-container-hostgroup_11,3097,
AML,Athena,153800733580,it,153800733580:us-east-1:athena-iteast1-val-container-hostgroup_12,us-east-1,us-east-1a,r6i.2xlarge,USD,$0.09,$162.00,"2,160",49,59,,,3,3,Autoscale,x2gd.medium,8,12,$0.01,$80.26,49%,0,0,8,1,64,16,0,0,2352,,athena-iteast1-val-container-hostgroup_12,2485,
AML,Athena,153800733580,it,153800733580:us-east-1:athena-iteast1-val-container-hostgroup_13,us-east-1,us-east-1a,r6i.2xlarge,USD,$0.09,$133.00,"1,752",35,59,,,2,3,Autoscale,x2gd.medium,5,9,$0.01,$70.10,53%,0,0,8,1,64,16,0,0,2352,,athena-iteast1-val-container-hostgroup_13,2768,
AML,Athena,153800733580,it,153800733580:us-east-1:athena-iteast1-val-container-hostgroup_14,us-east-1,us-east-1c,r6i.2xlarge,USD,$0.09,$133.00,"1,752",100,61,,,2,3,Autoscale,r6g.large,5,12,$0.02,$47.58,36%,0,0,8,2,64,16,0,0,2352,,athena-iteast1-val-container-hostgroup_14,3144,
AML,Athena,153800733580,it,153800733580:us-east-1:athena-iteast1-val-container-hostgroup_15,us-east-1,us-east-1a,r6i.2xlarge,USD,$0.09,$133.00,"1,752",56,62,,,2,3,Autoscale,r6g.large,5,8,$0.02,$54.84,41%,0,0,8,2,64,16,0,0,2352,,athena-iteast1-val-container-hostgroup_15,3048,
AML,Athena,153800733580,it,153800733580:us-east-1:athena-iteast1-val-container-hostgroup_16,us-east-1,us-east-1b,r6i.4xlarge,USD,$0.17,$265.00,"1,747",59,36,,,2,3,Autoscale,r6g.xlarge,3,8,$0.03,$157.67,59%,0,0,16,4,128,32,0,0,2352,,athena-iteast1-val-container-hostgroup_16,1476,
AML,Athena,153800733580,it,153800733580:us-east-1:athena-iteast1-val-container-hostgroup_17,us-east-1,us-east-1c,r6i.2xlarge,USD,$0.09,$133.00,"1,752",57,59,,,2,3,Autoscale,r6g.large,5,8,$0.02,$54.93,41%,0,0,8,2,64,16,0,0,2352,,athena-iteast1-val-container-hostgroup_17,3045,
AML,Athena,153800733580,it,153800733580:us-east-1:athena-iteast1-val-container-hostgroup_18,us-east-1,us-east-1b,r6i.2xlarge,USD,$0.09,$54.00,737,18,59,,,1,2,Autoscale,x2gd.medium,3,5,$0.01,$23.35,43%,0,0,8,1,64,16,0,0,2352,,athena-iteast1-val-container-hostgroup_18,4172,
AML,Athena,153800733580,it,153800733580:us-east-1:athena-iteast1-val-rover-hostgroup_1,us-east-1,us-east-1a,x2gd.medium,USD,$0.01,$9.00,720,15,15,,,1,1,Autoscale,m6gd.medium,1,1,$0.01,$3.43,38%,0,0,1,1,16,4,1,0,2352,,athena-iteast1-val-rover-hostgroup_1,5449,
AML,Athena,153800733580,it,153800733580:us-east-1:athena-iteast1-val-solr_service-cosmo9-hostgroup_1,us-east-1,us-east-1b,m6g.large,USD,$0.01,$25.00,"2,160",33,40,,,3,3,Autoscale,r6g.medium,1,2,$0.01,$13.39,54%,0,0,2,1,8,8,1,1,2352,,athena-iteast1-val-solr_service-cosmo9-hostgroup_1,4836,
AML,Athena,153800733580,it,153800733580:us-east-1:athena-iteast1-val-solr_service-creola9-hostgroup_1,us-east-1,us-east-1b,m6g.large,USD,$0.01,$25.00,"2,160",56,53,,,3,3,Autoscale,r6g.medium,2,4,$0.01,$12.31,50%,0,0,2,1,8,8,1,1,2352,,athena-iteast1-val-solr_service-creola9-hostgroup_1,4877,
AML,Athena,153800733580,test,153800733580:us-east-1:rubix-asg-aml-athena-test-test-east-1-20220113203313575100000003,us-east-1,us-east-1b,c5d.metal,USD,$0.78,$495.00,720,6,9,,,1,1,Autoscale,d3.xlarge,1,2,$0.08,$430.36,87%,0,2,96,4,192,32,0,0,2352,aml-athena-test-test-east-1,rubix-asg-aml-athena-test-test-east-1-20220113203313575100000003,549,
AML,Athena,153800733580,test,153800733580:us-east-1:rubix-asg-aml-athena-test-test-east-1-20230503192858045100000004,us-east-1,us-east-1c,r5a.12xlarge,USD,$0.46,$291.00,720,7,3,,,1,1,Autoscale,m6g.medium,3,4,$0.01,$277.22,95%,0,0,48,1,384,4,0,0,2352,aml-athena-test-test-east-1,rubix-asg-aml-athena-test-test-east-1-20230503192858045100000004,831,
AML,Athena,153800733580,test,153800733580:us-east-1:rubix-asg-aml-athena-test-test-east-1-20231020170435515700000007,us-east-1,us-east-1c,c5d.12xlarge,USD,$0.39,$675.00,"1,902",3,8,,,2,5,Autoscale,h1.2xlarge,1,1,$0.08,$617.29,92%,0,0,48,8,96,32,0,0,2352,aml-athena-test-test-east-1,rubix-asg-aml-athena-test-test-east-1-20231020170435515700000007,394,
AML,Athena,153800733580,test,153800733580:us-east-1:rubix-asg-aml-athena-test-test-east-1-20231020170435517800000008,us-east-1,us-east-1b,c6i.8xlarge,USD,$0.23,$438.00,"2,160",2,9,,,3,3,Autoscale,r6g.medium,3,3,$0.01,$419.15,96%,0,0,32,1,64,8,0,0,2352,aml-athena-test-test-east-1,rubix-asg-aml-athena-test-test-east-1-20231020170435517800000008,584,
AML,Athena,153800733580,test,153800733580:us-east-1:rubix-asg-athenat-ms-it-us-east-1-cluster-20240228175136505500000004,us-east-1,us-east-1c,r6i.2xlarge,USD,$0.09,$321.00,"4,242",35,16,,,5,7,Autoscale,r6g.medium,6,20,$0.01,$279.75,87%,0,0,8,1,64,8,0,0,2352,athenat-ms-it-us-east-1-cluster,rubix-asg-athenat-ms-it-us-east-1-cluster-20240228175136505500000004,823,
AML,Athena,153800733580,test,153800733580:us-east-1:rubix-asg-athenat-ms-it-us-east-1-cluster-20240607233804621500000004,us-east-1,us-east-1c,r6g.2xlarge,USD,$0.07,$377.00,"6,121",11,13,,,7,13,Autoscale,x2gd.medium,3,8,$0.01,$329.92,88%,0,0,8,1,64,16,0,0,2352,athenat-ms-it-us-east-1-cluster,rubix-asg-athenat-ms-it-us-east-1-cluster-20240607233804621500000004,760,
AML,Athena,153800733580,test,153800733580:us-east-1:rubix-asg-athenat-ms-it-us-east-1-cluster-20240712060444258800000005,us-east-1,us-east-1a,r7g.xlarge,USD,$0.04,$69.00,"2,160",26,9,,,3,3,Autoscale,r6g.medium,1,4,$0.01,$59.29,86%,0,0,4,1,32,8,0,0,2352,athenat-ms-it-us-east-1-cluster,rubix-asg-athenat-ms-it-us-east-1-cluster-20240712060444258800000005,3096,
AML,Athena,153800733580,test,153800733580:us-east-1:rubix-asg-athenat-ms-it-us-east-1-cluster-20250220192709694100000006,us-east-1,us-east-1a,r7g.xlarge,USD,$0.04,$69.00,"2,160",28,9,,,3,3,Autoscale,r6g.medium,1,4,$0.01,$58.79,85%,0,0,4,1,32,8,0,0,2352,athenat-ms-it-us-east-1-cluster,rubix-asg-athenat-ms-it-us-east-1-cluster-20250220192709694100000006,3098,
AML,Athena,153800733580,test,153800733580:us-east-1:rubix-asg-athenat-ms-it-us-east-1-cluster-20250617092521796000000007,us-east-1,us-east-1b,i8g.large,USD,$0.07,$48.00,"1,063",45,12,,,1,4,Autoscale,i4g.large,1,2,$0.03,$41.09,85%,0,0,2,2,16,16,1,1,2352,athenat-ms-it-us-east-1-cluster,rubix-asg-athenat-ms-it-us-east-1-cluster-20250617092521796000000007,4499,
AML,Athena,153800733580,test,153800733580:us-east-1:rubix-asg-athenat-pyruntime-use1-cluster-20230809123502273500000005,us-east-1,us-east-1a,m6i.4xlarge,USD,$0.13,$495.00,"4,320",9,19,,,6,6,Autoscale,x2gd.medium,5,9,$0.01,$442.89,89%,0,0,16,1,64,16,0,0,2352,athenat-pyruntime-use1-cluster,rubix-asg-athenat-pyruntime-use1-cluster-20230809123502273500000005,530,
AML,Athena,153800733580,test,153800733580:us-east-1:rubix-asg-athenat-pyruntime-use1-cluster-20230809123502279000000006,us-east-1,us-east-1b,c6i.4xlarge,USD,$0.12,$451.00,"4,520",9,15,,,6,8,Autoscale,r6g.medium,4,9,$0.01,$424.66,94%,0,0,16,1,32,8,0,0,2352,athenat-pyruntime-use1-cluster,rubix-asg-athenat-pyruntime-use1-cluster-20230809123502279000000006,552,
AML,Athena,153800733580,test,153800733580:us-east-1:rubix-asg-athenat-pyruntime-use1-cluster-20230817130301886700000003,us-east-1,us-east-1b,r6i.8xlarge,USD,$0.34,"$1,299.00","4,320",8,4,,,6,6,Autoscale,x2gd.medium,4,17,$0.01,"$1,248.75",96%,0,0,32,1,256,16,0,0,2352,athenat-pyruntime-use1-cluster,rubix-asg-athenat-pyruntime-use1-cluster-20230817130301886700000003,210,
AML,Athena,153800733580,test,153800733580:us-east-1:rubix-asg-athenat-pyruntime-use1-cluster-20250314224953692700000006,us-east-1,us-east-1c,r7i.4xlarge,USD,$0.18,$114.00,720,6,2,,,1,1,Autoscale,m6g.medium,1,1,$0.01,$109.00,96%,0,72,16,1,128,4,0,0,2352,athenat-pyruntime-use1-cluster,rubix-asg-athenat-pyruntime-use1-cluster-20250314224953692700000006,2293,
AML,Athena,247831385847,prod,247831385847:us-east-1:rubix-asg-nativeml-prod-east-20230504091542836500000006,us-east-1,us-east-1c,r6a.8xlarge,USD,$0.31,"$4,756.00","17,083",13,15,,,15,26,Autoscale,x2gd.medium,33,100,$0.01,"$4,278.13",90%,0,0,32,1,256,16,0,0,shuri-nativeml,nativeml-prod-east,rubix-asg-nativeml-prod-east-20230504091542836500000006,45,
AML,Athena,247831385847,prod,247831385847:us-east-1:rubix-asg-nativeml-prode1-cp-20240627221553283200000003,us-east-1,us-east-1c,m5.4xlarge,USD,$0.13,$330.00,"2,889",12,7,,,4,8,Autoscale,r6g.medium,2,16,$0.01,$309.44,94%,0,0,16,1,64,8,0,0,200043,nativeml-prode1-cp,rubix-asg-nativeml-prode1-cp-20240627221553283200000003,777,
AML,Athena,247831385847,prod,247831385847:us-east-1:rubix-asg-og5847-ray-prode1-srv-01-20240629070244095300000003,us-east-1,us-east-1b,m5d.8xlarge,USD,$0.31,"$1,941.00","7,200",7,9,,,10,10,Autoscale,i3.2xlarge,2,3,$0.11,"$1,766.37",91%,0,0,32,8,128,61,0,0,200043,og5847-ray-prode1-srv-01,rubix-asg-og5847-ray-prode1-srv-01-20240629070244095300000003,134,
AML,Athena,247831385847,prod,247831385847:us-east-1:rubix-asg-og5847-ray-prode1-srv-01-20240705215159083500000004,us-east-1,us-east-1c,p4d.24xlarge,USD,$9.11,"$5,759.00",720,11,6,,,1,1,No Action,p4d.24xlarge,1,1,$3.73,$0.00,0%,0,0,96,96,1152,1152,1,1,200043,og5847-ray-prode1-srv-01,rubix-asg-og5847-ray-prode1-srv-01-20240705215159083500000004,5800,
AML,Athena,247831385847,prod,247831385847:us-east-1:rubix-asg-og5847-ray-prode1-srv-01-20250319135051318300000005,us-east-1,us-east-1a,m5n.4xlarge,USD,$0.16,$307.00,"2,160",5,4,,,3,3,Autoscale,r6g.medium,1,3,$0.01,$298.12,97%,0,0,16,1,64,8,0,0,200043,og5847-ray-prode1-srv-01,rubix-asg-og5847-ray-prode1-srv-01-20250319135051318300000005,791,
AML,Athena,247831385847,prod,247831385847:us-east-1:rubix-asg-og5847-ray-prode1-srv-01-20250509071039240500000007,us-east-1,us-east-1c,p4de.24xlarge,USD,$11.39,"$14,310.00","1,438",6,3,,,1,3,No Action,p4de.24xlarge,1,3,$4.67,$0.00,0%,0,14,96,96,1152,1152,1,1,shuri-nativeml,og5847-ray-prode1-srv-01,rubix-asg-og5847-ray-prode1-srv-01-20250509071039240500000007,5799,
AML,Athena,247831385847,prod,247831385847:us-east-2:rubix-asg-nativeml-prod-east2-20230504112729187300000003,us-east-2,us-east-2a,r6a.8xlarge,USD,$0.31,"$1,824.00","6,718",27,16,,,8,14,Autoscale,x2gd.large,8,49,$0.03,"$1,605.67",88%,0,0,32,2,256,32,0,0,shuri-nativeml,nativeml-prod-east2,rubix-asg-nativeml-prod-east2-20230504112729187300000003,152,
AML,Athena,247831385847,prod,247831385847:us-east-2:rubix-asg-nativeml-prode2-cp-20240719064712453400000003,us-east-2,us-east-2a,m5.4xlarge,USD,$0.13,$330.00,"2,889",14,9,,,4,9,Autoscale,r6g.medium,3,21,$0.01,$304.19,92%,0,0,16,1,64,8,0,0,200043,nativeml-prode2-cp,rubix-asg-nativeml-prode2-cp-20240719064712453400000003,784,
AML,Athena,247831385847,prod,247831385847:us-east-2:rubix-asg-og5847-ray-prode2-srv-01-20240719144014136300000005,us-east-2,us-east-2a,m5d.8xlarge,USD,$0.31,"$1,942.00","7,200",6,8,,,10,10,Autoscale,i3.2xlarge,2,3,$0.11,"$1,776.20",91%,0,0,32,8,128,61,0,0,200043,og5847-ray-prode2-srv-01,rubix-asg-og5847-ray-prode2-srv-01-20240719144014136300000005,130,
AML,Athena,247831385847,prod,247831385847:us-east-2:rubix-asg-og5847-ray-prode2-srv-01-20240719144014144600000006,us-east-2,us-east-2b,p4d.24xlarge,USD,$9.11,"$5,759.00",720,2,3,,,1,1,No Action,p4d.24xlarge,1,1,$3.73,$0.00,0%,0,77,96,96,1152,1152,1,1,200043,og5847-ray-prode2-srv-01,rubix-asg-og5847-ray-prode2-srv-01-20240719144014144600000006,5798,
AML,Athena,247831385847,prod,247831385847:us-east-2:rubix-asg-og5847-ray-prode2-srv-01-20250320113857437600000005,us-east-2,us-east-2b,m5n.4xlarge,USD,$0.16,$307.00,"2,160",4,4,,,3,3,Autoscale,r6g.medium,1,3,$0.01,$298.52,97%,0,0,16,1,64,8,0,0,200043,og5847-ray-prode2-srv-01,rubix-asg-og5847-ray-prode2-srv-01-20250320113857437600000005,790,
AML,Athena,247831385847,prod,247831385847:us-east-2:rubix-asg-og5847-ray-prode2-srv-01-20250505092716250500000006,us-east-2,us-east-2b,p4d.24xlarge,USD,$9.11,"$5,759.00",720,5,4,,,1,1,No Action,p4d.24xlarge,1,1,$3.73,$0.00,0%,0,100,96,96,1152,1152,1,1,200043,og5847-ray-prode2-srv-01,rubix-asg-og5847-ray-prode2-srv-01-20250505092716250500000006,5777,
AML,Athena,247831385847,prod,247831385847:us-west-2:rubix-asg-nativeml-prod-cp-20240626203913318700000003,us-west-2,us-west-2b,m5.4xlarge,USD,$0.13,$254.00,"2,218",17,9,,,3,7,Autoscale,r6g.medium,2,20,$0.01,$233.34,92%,0,0,16,1,64,8,0,0,200043,nativeml-prod-cp,rubix-asg-nativeml-prod-cp-20240626203913318700000003,1020,
AML,Athena,247831385847,prod,247831385847:us-west-2:rubix-asg-nativeml-prod-west-20230505060612369100000007,us-west-2,us-west-2b,r6a.8xlarge,USD,$0.31,"$3,704.00","13,681",17,16,,,19,20,Autoscale,r6g.large,34,52,$0.02,"$3,226.22",87%,0,0,32,2,256,16,0,0,shuri-nativeml,nativeml-prod-west,rubix-asg-nativeml-prod-west-20230505060612369100000007,59,
AML,Athena,247831385847,prod,247831385847:us-west-2:rubix-asg-nativeml-prod-west-20230831134158664100000004,us-west-2,us-west-2c,r6a.16xlarge,USD,$0.62,"$1,558.00","2,880",15,16,,,4,4,Autoscale,x2gd.xlarge,4,10,$0.06,"$1,365.01",88%,0,0,64,4,512,64,0,0,shuri-nativeml,nativeml-prod-west,rubix-asg-nativeml-prod-west-20230831134158664100000004,177,
AML,Athena,247831385847,prod,247831385847:us-west-2:rubix-asg-og5847-ray-prodw2-srv-01-20240628220323165600000005,us-west-2,us-west-2b,m5d.8xlarge,USD,$0.31,"$1,942.00","7,200",7,9,,,10,10,Autoscale,i3.2xlarge,2,3,$0.11,"$1,768.93",91%,0,0,32,8,128,61,0,0,200043,og5847-ray-prodw2-srv-01,rubix-asg-og5847-ray-prodw2-srv-01-20240628220323165600000005,133,
AML,Athena,247831385847,prod,247831385847:us-west-2:rubix-asg-og5847-ray-prodw2-srv-01-20240628233615421500000003,us-west-2,us-west-2c,p4d.24xlarge,USD,$9.11,"$5,759.00",720,4,3,99,87,1,1,No Action,p4d.24xlarge,1,1,$3.73,$0.00,0%,0,0,96,96,1152,1152,1,1,200043,og5847-ray-prodw2-srv-01,rubix-asg-og5847-ray-prodw2-srv-01-20240628233615421500000003,5776,
AML,Athena,247831385847,prod,247831385847:us-west-2:rubix-asg-og5847-ray-prodw2-srv-01-20250320115039659400000005,us-west-2,us-west-2c,m5n.4xlarge,USD,$0.16,$307.00,"2,160",5,4,,,3,3,Autoscale,r6g.medium,1,3,$0.01,$297.96,97%,0,0,16,1,64,8,0,0,200043,og5847-ray-prodw2-srv-01,rubix-asg-og5847-ray-prodw2-srv-01-20250320115039659400000005,792,
AML,Athena,247831385847,prod,247831385847:us-west-2:rubix-asg-og5847-ray-prodw2-srv-01-20250410114445524700000006,us-west-2,us-west-2c,p4d.24xlarge,USD,$9.11,"$5,759.00",720,2,2,,,1,1,No Action,p4d.24xlarge,1,1,$3.73,$0.00,0%,0,99,96,96,1152,1152,1,1,200043,og5847-ray-prodw2-srv-01,rubix-asg-og5847-ray-prodw2-srv-01-20250410114445524700000006,5775,
AML,Athena,247831385847,prod,247831385847:us-west-2:rubix-asg-og5847-ray-prodw2-srv-01-20250509070831893500000007,us-west-2,us-west-2b,p4de.24xlarge,USD,$11.39,"$14,396.00","1,440",5,3,,,2,2,No Action,p4de.24xlarge,2,2,$4.67,$0.00,0%,0,79,96,96,1152,1152,1,1,shuri-nativeml,og5847-ray-prodw2-srv-01,rubix-asg-og5847-ray-prodw2-srv-01-20250509070831893500000007,5774,
AML,Athena,368723560514,it,368723560514:us-east-1:athena-smp-it-use1-live-container-hostgroup_1,us-east-1,us-east-1b,r6i.2xlarge,USD,$0.09,$162.00,"2,160",72,7,,,3,3,Autoscale,c6g.large,4,9,$0.01,$117.27,72%,0,0,8,2,64,4,0,0,3092,,athena-smp-it-use1-live-container-hostgroup_1,2133,
AML,Athena,368723560514,it,368723560514:us-east-1:athena-smp-it-use1-live-container-hostgroup_2,us-east-1,us-east-1c,r6i.2xlarge,USD,$0.09,$162.00,"2,160",92,9,,,3,3,Autoscale,c6g.large,6,12,$0.01,$101.94,63%,0,0,8,2,64,4,0,0,3092,,athena-smp-it-use1-live-container-hostgroup_2,2294,
AML,Athena,368723560514,it,368723560514:us-east-1:athena-smp-it-use1-live-container-hostgroup_3,us-east-1,us-east-1a,r6i.2xlarge,USD,$0.09,$271.00,"3,600",100,9,,,5,5,Autoscale,c6g.large,7,20,$0.01,$187.30,69%,0,0,8,2,64,4,0,0,3092,,athena-smp-it-use1-live-container-hostgroup_3,1185,
AML,Athena,368723560514,it,368723560514:us-east-1:athena-smp-it-use1-live-container-hostgroup_4,us-east-1,us-east-1a,r6i.2xlarge,USD,$0.09,$162.00,"2,160",95,8,,,3,3,Autoscale,c6g.large,7,12,$0.01,$91.27,56%,0,0,8,2,64,4,0,0,3092,,athena-smp-it-use1-live-container-hostgroup_4,2389,
AML,Athena,368723560514,it,368723560514:us-east-1:athena-smp-it-use1-live-container-hostgroup_5,us-east-1,us-east-1c,r6i.2xlarge,USD,$0.09,$162.00,"2,160",58,7,,,3,3,Autoscale,c6g.large,5,7,$0.01,$117.99,73%,0,0,8,2,64,4,0,0,3092,,athena-smp-it-use1-live-container-hostgroup_5,2125,
AML,Athena,368723560514,it,368723560514:us-east-1:athena-smp-it-use1-live-container-hostgroup_6,us-east-1,us-east-1a,r6i.2xlarge,USD,$0.09,$54.00,720,46,6,,,1,1,Autoscale,c6g.medium,2,4,$0.01,$44.72,83%,0,0,8,1,64,2,0,0,3092,,athena-smp-it-use1-live-container-hostgroup_6,3377,
AML,Athena,368723560514,it,368723560514:us-east-1:athena-smp-it-use1-live-idms-hostgroup_1,us-east-1,us-east-1a,m6g.2xlarge,USD,$0.05,$99.00,"2,160",5,10,,,3,3,Autoscale,x2gd.medium,1,2,$0.01,$88.30,89%,0,7,8,1,32,16,0,1,3092,,athena-smp-it-use1-live-idms-hostgroup_1,2490,
AML,Athena,368723560514,it,368723560514:us-east-1:athena-smp-it-use1-val-container-hostgroup_1,us-east-1,us-east-1b,r6i.2xlarge,USD,$0.09,$162.00,"2,160",72,7,,,3,3,Autoscale,c6g.large,4,9,$0.01,$118.16,73%,0,0,8,2,64,4,0,0,3092,,athena-smp-it-use1-val-container-hostgroup_1,2124,
AML,Athena,368723560514,it,368723560514:us-east-1:athena-smp-it-use1-val-container-hostgroup_2,us-east-1,us-east-1c,r6i.2xlarge,USD,$0.09,$162.00,"2,160",92,9,,,3,3,Autoscale,c6g.large,6,12,$0.01,$101.50,63%,0,0,8,2,64,4,0,0,3092,,athena-smp-it-use1-val-container-hostgroup_2,2295,
AML,Athena,368723560514,it,368723560514:us-east-1:athena-smp-it-use1-val-container-hostgroup_3,us-east-1,us-east-1c,r6i.2xlarge,USD,$0.09,$325.00,"4,320",95,10,,,6,6,Autoscale,c6g.large,8,23,$0.01,$227.61,70%,0,0,8,2,64,4,0,0,3092,,athena-smp-it-use1-val-container-hostgroup_3,1003,
AML,Athena,368723560514,it,368723560514:us-east-1:athena-smp-it-use1-val-container-hostgroup_4,us-east-1,us-east-1c,r6i.2xlarge,USD,$0.09,$162.00,"2,160",96,8,,,3,3,Autoscale,c6g.large,7,12,$0.01,$87.97,54%,0,0,8,2,64,4,0,0,3092,,athena-smp-it-use1-val-container-hostgroup_4,2418,
AML,Athena,368723560514,it,368723560514:us-east-1:athena-smp-it-use1-val-container-hostgroup_5,us-east-1,us-east-1a,r6i.2xlarge,USD,$0.09,$162.00,"2,160",65,7,,,3,3,Autoscale,c6g.large,5,8,$0.01,$116.80,72%,0,0,8,2,64,4,0,0,3092,,athena-smp-it-use1-val-container-hostgroup_5,2136,
AML,Athena,368723560514,it,368723560514:us-east-1:athena-smp-it-use1-val-container-hostgroup_6,us-east-1,us-east-1b,r6i.2xlarge,USD,$0.09,$60.00,872,48,31,,,1,2,Autoscale,m6g.large,1,6,$0.01,$47.85,80%,0,0,8,2,64,8,0,0,3092,,athena-smp-it-use1-val-container-hostgroup_6,3156,
AML,Athena,368723560514,it,368723560514:us-east-1:athena-smp-it-use1-val-idms-hostgroup_1,us-east-1,us-east-1b,m6g.2xlarge,USD,$0.05,$99.00,"2,160",4,10,,,3,3,Autoscale,x2gd.medium,1,1,$0.01,$89.00,90%,0,0,8,1,32,16,0,1,3092,,athena-smp-it-use1-val-idms-hostgroup_1,2487,
AML,Athena,368723560514,test,368723560514:us-east-1:rubix-asg-athena-smp-it-us-east-1-cluster-20240812065900348700000007,us-east-1,us-east-1a,r6i.2xlarge,USD,$0.09,$371.00,"5,040",7,6,,,5,9,Autoscale,r6g.medium,3,5,$0.01,$349.99,94%,0,0,8,1,64,8,0,0,2351,athena-smp-it-us-east-1-cluster,rubix-asg-athena-smp-it-us-east-1-cluster-20240812065900348700000007,705,
AML,Athena,368723560514,test,368723560514:us-east-1:rubix-asg-athena-smp-it-us-east-1-cluster-20240812065900348900000008,us-east-1,us-east-1b,m6i.4xlarge,USD,$0.13,$248.00,"2,160",11,16,,,3,3,Autoscale,r6g.medium,3,6,$0.01,$222.90,90%,0,0,16,1,64,8,0,0,2351,athena-smp-it-us-east-1-cluster,rubix-asg-athena-smp-it-us-east-1-cluster-20240812065900348900000008,1044,
AML,Athena,368723560514,test,368723560514:us-east-1:rubix-asg-athena-smp-it-us-east-1-cluster-20240812065900348900000009,us-east-1,us-east-1b,c6i.4xlarge,USD,$0.12,$219.00,"2,160",4,18,,,3,3,Autoscale,x2gd.medium,1,3,$0.01,$207.48,95%,0,0,16,1,32,16,0,1,2351,athena-smp-it-us-east-1-cluster,rubix-asg-athena-smp-it-us-east-1-cluster-20240812065900348900000009,1142,
AML,Athena,368723560514,test,368723560514:us-east-1:rubix-asg-athenat-ms-smp-it-us-east-1-cluster-20230428051802381400000003,us-east-1,us-east-1a,r6i.2xlarge,USD,$0.09,$487.00,"6,480",13,6,,,9,9,Autoscale,r6g.medium,4,10,$0.01,$456.20,94%,0,0,8,1,64,8,0,0,3092,athenat-ms-smp-it-us-east-1-cluster,rubix-asg-athenat-ms-smp-it-us-east-1-cluster-20230428051802381400000003,522,
AML,Athena,368723560514,test,368723560514:us-east-1:rubix-asg-athenat-ms-smp-it-us-east-1-cluster-20250118004017222500000004,us-east-1,us-east-1a,r6g.2xlarge,USD,$0.07,$260.00,"4,320",15,14,,,6,6,Autoscale,x2gd.medium,3,8,$0.01,$228.32,88%,0,0,8,1,64,16,0,0,3092,athenat-ms-smp-it-us-east-1-cluster,rubix-asg-athenat-ms-smp-it-us-east-1-cluster-20250118004017222500000004,1028,
AML,Athena,368723560514,test,368723560514:us-east-1:rubix-asg-athenat-ms-smp-it-us-east-1-cluster-20250509110726494300000007,us-east-1,us-east-1b,r7g.xlarge,USD,$0.04,$69.00,"2,160",25,9,,,3,3,Autoscale,r6g.medium,1,3,$0.01,$61.09,89%,0,0,4,1,32,8,0,0,3092,athenat-ms-smp-it-us-east-1-cluster,rubix-asg-athenat-ms-smp-it-us-east-1-cluster-20250509110726494300000007,3072,
AML,Athena,368723560514,test,368723560514:us-east-1:rubix-asg-athenat-ms-smp-it-us-east-1-cluster-20250509110726496500000008,us-east-1,us-east-1b,r7g.xlarge,USD,$0.04,$69.00,"2,160",23,9,,,3,3,Autoscale,r6g.medium,1,3,$0.01,$61.47,89%,0,0,4,1,32,8,0,0,3092,athenat-ms-smp-it-us-east-1-cluster,rubix-asg-athenat-ms-smp-it-us-east-1-cluster-20250509110726496500000008,3066,
AML,Athena,442983405255,dev,442983405255:us-east-1:rubix-asg-acm-uat-dr-20220210164422251300000003,us-east-1,us-east-1c,(multiple),USD,$0.32,$889.00,"3,064",26,50,,,4,8,Autoscale,x2gd.large,7,17,$0.03,$646.88,73%,0,0,32,2,256,32,0,0,2631,acm-uat-dr,rubix-asg-acm-uat-dr-20220210164422251300000003,363,
AML,Athena,442983405255,dev,442983405255:us-west-2:rubix-asg-acm-qa-20210521230608716200000003,us-west-2,us-west-2b,(multiple),USD,$0.32,$686.00,"2,377",11,32,,,3,8,Autoscale,x2gd.medium,4,25,$0.01,$560.81,82%,0,0,32,1,256,16,0,0,2631,acm-qa,rubix-asg-acm-qa-20210521230608716200000003,415,
AML,Athena,442983405255,dev,442983405255:us-west-2:rubix-asg-acm-uat-20211018131920509600000003,us-west-2,us-west-2b,(multiple),USD,$0.34,"$1,165.00","3,829",29,50,,,5,16,Autoscale,x2gd.medium,13,55,$0.01,$864.10,74%,0,0,32,1,256,16,0,0,2631,acm-uat,rubix-asg-acm-uat-20211018131920509600000003,282,
AML,Athena,442983405255,dev,442983405255:us-west-2:rubix-asg-acm-uat-20240422104929742800000004,us-west-2,us-west-2c,(multiple),USD,$0.32,$685.00,"2,378",21,42,,,3,13,Autoscale,x2gd.medium,3,32,$0.01,$540.81,79%,0,2,32,1,256,16,0,0,2631,acm-uat,rubix-asg-acm-uat-20240422104929742800000004,432,
AML,Athena,465566550174,prod,465566550174:us-east-1:athena-smp-prod-use1-live-container-hostgroup_1,us-east-1,us-east-1a,r6i.4xlarge,USD,$0.17,$217.00,"1,440",33,48,,,2,2,Autoscale,x2gd.xlarge,2,3,$0.06,$134.70,62%,0,0,16,4,128,64,0,1,3092,,athena-smp-prod-use1-live-container-hostgroup_1,1764,
AML,Athena,465566550174,prod,465566550174:us-east-1:athena-smp-prod-use1-live-container-hostgroup_2,us-east-1,us-east-1c,r6i.4xlarge,USD,$0.17,$325.00,"2,136",42,48,,,2,3,Autoscale,x2gd.large,4,11,$0.03,$203.11,63%,0,0,16,2,128,32,0,0,3092,,athena-smp-prod-use1-live-container-hostgroup_2,1101,
AML,Athena,465566550174,prod,465566550174:us-east-1:athena-smp-prod-use1-live-container-hostgroup_3,us-east-1,us-east-1a,r6i.4xlarge,USD,$0.17,$541.00,"3,528",34,48,,,2,5,Autoscale,x2gd.large,4,14,$0.03,$340.32,63%,0,0,16,2,128,32,0,0,3092,,athena-smp-prod-use1-live-container-hostgroup_3,728,
AML,Athena,465566550174,prod,465566550174:us-east-1:athena-smp-prod-use1-live-container-hostgroup_4,us-east-1,us-east-1c,r6i.4xlarge,USD,$0.17,$541.00,"3,576",26,48,,,4,5,Autoscale,x2gd.large,8,11,$0.03,$338.18,62%,0,0,16,2,128,32,0,0,3092,,athena-smp-prod-use1-live-container-hostgroup_4,709,
AML,Athena,465566550174,prod,465566550174:us-east-1:athena-smp-prod-use1-live-container-hostgroup_5,us-east-1,us-east-1c,r6i.4xlarge,USD,$0.17,$216.00,"1,440",22,48,,,2,2,Autoscale,x2gd.xlarge,2,2,$0.06,$134.66,62%,0,0,16,4,128,64,0,1,3092,,athena-smp-prod-use1-live-container-hostgroup_5,1747,
AML,Athena,465566550174,prod,465566550174:us-east-1:athena-smp-prod-use1-live-container-hostgroup_6,us-east-1,us-east-1c,r6i.4xlarge,USD,$0.17,$217.00,"1,440",29,48,,,2,2,Autoscale,x2gd.large,4,5,$0.03,$134.72,62%,0,0,16,2,128,32,0,0,3092,,athena-smp-prod-use1-live-container-hostgroup_6,1763,
AML,Athena,465566550174,prod,465566550174:us-east-1:athena-smp-prod-use1-live-container-hostgroup_7,us-east-1,us-east-1b,r6i.4xlarge,USD,$0.17,$650.00,"4,296",21,48,,,5,6,Autoscale,x2gd.medium,19,23,$0.01,$415.80,64%,0,0,16,1,128,16,0,0,3092,,athena-smp-prod-use1-live-container-hostgroup_7,545,
AML,Athena,465566550174,prod,465566550174:us-east-1:athena-smp-prod-use1-live-container-hostgroup_8,us-east-1,us-east-1a,r6i.4xlarge,USD,$0.17,"$1,299.00","8,592",28,49,,,10,12,Autoscale,x2gd.large,20,27,$0.03,$811.17,62%,0,0,16,2,128,32,0,0,3092,,athena-smp-prod-use1-live-container-hostgroup_8,288,
AML,Athena,465566550174,prod,465566550174:us-east-1:athena-smp-prod-use1-live-container-hostgroup_9,us-east-1,us-east-1a,r6i.4xlarge,USD,$0.17,"$1,732.00","11,376",46,52,,,10,16,Autoscale,x2gd.large,20,60,$0.03,$988.07,57%,0,0,16,2,128,32,0,0,3092,,athena-smp-prod-use1-live-container-hostgroup_9,235,
AML,Athena,465566550174,prod,465566550174:us-east-1:athena-smp-prod-use1-live-container-hostgroup_10,us-east-1,us-east-1a,r6i.4xlarge,USD,$0.17,"$1,949.00","12,816",39,50,,,12,18,Autoscale,x2gd.large,24,56,$0.03,"$1,201.25",62%,0,0,16,2,128,32,0,0,3092,,athena-smp-prod-use1-live-container-hostgroup_10,205,
AML,Athena,465566550174,prod,465566550174:us-east-1:athena-smp-prod-use1-live-container-hostgroup_11,us-east-1,us-east-1c,r6i.4xlarge,USD,$0.17,$758.00,"5,040",26,49,,,7,7,Autoscale,x2gd.large,14,15,$0.03,$471.70,62%,0,0,16,2,128,32,0,0,3092,,athena-smp-prod-use1-live-container-hostgroup_11,482,
AML,Athena,465566550174,prod,465566550174:us-east-1:athena-smp-prod-use1-live-container-hostgroup_12,us-east-1,us-east-1c,r6i.4xlarge,USD,$0.17,$217.00,"1,416",44,49,,,1,2,Autoscale,x2gd.large,2,8,$0.03,$135.75,63%,0,0,16,2,128,32,0,0,3092,,athena-smp-prod-use1-live-container-hostgroup_12,1850,
AML,Athena,465566550174,prod,465566550174:us-east-1:athena-smp-prod-use1-live-container-hostgroup_13,us-east-1,us-east-1b,r6i.4xlarge,USD,$0.17,$217.00,"1,440",38,49,,,2,2,Autoscale,x2gd.large,4,7,$0.03,$134.39,62%,0,0,16,2,128,32,0,0,3092,,athena-smp-prod-use1-live-container-hostgroup_13,1792,
AML,Athena,465566550174,prod,465566550174:us-east-1:athena-smp-prod-use1-live-container-hostgroup_14,us-east-1,us-east-1b,r6i.4xlarge,USD,$0.17,$325.00,"2,160",26,48,,,3,3,Autoscale,x2gd.large,6,7,$0.03,$202.17,62%,0,0,16,2,128,32,0,0,3092,,athena-smp-prod-use1-live-container-hostgroup_14,1081,
AML,Athena,465566550174,prod,465566550174:us-east-1:athena-smp-prod-use1-live-container-hostgroup_15,us-east-1,us-east-1b,r6i.4xlarge,USD,$0.17,$433.00,"2,856",34,48,,,3,4,Autoscale,x2gd.large,6,11,$0.03,$270.86,63%,0,0,16,2,128,32,0,0,3092,,athena-smp-prod-use1-live-container-hostgroup_15,818,
AML,Athena,465566550174,prod,465566550174:us-east-1:athena-smp-prod-use1-live-container-hostgroup_16,us-east-1,us-east-1a,r6i.4xlarge,USD,$0.17,$217.00,"1,440",38,48,,,2,2,Autoscale,x2gd.large,4,7,$0.03,$134.67,62%,0,0,16,2,128,32,0,0,3092,,athena-smp-prod-use1-live-container-hostgroup_16,1769,
AML,Athena,465566550174,prod,465566550174:us-east-1:athena-smp-prod-use1-live-container-hostgroup_17,us-east-1,us-east-1a,r6i.4xlarge,USD,$0.17,$217.00,"1,440",41,48,,,2,2,Autoscale,x2gd.large,4,7,$0.03,$134.67,62%,0,0,16,2,128,32,0,0,3092,,athena-smp-prod-use1-live-container-hostgroup_17,1771,
AML,Athena,465566550174,prod,465566550174:us-east-1:athena-smp-prod-use1-live-container-hostgroup_18,us-east-1,us-east-1c,r6i.4xlarge,USD,$0.17,$217.00,"1,440",31,48,,,2,2,Autoscale,x2gd.large,4,5,$0.03,$134.73,62%,0,0,16,2,128,32,0,0,3092,,athena-smp-prod-use1-live-container-hostgroup_18,1766,
AML,Athena,465566550174,prod,465566550174:us-east-1:athena-smp-prod-use1-live-container-hostgroup_19,us-east-1,us-east-1a,r6i.4xlarge,USD,$0.17,"$1,299.00","8,616",26,48,,,11,12,Autoscale,x2gd.large,21,25,$0.03,$830.33,64%,0,0,16,2,128,32,0,0,3092,,athena-smp-prod-use1-live-container-hostgroup_19,275,
AML,Athena,465566550174,prod,465566550174:us-east-1:athena-smp-prod-use1-live-container-hostgroup_20,us-east-1,us-east-1b,r6i.4xlarge,USD,$0.17,$541.00,"3,600",43,48,,,5,5,Autoscale,x2gd.large,10,18,$0.03,$327.13,60%,0,0,16,2,128,32,0,0,3092,,athena-smp-prod-use1-live-container-hostgroup_20,730,
AML,Athena,465566550174,prod,465566550174:us-east-1:athena-smp-prod-use1-live-container-hostgroup_21,us-east-1,us-east-1b,r6i.4xlarge,USD,$0.17,"$1,299.00","8,616",45,50,,,11,12,Autoscale,x2gd.large,22,44,$0.03,$792.73,61%,0,0,16,2,128,32,0,0,3092,,athena-smp-prod-use1-live-container-hostgroup_21,303,
AML,Athena,465566550174,prod,465566550174:us-east-1:athena-smp-prod-use1-live-idms-hostgroup_1,us-east-1,us-east-1a,m6g.2xlarge,USD,$0.05,$99.00,"2,136",6,10,,,2,3,Autoscale,x2gd.medium,1,2,$0.01,$88.25,89%,0,9,8,1,32,16,0,1,3092,,athena-smp-prod-use1-live-idms-hostgroup_1,2501,
AML,Athena,465566550174,prod,465566550174:us-east-1:athena-smp-prod-use1-val-container-hostgroup_1,us-east-1,us-east-1a,r6i.4xlarge,USD,$0.17,$325.00,"2,136",25,48,,,2,3,Autoscale,x2gd.xlarge,2,3,$0.06,$203.62,63%,0,0,16,4,128,64,0,1,3092,,athena-smp-prod-use1-val-container-hostgroup_1,1097,
AML,Athena,465566550174,prod,465566550174:us-east-1:athena-smp-prod-use1-val-container-hostgroup_2,us-east-1,us-east-1b,r6i.4xlarge,USD,$0.17,$217.00,"1,416",40,48,,,1,2,Autoscale,x2gd.large,2,7,$0.03,$135.86,63%,0,0,16,2,128,32,0,0,3092,,athena-smp-prod-use1-val-container-hostgroup_2,1847,
AML,Athena,465566550174,prod,465566550174:us-east-1:athena-smp-prod-use1-val-container-hostgroup_3,us-east-1,us-east-1a,r6i.4xlarge,USD,$0.17,$541.00,"3,600",40,48,,,5,5,Autoscale,x2gd.large,10,16,$0.03,$336.33,62%,0,0,16,2,128,32,0,0,3092,,athena-smp-prod-use1-val-container-hostgroup_3,702,
AML,Athena,465566550174,prod,465566550174:us-east-1:athena-smp-prod-use1-val-container-hostgroup_4,us-east-1,us-east-1a,r6i.4xlarge,USD,$0.17,$325.00,"2,112",28,48,,,1,3,Autoscale,x2gd.large,2,7,$0.03,$204.92,63%,0,0,16,2,128,32,0,0,3092,,athena-smp-prod-use1-val-container-hostgroup_4,1123,
AML,Athena,465566550174,prod,465566550174:us-east-1:athena-smp-prod-use1-val-container-hostgroup_5,us-east-1,us-east-1a,r6i.4xlarge,USD,$0.17,$325.00,"2,136",34,48,,,2,3,Autoscale,x2gd.large,4,9,$0.03,$203.47,63%,0,0,16,2,128,32,0,0,3092,,athena-smp-prod-use1-val-container-hostgroup_5,1100,
AML,Athena,465566550174,prod,465566550174:us-east-1:athena-smp-prod-use1-val-container-hostgroup_6,us-east-1,us-east-1c,r6i.4xlarge,USD,$0.17,$217.00,"1,440",30,48,,,2,2,Autoscale,x2gd.large,4,5,$0.03,$134.75,62%,0,0,16,2,128,32,0,0,3092,,athena-smp-prod-use1-val-container-hostgroup_6,1765,
AML,Athena,465566550174,prod,465566550174:us-east-1:athena-smp-prod-use1-val-container-hostgroup_7,us-east-1,us-east-1b,r6i.4xlarge,USD,$0.17,$541.00,"3,600",21,48,,,5,5,Autoscale,x2gd.medium,19,20,$0.01,$337.20,62%,0,0,16,1,128,16,0,0,3092,,athena-smp-prod-use1-val-container-hostgroup_7,698,
AML,Athena,465566550174,prod,465566550174:us-east-1:athena-smp-prod-use1-val-container-hostgroup_8,us-east-1,us-east-1a,r6i.4xlarge,USD,$0.17,"$1,299.00","8,544",34,50,,,8,12,Autoscale,x2gd.large,16,33,$0.03,$811.15,62%,0,0,16,2,128,32,0,0,3092,,athena-smp-prod-use1-val-container-hostgroup_8,297,
AML,Athena,465566550174,prod,465566550174:us-east-1:athena-smp-prod-use1-val-container-hostgroup_9,us-east-1,us-east-1a,r6i.4xlarge,USD,$0.17,"$1,732.00","11,400",53,53,,,11,16,Autoscale,x2gd.xlarge,12,35,$0.06,$956.03,55%,0,0,16,4,128,64,0,1,3092,,athena-smp-prod-use1-val-container-hostgroup_9,238,
AML,Athena,465566550174,prod,465566550174:us-east-1:athena-smp-prod-use1-val-container-hostgroup_10,us-east-1,us-east-1a,r6i.4xlarge,USD,$0.17,"$1,949.00","12,888",42,51,,,15,18,Autoscale,x2gd.large,30,61,$0.03,"$1,191.18",61%,0,0,16,2,128,32,0,0,3092,,athena-smp-prod-use1-val-container-hostgroup_10,203,
AML,Athena,465566550174,prod,465566550174:us-east-1:athena-smp-prod-use1-val-container-hostgroup_11,us-east-1,us-east-1c,r6i.4xlarge,USD,$0.17,$758.00,"4,992",35,50,,,5,7,Autoscale,x2gd.large,10,20,$0.03,$474.04,63%,0,0,16,2,128,32,0,0,3092,,athena-smp-prod-use1-val-container-hostgroup_11,491,
AML,Athena,465566550174,prod,465566550174:us-east-1:athena-smp-prod-use1-val-container-hostgroup_12,us-east-1,us-east-1b,r6i.4xlarge,USD,$0.17,$217.00,"1,440",43,50,,,2,2,Autoscale,x2gd.large,4,7,$0.03,$132.45,61%,0,0,16,2,128,32,0,0,3092,,athena-smp-prod-use1-val-container-hostgroup_12,1838,
AML,Athena,465566550174,prod,465566550174:us-east-1:athena-smp-prod-use1-val-container-hostgroup_13,us-east-1,us-east-1c,r6i.4xlarge,USD,$0.17,$217.00,"1,440",43,50,,,2,2,Autoscale,x2gd.large,4,7,$0.03,$132.51,61%,0,0,16,2,128,32,0,0,3092,,athena-smp-prod-use1-val-container-hostgroup_13,1837,
AML,Athena,465566550174,prod,465566550174:us-east-1:athena-smp-prod-use1-val-container-hostgroup_14,us-east-1,us-east-1b,r6i.4xlarge,USD,$0.17,$325.00,"2,136",27,48,,,2,3,Autoscale,x2gd.large,4,7,$0.03,$203.56,63%,0,0,16,2,128,32,0,0,3092,,athena-smp-prod-use1-val-container-hostgroup_14,1098,
AML,Athena,465566550174,prod,465566550174:us-east-1:athena-smp-prod-use1-val-container-hostgroup_15,us-east-1,us-east-1a,r6i.4xlarge,USD,$0.17,$325.00,"2,160",32,48,,,3,3,Autoscale,x2gd.large,6,8,$0.03,$202.11,62%,0,0,16,2,128,32,0,0,3092,,athena-smp-prod-use1-val-container-hostgroup_15,1086,
AML,Athena,465566550174,prod,465566550174:us-east-1:athena-smp-prod-use1-val-container-hostgroup_16,us-east-1,us-east-1a,r6i.4xlarge,USD,$0.17,$217.00,"1,440",39,48,,,2,2,Autoscale,x2gd.large,4,7,$0.03,$134.69,62%,0,0,16,2,128,32,0,0,3092,,athena-smp-prod-use1-val-container-hostgroup_16,1773,
AML,Athena,465566550174,prod,465566550174:us-east-1:athena-smp-prod-use1-val-container-hostgroup_17,us-east-1,us-east-1b,r6i.4xlarge,USD,$0.17,$217.00,"1,440",32,48,,,2,2,Autoscale,x2gd.large,4,6,$0.03,$134.72,62%,0,0,16,2,128,32,0,0,3092,,athena-smp-prod-use1-val-container-hostgroup_17,1770,
AML,Athena,465566550174,prod,465566550174:us-east-1:athena-smp-prod-use1-val-container-hostgroup_18,us-east-1,us-east-1a,r6i.4xlarge,USD,$0.17,$217.00,"1,440",35,48,,,2,2,Autoscale,x2gd.large,4,6,$0.03,$134.69,62%,0,0,16,2,128,32,0,0,3092,,athena-smp-prod-use1-val-container-hostgroup_18,1777,
AML,Athena,465566550174,prod,465566550174:us-east-1:athena-smp-prod-use1-val-container-hostgroup_19,us-east-1,us-east-1a,r6i.4xlarge,USD,$0.17,"$1,299.00","8,592",27,48,,,10,12,Autoscale,x2gd.large,20,26,$0.03,$831.02,64%,0,0,16,2,128,32,0,0,3092,,athena-smp-prod-use1-val-container-hostgroup_19,279,
AML,Athena,465566550174,prod,465566550174:us-east-1:athena-smp-prod-use1-val-container-hostgroup_20,us-east-1,us-east-1b,r6i.4xlarge,USD,$0.17,$541.00,"3,600",42,48,,,5,5,Autoscale,x2gd.large,10,17,$0.03,$329.32,61%,0,0,16,2,128,32,0,0,3092,,athena-smp-prod-use1-val-container-hostgroup_20,724,
AML,Athena,465566550174,prod,465566550174:us-east-1:athena-smp-prod-use1-val-container-hostgroup_21,us-east-1,us-east-1c,r6i.4xlarge,USD,$0.17,"$1,083.00","7,080",52,50,,,5,10,Autoscale,x2gd.xlarge,5,21,$0.06,$632.17,58%,0,0,16,4,128,64,0,1,3092,,athena-smp-prod-use1-val-container-hostgroup_21,362,
AML,Athena,465566550174,prod,465566550174:us-east-1:athena-smp-prod-use1-val-idms-hostgroup_1,us-east-1,us-east-1b,m6g.2xlarge,USD,$0.05,$99.00,"2,136",6,10,,,2,3,Autoscale,x2gd.medium,1,2,$0.01,$88.42,89%,0,17,8,1,32,16,0,1,3092,,athena-smp-prod-use1-val-idms-hostgroup_1,2498,
AML,Athena,465566550174,prod,465566550174:us-east-1:rubix-asg-athenap-ms-smp-us-east-1-cluster-20230927151513291800000005,us-east-1,us-east-1b,r5.16xlarge,USD,$0.69,"$1,733.00","2,880",12,3,,,4,4,Autoscale,r6g.large,4,15,$0.02,"$1,666.25",96%,0,0,64,2,512,16,0,0,3092,athenap-ms-smp-us-east-1-cluster,rubix-asg-athenap-ms-smp-us-east-1-cluster-20230927151513291800000005,145,
AML,Athena,465566550174,prod,465566550174:us-east-1:rubix-asg-athenap-ms-smp-us-east-1-cluster-20230927151513321800000006,us-east-1,us-east-1b,r5.16xlarge,USD,$0.69,"$1,300.00","2,136",9,3,,,2,3,Autoscale,m6g.large,3,9,$0.01,"$1,257.17",97%,0,0,64,2,512,8,0,0,3092,athenap-ms-smp-us-east-1-cluster,rubix-asg-athenap-ms-smp-us-east-1-cluster-20230927151513321800000006,211,
AML,Athena,465566550174,prod,465566550174:us-east-1:rubix-asg-athenap-ms-smp-us-east-1-cluster-20250204070052472800000005,us-east-1,us-east-1a,r8g.4xlarge,USD,$0.16,"$1,013.00","7,200",7,15,,,10,10,Autoscale,x2gd.medium,11,13,$0.01,$890.18,88%,0,0,16,1,128,16,0,0,3092,athenap-ms-smp-us-east-1-cluster,rubix-asg-athenap-ms-smp-us-east-1-cluster-20250204070052472800000005,263,
AML,Athena,465566550174,prod,465566550174:us-east-1:rubix-asg-athenap-ms-smp-us-east-1-cluster-20250527135739594400000006,us-east-1,us-east-1a,r7g.4xlarge,USD,$0.15,$29.00,210,3,3,,,15,15,Autoscale,r6g.medium,2,8,$0.01,$27.87,97%,0,0,16,1,128,8,0,0,3092,athenap-ms-smp-us-east-1-cluster,rubix-asg-athenap-ms-smp-us-east-1-cluster-20250527135739594400000006,4273,
AML,Athena,465566550174,prod,465566550174:us-east-1:rubix-asg-athenap-ms-smp-us-east-1-cluster-20250530130937267000000008,us-east-1,us-east-1a,r7g.4xlarge,USD,$0.15,"$1,352.00","10,485",13,4,,,10,15,Autoscale,r6g.medium,3,31,$0.01,"$1,305.26",97%,0,0,16,1,128,8,0,0,3092,athenap-ms-smp-us-east-1-cluster,rubix-asg-athenap-ms-smp-us-east-1-cluster-20250530130937267000000008,198,
AML,Athena,465566550174,prod,465566550174:us-east-1:rubix-asg-athenap-ms-smp-us-east-1-cluster-20250530130937267300000009,us-east-1,us-east-1c,r7g.4xlarge,USD,$0.15,$451.00,"3,535",10,2,,,5,5,Autoscale,m6g.medium,3,9,$0.01,$434.15,96%,0,0,16,1,128,4,0,0,3092,athenap-ms-smp-us-east-1-cluster,rubix-asg-athenap-ms-smp-us-east-1-cluster-20250530130937267300000009,550,
AML,Athena,465566550174,prod,465566550174:us-west-2:athena-smp-prod-usw2-live-container-hostgroup_1,us-west-2,us-west-2b,r6i.4xlarge,USD,$0.17,$217.00,"1,440",21,48,,,2,2,Autoscale,x2gd.xlarge,2,2,$0.06,$134.84,62%,0,0,16,4,128,64,0,1,3092,,athena-smp-prod-usw2-live-container-hostgroup_1,1756,
AML,Athena,465566550174,prod,465566550174:us-west-2:athena-smp-prod-usw2-live-container-hostgroup_2,us-west-2,us-west-2b,r6i.4xlarge,USD,$0.17,$217.00,"1,440",41,48,,,2,2,Autoscale,x2gd.large,4,7,$0.03,$134.50,62%,0,0,16,2,128,32,0,0,3092,,athena-smp-prod-usw2-live-container-hostgroup_2,1791,
AML,Athena,465566550174,prod,465566550174:us-west-2:athena-smp-prod-usw2-live-container-hostgroup_3,us-west-2,us-west-2c,r6i.4xlarge,USD,$0.17,$758.00,"4,992",38,48,,,5,7,Autoscale,x2gd.large,10,22,$0.03,$473.70,62%,0,0,16,2,128,32,0,0,3092,,athena-smp-prod-usw2-live-container-hostgroup_3,492,
AML,Athena,465566550174,prod,465566550174:us-west-2:athena-smp-prod-usw2-live-container-hostgroup_4,us-west-2,us-west-2c,r6i.4xlarge,USD,$0.17,$650.00,"4,296",20,48,,,5,6,Autoscale,x2gd.medium,20,23,$0.01,$415.73,64%,0,0,16,1,128,16,0,0,3092,,athena-smp-prod-usw2-live-container-hostgroup_4,546,
AML,Athena,465566550174,prod,465566550174:us-west-2:athena-smp-prod-usw2-live-container-hostgroup_5,us-west-2,us-west-2c,r6i.4xlarge,USD,$0.17,$108.00,720,28,48,,,1,1,Autoscale,x2gd.large,2,3,$0.03,$67.39,62%,0,0,16,2,128,32,0,0,3092,,athena-smp-prod-usw2-live-container-hostgroup_5,2910,
AML,Athena,465566550174,prod,465566550174:us-west-2:athena-smp-prod-usw2-live-container-hostgroup_6,us-west-2,us-west-2a,r6i.4xlarge,USD,$0.17,$217.00,"1,440",24,48,,,2,2,Autoscale,x2gd.xlarge,2,2,$0.06,$134.84,62%,0,0,16,4,128,64,0,1,3092,,athena-smp-prod-usw2-live-container-hostgroup_6,1748,
AML,Athena,465566550174,prod,465566550174:us-west-2:athena-smp-prod-usw2-live-container-hostgroup_7,us-west-2,us-west-2c,r6i.4xlarge,USD,$0.17,$650.00,"4,248",19,48,,,3,6,Autoscale,x2gd.medium,12,23,$0.01,$418.38,64%,0,0,16,1,128,16,0,0,3092,,athena-smp-prod-usw2-live-container-hostgroup_7,551,
AML,Athena,465566550174,prod,465566550174:us-west-2:athena-smp-prod-usw2-live-container-hostgroup_8,us-west-2,us-west-2a,r6i.4xlarge,USD,$0.17,"$1,299.00","8,568",33,49,,,9,12,Autoscale,x2gd.large,18,32,$0.03,$812.46,63%,0,0,16,2,128,32,0,0,3092,,athena-smp-prod-usw2-live-container-hostgroup_8,289,
AML,Athena,465566550174,prod,465566550174:us-west-2:athena-smp-prod-usw2-live-container-hostgroup_9,us-west-2,us-west-2b,r6i.4xlarge,USD,$0.17,"$1,733.00","11,352",53,52,,,9,16,Autoscale,x2gd.xlarge,9,35,$0.06,$964.47,56%,0,0,16,4,128,64,0,1,3092,,athena-smp-prod-usw2-live-container-hostgroup_9,239,
AML,Athena,465566550174,prod,465566550174:us-west-2:athena-smp-prod-usw2-live-container-hostgroup_10,us-west-2,us-west-2b,r6i.4xlarge,USD,$0.17,"$1,959.00","12,978",72,50,,,13,24,Autoscale,x2gd.xlarge,13,70,$0.06,"$1,181.37",60%,0,0,16,4,128,64,0,1,3092,,athena-smp-prod-usw2-live-container-hostgroup_10,206,
AML,Athena,465566550174,prod,465566550174:us-west-2:athena-smp-prod-usw2-live-container-hostgroup_11,us-west-2,us-west-2b,r6i.4xlarge,USD,$0.17,$758.00,"5,016",27,49,,,6,7,Autoscale,x2gd.xlarge,6,8,$0.06,$473.17,62%,0,0,16,4,128,64,0,1,3092,,athena-smp-prod-usw2-live-container-hostgroup_11,486,
AML,Athena,465566550174,prod,465566550174:us-west-2:athena-smp-prod-usw2-live-container-hostgroup_12,us-west-2,us-west-2a,r6i.4xlarge,USD,$0.17,$217.00,"1,416",41,49,,,1,2,Autoscale,x2gd.large,2,7,$0.03,$135.83,63%,0,0,16,2,128,32,0,0,3092,,athena-smp-prod-usw2-live-container-hostgroup_12,1848,
AML,Athena,465566550174,prod,465566550174:us-west-2:athena-smp-prod-usw2-live-container-hostgroup_13,us-west-2,us-west-2b,r6i.4xlarge,USD,$0.17,$217.00,"1,416",41,49,,,1,2,Autoscale,x2gd.large,2,7,$0.03,$135.83,63%,0,0,16,2,128,32,0,0,3092,,athena-smp-prod-usw2-live-container-hostgroup_13,1849,
AML,Athena,465566550174,prod,465566550174:us-west-2:athena-smp-prod-usw2-live-container-hostgroup_14,us-west-2,us-west-2c,r6i.4xlarge,USD,$0.17,$325.00,"2,160",28,48,,,3,3,Autoscale,x2gd.large,6,7,$0.03,$202.23,62%,0,0,16,2,128,32,0,0,3092,,athena-smp-prod-usw2-live-container-hostgroup_14,1079,
AML,Athena,465566550174,prod,465566550174:us-west-2:athena-smp-prod-usw2-live-container-hostgroup_15,us-west-2,us-west-2b,r6i.4xlarge,USD,$0.17,$433.00,"2,856",27,48,,,3,4,Autoscale,x2gd.large,6,9,$0.03,$270.96,63%,0,0,16,2,128,32,0,0,3092,,athena-smp-prod-usw2-live-container-hostgroup_15,817,
AML,Athena,465566550174,prod,465566550174:us-west-2:athena-smp-prod-usw2-live-container-hostgroup_16,us-west-2,us-west-2b,r6i.4xlarge,USD,$0.17,$217.00,"1,392",27,48,,,2,2,Autoscale,x2gd.large,4,5,$0.03,$137.53,63%,0,0,16,2,128,32,0,0,3092,,athena-smp-prod-usw2-live-container-hostgroup_16,1881,
AML,Athena,465566550174,prod,465566550174:us-west-2:athena-smp-prod-usw2-live-container-hostgroup_17,us-west-2,us-west-2a,r6i.4xlarge,USD,$0.17,$217.00,"1,416",31,48,,,1,2,Autoscale,x2gd.large,2,6,$0.03,$136.11,63%,0,0,16,2,128,32,0,0,3092,,athena-smp-prod-usw2-live-container-hostgroup_17,1845,
AML,Athena,465566550174,prod,465566550174:us-west-2:athena-smp-prod-usw2-live-container-hostgroup_18,us-west-2,us-west-2a,r6i.4xlarge,USD,$0.17,$217.00,"1,416",32,48,,,1,2,Autoscale,x2gd.xlarge,1,3,$0.06,$136.14,63%,0,0,16,4,128,64,0,1,3092,,athena-smp-prod-usw2-live-container-hostgroup_18,1843,
AML,Athena,465566550174,prod,465566550174:us-west-2:athena-smp-prod-usw2-live-container-hostgroup_19,us-west-2,us-west-2b,r6i.4xlarge,USD,$0.17,"$1,624.00","10,728",25,48,,,12,15,Autoscale,x2gd.large,23,31,$0.03,"$1,035.56",64%,0,0,16,2,128,32,0,0,3092,,athena-smp-prod-usw2-live-container-hostgroup_19,231,
AML,Athena,465566550174,prod,465566550174:us-west-2:athena-smp-prod-usw2-live-container-hostgroup_20,us-west-2,us-west-2b,r6i.4xlarge,USD,$0.17,$541.00,"3,552",37,48,,,3,5,Autoscale,x2gd.large,6,15,$0.03,$334.44,62%,0,0,16,2,128,32,0,0,3092,,athena-smp-prod-usw2-live-container-hostgroup_20,731,
AML,Athena,465566550174,prod,465566550174:us-west-2:athena-smp-prod-usw2-live-container-hostgroup_21,us-west-2,us-west-2c,r6i.4xlarge,USD,$0.17,"$1,300.00","8,568",44,50,,,9,12,Autoscale,x2gd.large,18,42,$0.03,$793.93,61%,0,0,16,2,128,32,0,0,3092,,athena-smp-prod-usw2-live-container-hostgroup_21,308,
AML,Athena,465566550174,prod,465566550174:us-west-2:athena-smp-prod-usw2-live-idms-hostgroup_1,us-west-2,us-west-2b,m6g.2xlarge,USD,$0.05,$99.00,"2,160",2,10,,,3,3,Autoscale,x2gd.medium,1,1,$0.01,$89.05,90%,0,39,8,1,32,16,0,1,3092,,athena-smp-prod-usw2-live-idms-hostgroup_1,2486,
AML,Athena,465566550174,prod,465566550174:us-west-2:athena-smp-prod-usw2-val-container-hostgroup_1,us-west-2,us-west-2c,r6i.4xlarge,USD,$0.17,$217.00,"1,440",21,48,,,2,2,Autoscale,x2gd.xlarge,2,2,$0.06,$134.83,62%,0,0,16,4,128,64,0,1,3092,,athena-smp-prod-usw2-val-container-hostgroup_1,1761,
AML,Athena,465566550174,prod,465566550174:us-west-2:athena-smp-prod-usw2-val-container-hostgroup_2,us-west-2,us-west-2a,r6i.4xlarge,USD,$0.17,$217.00,"1,440",30,48,,,2,2,Autoscale,x2gd.large,4,5,$0.03,$134.57,62%,0,0,16,2,128,32,0,0,3092,,athena-smp-prod-usw2-val-container-hostgroup_2,1785,
AML,Athena,465566550174,prod,465566550174:us-west-2:athena-smp-prod-usw2-val-container-hostgroup_3,us-west-2,us-west-2a,r6i.4xlarge,USD,$0.17,$541.00,"3,600",37,48,,,5,5,Autoscale,x2gd.large,10,15,$0.03,$336.39,62%,0,0,16,2,128,32,0,0,3092,,athena-smp-prod-usw2-val-container-hostgroup_3,701,
AML,Athena,465566550174,prod,465566550174:us-west-2:athena-smp-prod-usw2-val-container-hostgroup_4,us-west-2,us-west-2b,r6i.4xlarge,USD,$0.17,$325.00,"2,160",27,48,,,3,3,Autoscale,x2gd.large,6,7,$0.03,$202.15,62%,0,0,16,2,128,32,0,0,3092,,athena-smp-prod-usw2-val-container-hostgroup_4,1083,
AML,Athena,465566550174,prod,465566550174:us-west-2:athena-smp-prod-usw2-val-container-hostgroup_5,us-west-2,us-west-2c,r6i.4xlarge,USD,$0.17,$217.00,"1,440",31,48,,,2,2,Autoscale,x2gd.large,4,5,$0.03,$134.66,62%,0,0,16,2,128,32,0,0,3092,,athena-smp-prod-usw2-val-container-hostgroup_5,1768,
AML,Athena,465566550174,prod,465566550174:us-west-2:athena-smp-prod-usw2-val-container-hostgroup_6,us-west-2,us-west-2b,r6i.4xlarge,USD,$0.17,$217.00,"1,416",29,48,,,1,2,Autoscale,x2gd.large,2,5,$0.03,$136.14,63%,0,0,16,2,128,32,0,0,3092,,athena-smp-prod-usw2-val-container-hostgroup_6,1844,
AML,Athena,465566550174,prod,465566550174:us-west-2:athena-smp-prod-usw2-val-container-hostgroup_7,us-west-2,us-west-2a,r6i.4xlarge,USD,$0.17,$541.00,"3,600",21,48,,,5,5,Autoscale,x2gd.medium,19,20,$0.01,$337.76,62%,0,0,16,1,128,16,0,0,3092,,athena-smp-prod-usw2-val-container-hostgroup_7,684,
AML,Athena,465566550174,prod,465566550174:us-west-2:athena-smp-prod-usw2-val-container-hostgroup_8,us-west-2,us-west-2b,r6i.4xlarge,USD,$0.17,$758.00,"5,016",50,50,,,6,7,Autoscale,x2gd.large,12,28,$0.03,$463.78,61%,0,0,16,2,128,32,0,0,3092,,athena-smp-prod-usw2-val-container-hostgroup_8,497,
AML,Athena,465566550174,prod,465566550174:us-west-2:athena-smp-prod-usw2-val-container-hostgroup_9,us-west-2,us-west-2c,r6i.8xlarge,USD,$0.34,"$3,465.00","11,352",33,27,,,9,16,Autoscale,x2gd.xlarge,10,42,$0.06,"$2,698.93",78%,0,0,32,4,256,64,0,0,3092,,athena-smp-prod-usw2-val-container-hostgroup_9,69,
AML,Athena,465566550174,prod,465566550174:us-west-2:athena-smp-prod-usw2-val-container-hostgroup_10,us-west-2,us-west-2c,r6i.4xlarge,USD,$0.17,$989.00,"6,689",90,51,,,9,20,Autoscale,r6g.xlarge,17,65,$0.03,$520.25,53%,0,0,16,4,128,32,0,0,3092,,athena-smp-prod-usw2-val-container-hostgroup_10,398,
AML,Athena,465566550174,prod,465566550174:us-west-2:athena-smp-prod-usw2-val-container-hostgroup_11,us-west-2,us-west-2b,r6i.4xlarge,USD,$0.17,$758.00,"5,016",31,50,,,6,7,Autoscale,x2gd.large,12,18,$0.03,$472.29,62%,0,0,16,2,128,32,0,0,3092,,athena-smp-prod-usw2-val-container-hostgroup_11,488,
AML,Athena,465566550174,prod,465566550174:us-west-2:athena-smp-prod-usw2-val-container-hostgroup_12,us-west-2,us-west-2c,r6i.4xlarge,USD,$0.17,$217.00,"1,416",41,50,,,1,2,Autoscale,x2gd.large,2,7,$0.03,$135.38,63%,0,0,16,2,128,32,0,0,3092,,athena-smp-prod-usw2-val-container-hostgroup_12,1855,
AML,Athena,465566550174,prod,465566550174:us-west-2:athena-smp-prod-usw2-val-container-hostgroup_13,us-west-2,us-west-2a,r6i.4xlarge,USD,$0.17,$217.00,"1,440",42,50,,,2,2,Autoscale,x2gd.large,4,7,$0.03,$133.23,62%,0,0,16,2,128,32,0,0,3092,,athena-smp-prod-usw2-val-container-hostgroup_13,1823,
AML,Athena,465566550174,prod,465566550174:us-west-2:athena-smp-prod-usw2-val-container-hostgroup_14,us-west-2,us-west-2c,r6i.4xlarge,USD,$0.17,$325.00,"2,136",31,48,,,2,3,Autoscale,x2gd.large,4,8,$0.03,$203.40,63%,0,0,16,2,128,32,0,0,3092,,athena-smp-prod-usw2-val-container-hostgroup_14,1099,
AML,Athena,465566550174,prod,465566550174:us-west-2:athena-smp-prod-usw2-val-container-hostgroup_15,us-west-2,us-west-2b,r6i.4xlarge,USD,$0.17,$325.00,"2,160",29,48,,,3,3,Autoscale,x2gd.large,6,7,$0.03,$202.08,62%,0,0,16,2,128,32,0,0,3092,,athena-smp-prod-usw2-val-container-hostgroup_15,1084,
AML,Athena,465566550174,prod,465566550174:us-west-2:athena-smp-prod-usw2-val-container-hostgroup_16,us-west-2,us-west-2a,r6i.4xlarge,USD,$0.17,$217.00,"1,392",26,48,,,2,2,Autoscale,x2gd.large,4,5,$0.03,$137.43,63%,0,0,16,2,128,32,0,0,3092,,athena-smp-prod-usw2-val-container-hostgroup_16,1882,
AML,Athena,465566550174,prod,465566550174:us-west-2:athena-smp-prod-usw2-val-container-hostgroup_17,us-west-2,us-west-2c,r6i.4xlarge,USD,$0.17,$217.00,"1,440",35,48,,,2,2,Autoscale,x2gd.large,4,6,$0.03,$134.62,62%,0,0,16,2,128,32,0,0,3092,,athena-smp-prod-usw2-val-container-hostgroup_17,1776,
AML,Athena,465566550174,prod,465566550174:us-west-2:athena-smp-prod-usw2-val-container-hostgroup_18,us-west-2,us-west-2c,r6i.4xlarge,USD,$0.17,$217.00,"1,440",40,48,,,2,2,Autoscale,x2gd.large,4,7,$0.03,$134.53,62%,0,0,16,2,128,32,0,0,3092,,athena-smp-prod-usw2-val-container-hostgroup_18,1780,
AML,Athena,465566550174,prod,465566550174:us-west-2:athena-smp-prod-usw2-val-container-hostgroup_19,us-west-2,us-west-2b,r6i.4xlarge,USD,$0.17,"$1,300.00","8,616",27,48,,,11,12,Autoscale,x2gd.large,21,26,$0.03,$830.59,64%,0,0,16,2,128,32,0,0,3092,,athena-smp-prod-usw2-val-container-hostgroup_19,276,
AML,Athena,465566550174,prod,465566550174:us-west-2:athena-smp-prod-usw2-val-container-hostgroup_20,us-west-2,us-west-2a,r6i.4xlarge,USD,$0.17,$541.00,"3,576",42,48,,,4,5,Autoscale,x2gd.large,8,17,$0.03,$332.70,61%,0,0,16,2,128,32,0,0,3092,,athena-smp-prod-usw2-val-container-hostgroup_20,726,
AML,Athena,465566550174,prod,465566550174:us-west-2:athena-smp-prod-usw2-val-container-hostgroup_21,us-west-2,us-west-2c,r6i.4xlarge,USD,$0.17,"$1,083.00","7,152",55,50,,,8,10,Autoscale,x2gd.xlarge,8,22,$0.06,$624.39,58%,0,0,16,4,128,64,0,1,3092,,athena-smp-prod-usw2-val-container-hostgroup_21,360,
AML,Athena,465566550174,prod,465566550174:us-west-2:athena-smp-prod-usw2-val-idms-hostgroup_1,us-west-2,us-west-2b,m6g.2xlarge,USD,$0.05,$99.00,"2,136",6,10,,,2,3,Autoscale,x2gd.medium,1,2,$0.01,$87.99,89%,0,16,8,1,32,16,0,1,3092,,athena-smp-prod-usw2-val-idms-hostgroup_1,2520,
AML,Athena,465566550174,prod,465566550174:us-west-2:rubix-asg-athenap-ms-smp-us-west-2-cluster-20230622065516631900000003,us-west-2,us-west-2b,r6i.4xlarge,USD,$0.17,$325.00,"2,112",39,8,,,1,3,Autoscale,m6g.large,1,10,$0.01,$295.49,91%,0,0,16,2,128,8,0,0,3092,athenap-ms-smp-us-west-2-cluster,rubix-asg-athenap-ms-smp-us-west-2-cluster-20230622065516631900000003,801,
AML,Athena,465566550174,prod,465566550174:us-west-2:rubix-asg-athenap-ms-smp-us-west-2-cluster-20230711170323909400000001,us-west-2,us-west-2b,r6i.16xlarge,USD,$0.69,"$1,300.00","2,136",18,5,,,2,3,Autoscale,m6g.xlarge,2,9,$0.03,"$1,223.12",94%,0,0,64,4,512,16,0,0,3092,athenap-ms-smp-us-west-2-cluster,rubix-asg-athenap-ms-smp-us-west-2-cluster-20230711170323909400000001,216,
AML,Athena,465566550174,prod,465566550174:us-west-2:rubix-asg-athenap-ms-smp-us-west-2-cluster-20250203072400407300000007,us-west-2,us-west-2b,r8g.4xlarge,USD,$0.16,$850.00,"6,209",8,20,,,4,11,Autoscale,x2gd.medium,6,14,$0.01,$727.85,86%,0,0,16,1,128,16,0,0,3092,athenap-ms-smp-us-west-2-cluster,rubix-asg-athenap-ms-smp-us-west-2-cluster-20250203072400407300000007,329,
AML,Athena,465566550174,prod,465566550174:us-west-2:rubix-asg-athenap-ms-smp-us-west-2-cluster-20250527165016185900000006,us-west-2,us-west-2b,r7g.4xlarge,USD,$0.15,$24.00,165,3,2,,,15,15,Autoscale,r6g.medium,2,9,$0.01,$22.96,97%,0,0,16,1,128,8,0,0,3092,athenap-ms-smp-us-west-2-cluster,rubix-asg-athenap-ms-smp-us-west-2-cluster-20250527165016185900000006,4505,
AML,Athena,465566550174,prod,465566550174:us-west-2:rubix-asg-athenap-ms-smp-us-west-2-cluster-20250530104944004000000008,us-west-2,us-west-2b,r7g.4xlarge,USD,$0.15,"$1,357.00","10,581",11,2,,,12,17,Autoscale,r6g.medium,5,27,$0.01,"$1,317.05",97%,0,0,16,1,128,8,0,0,3092,athenap-ms-smp-us-west-2-cluster,rubix-asg-athenap-ms-smp-us-west-2-cluster-20250530104944004000000008,194,
AML,Athena,465566550174,prod,465566550174:us-west-2:rubix-asg-athenap-ms-smp-us-west-2-cluster-20250530104944004200000009,us-west-2,us-west-2c,r7g.4xlarge,USD,$0.15,$452.00,"3,550",8,2,,,5,5,Autoscale,m6g.medium,2,7,$0.01,$437.82,97%,0,0,16,1,128,4,0,0,3092,athenap-ms-smp-us-west-2-cluster,rubix-asg-athenap-ms-smp-us-west-2-cluster-20250530104944004200000009,544,
AML,Athena,465566550174,prod,465566550174:us-west-2:rubix-asg-cassandra-batch-20240731052946575200000003,us-west-2,us-west-2c,r6i.large,USD,$0.02,$14.00,712,74,7,,,1,1,Autoscale,c6g.medium,1,2,$0.01,$9.24,68%,0,0,2,1,16,2,1,0,102169,cassandra-batch,rubix-asg-cassandra-batch-20240731052946575200000003,5116,
AML,Athena,465566550174,prod,465566550174:us-west-2:rubix-asg-cassandra-batch-20240806174337525400000003,us-west-2,us-west-2b,t3.large,USD,$0.01,$27.00,"2,136",18,10,,,2,3,Autoscale,t4g.nano,3,5,$0.00,$24.64,92%,0,0,1,0,8,1,0,0,102169,cassandra-batch,rubix-asg-cassandra-batch-20240806174337525400000003,4343,
AML,Athena,465566550174,test,465566550174:us-east-1:rubix-asg-athenap-smp-us-east-1-cluster-20240924090650477000000007,us-east-1,us-east-1a,r6i.2xlarge,USD,$0.09,$325.00,"4,320",6,5,,,6,6,Autoscale,r6g.medium,3,4,$0.01,$306.28,94%,0,0,8,1,64,8,0,0,2351,athenap-smp-us-east-1-cluster,rubix-asg-athenap-smp-us-east-1-cluster-20240924090650477000000007,783,
AML,Athena,465566550174,test,465566550174:us-east-1:rubix-asg-athenap-smp-us-east-1-cluster-20240924090650478400000008,us-east-1,us-east-1a,m6i.4xlarge,USD,$0.13,$837.00,"7,697",6,6,,,4,18,Autoscale,r6g.medium,2,12,$0.01,$811.96,97%,0,0,16,1,64,8,0,0,2351,athenap-smp-us-east-1-cluster,rubix-asg-athenap-smp-us-east-1-cluster-20240924090650478400000008,293,
AML,Athena,465566550174,test,465566550174:us-east-1:rubix-asg-athenap-smp-us-east-1-cluster-20240924090650479800000009,us-east-1,us-east-1c,c6i.4xlarge,USD,$0.12,$657.00,"6,408",7,8,,,6,9,Autoscale,m6g.medium,4,10,$0.01,$628.51,96%,0,0,16,1,32,4,0,0,2351,athenap-smp-us-east-1-cluster,rubix-asg-athenap-smp-us-east-1-cluster-20240924090650479800000009,385,
AML,Athena,465566550174,test,465566550174:us-east-1:rubix-asg-athenap-smp-us-east-1-cluster-20250624065040523900000006,us-east-1,us-east-1b,r6i.4xlarge,USD,$0.17,$13.00,342,5,1,,,3,3,Autoscale,m6g.medium,1,3,$0.01,$12.09,94%,0,82,16,1,128,4,0,0,2351,athenap-smp-us-east-1-cluster,rubix-asg-athenap-smp-us-east-1-cluster-20250624065040523900000006,3218,
AML,Athena,465566550174,test,465566550174:us-west-2:rubix-asg-athenap-smp-us-west-2-cluster-20240924064403065700000007,us-west-2,us-west-2c,c6i.4xlarge,USD,$0.12,$657.00,"6,432",10,14,,,7,9,Autoscale,m6g.medium,5,15,$0.01,$618.32,94%,0,0,16,1,32,4,0,0,2351,athenap-smp-us-west-2-cluster,rubix-asg-athenap-smp-us-west-2-cluster-20240924064403065700000007,388,
AML,Athena,465566550174,test,465566550174:us-west-2:rubix-asg-athenap-smp-us-west-2-cluster-20240924064403067900000008,us-west-2,us-west-2a,r6i.2xlarge,USD,$0.09,$325.00,"4,296",4,2,,,5,6,Autoscale,r6g.medium,1,2,$0.01,$317.87,98%,0,0,8,1,64,8,0,0,2351,athenap-smp-us-west-2-cluster,rubix-asg-athenap-smp-us-west-2-cluster-20240924064403067900000008,772,
AML,Athena,465566550174,test,465566550174:us-west-2:rubix-asg-athenap-smp-us-west-2-cluster-20240924064403069500000009,us-west-2,us-west-2a,m6i.4xlarge,USD,$0.13,$830.00,"7,655",10,10,,,5,16,Autoscale,r6g.medium,4,14,$0.01,$792.63,96%,0,0,16,1,64,8,0,0,2351,athenap-smp-us-west-2-cluster,rubix-asg-athenap-smp-us-west-2-cluster-20240924064403069500000009,310,
AML,Athena,465566550174,test,465566550174:us-west-2:rubix-asg-athenap-smp-us-west-2-cluster-20250624082157132400000006,us-west-2,us-west-2a,r6i.4xlarge,USD,$0.17,$12.00,336,7,1,,,3,3,Autoscale,m6g.medium,1,4,$0.01,$11.40,94%,0,89,16,1,128,4,0,0,2351,athenap-smp-us-west-2-cluster,rubix-asg-athenap-smp-us-west-2-cluster-20250624082157132400000006,3236,
AML,Athena,698787849953,prod,698787849953:us-west-2:eks-nativeml-stage-cp-machinery-ng-01-a6c93854-0290-cbb9-cc29-1134158b88ec,us-west-2,us-west-2b,m5.4xlarge,USD,$0.13,$330.00,"2,887",10,9,,,4,9,Autoscale,r6g.medium,3,15,$0.01,$307.13,93%,0,0,16,1,64,8,0,0,200043,nativeml-stage-cp-machinery,eks-nativeml-stage-cp-machinery-ng-01-a6c93854-0290-cbb9-cc29-1134158b88ec,781,
AML,Athena,698787849953,prod,698787849953:us-west-2:rubix-asg-og9953-ray-stagew2-srv-01-20241010175208383900000003,us-west-2,us-west-2c,m5d.8xlarge,USD,$0.31,"$1,943.00","7,200",6,8,,,10,10,Autoscale,i3.2xlarge,2,3,$0.11,"$1,772.04",91%,0,0,32,8,128,61,0,0,200043,og9953-ray-stagew2-srv-01,rubix-asg-og9953-ray-stagew2-srv-01-20241010175208383900000003,132,
AML,Athena,698787849953,prod,698787849953:us-west-2:rubix-asg-og9953-ray-stagew2-srv-01-20250206055403803600000005,us-west-2,us-west-2b,p4d.24xlarge,USD,$9.11,"$5,759.00",720,5,2,,,1,1,No Action,p4d.24xlarge,1,1,$3.73,$0.00,0%,0,0,96,96,1152,1152,1,1,200043,og9953-ray-stagew2-srv-01,rubix-asg-og9953-ray-stagew2-srv-01-20250206055403803600000005,5846,
AML,Athena,698787849953,prod,698787849953:us-west-2:rubix-asg-og9953-ray-stagew2-srv-01-20250321090046037000000006,us-west-2,us-west-2c,m5n.4xlarge,USD,$0.16,$307.00,"2,160",7,5,,,3,3,Autoscale,m6g.medium,3,4,$0.01,$292.08,95%,0,0,16,1,64,4,0,0,200043,og9953-ray-stagew2-srv-01,rubix-asg-og9953-ray-stagew2-srv-01-20250321090046037000000006,796,
AML,Athena,698787849953,stage,698787849953:us-west-2:rubix-asg-nativeml-stage-west2-20240226105402200400000003,us-west-2,us-west-2c,r6a.8xlarge,USD,$0.31,$585.00,"2,160",20,6,,,3,3,Autoscale,r6g.large,3,10,$0.02,$547.68,94%,0,0,32,2,256,16,0,0,shuri-nativeml,nativeml-stage-west2,rubix-asg-nativeml-stage-west2-20240226105402200400000003,421,
AML,Athena,826896041157,prod,826896041157:us-east-1:athena-mdn-live-container-hostgroup_2,us-east-1,us-east-1b,r6i.4xlarge,USD,$0.17,$541.00,"3,600",39,69,,,5,5,Autoscale,x2gd.large,14,16,$0.03,$255.07,47%,0,0,16,2,128,32,0,0,2352,,athena-mdn-live-container-hostgroup_2,803,
AML,Athena,826896041157,prod,826896041157:us-east-1:athena-mdn-live-container-hostgroup_4,us-east-1,us-east-1b,r6i.4xlarge,USD,$0.17,"$1,624.00","10,800",46,93,,,15,15,Autoscale,x2gd.large,45,56,$0.03,$571.37,35%,0,0,16,2,128,32,0,0,2352,,athena-mdn-live-container-hostgroup_4,351,
AML,Athena,826896041157,prod,826896041157:us-east-1:athena-mdn-live-container-hostgroup_5,us-east-1,us-east-1a,r6i.4xlarge,USD,$0.17,$541.00,"3,600",21,48,,,5,5,Autoscale,x2gd.medium,19,20,$0.01,$337.66,62%,0,0,16,1,128,16,0,0,2352,,athena-mdn-live-container-hostgroup_5,685,
AML,Athena,826896041157,prod,826896041157:us-east-1:athena-mdn-live-container-hostgroup_6,us-east-1,us-east-1a,r6i.4xlarge,USD,$0.17,"$1,299.00","8,640",28,48,,,12,12,Autoscale,x2gd.large,23,27,$0.03,$808.62,62%,0,0,16,2,128,32,0,0,2352,,athena-mdn-live-container-hostgroup_6,287,
AML,Athena,826896041157,prod,826896041157:us-east-1:athena-mdn-live-container-hostgroup_7,us-east-1,us-east-1c,m6i.8xlarge,USD,$0.26,$0.00,2,2,46,,,1,1,Autoscale,x2gd.xlarge,1,1,$0.06,$0.01,7%,0,0,32,4,128,64,0,1,2352,,athena-mdn-live-container-hostgroup_7,5711,
AML,Athena,826896041157,prod,826896041157:us-east-1:athena-mdn-live-container-hostgroup_8,us-east-1,us-east-1b,m6i.8xlarge,USD,$0.26,$1.00,8,3,46,,,1,4,Autoscale,x2gd.medium,4,15,$0.01,$0.29,40%,0,0,32,1,128,16,0,0,2352,,athena-mdn-live-container-hostgroup_8,5595,
AML,Athena,826896041157,prod,826896041157:us-east-1:athena-mdn-live-container-hostgroup_10,us-east-1,us-east-1c,r6i.4xlarge,USD,$0.17,$433.00,"2,880",34,48,,,4,4,Autoscale,x2gd.large,8,11,$0.03,$269.27,62%,0,0,16,2,128,32,0,0,2352,,athena-mdn-live-container-hostgroup_10,808,
AML,Athena,826896041157,prod,826896041157:us-east-1:athena-mdn-live-container-hostgroup_12,us-east-1,us-east-1b,r6i.4xlarge,USD,$0.17,$758.00,"5,040",45,48,,,7,7,Autoscale,x2gd.large,14,26,$0.03,$470.87,62%,0,0,16,2,128,32,0,0,2352,,athena-mdn-live-container-hostgroup_12,484,
AML,Athena,826896041157,prod,826896041157:us-east-1:athena-mdn-live-container-hostgroup_14,us-east-1,us-east-1a,r6i.4xlarge,USD,$0.17,"$6,229.00","41,202",40,49,,,51,61,Autoscale,x2gd.large,99,185,$0.03,"$3,853.46",62%,0,0,16,2,128,32,0,0,2352,,athena-mdn-live-container-hostgroup_14,46,
AML,Athena,826896041157,prod,826896041157:us-east-1:athena-mdn-live-container-hostgroup_16,us-east-1,us-east-1a,r6i.4xlarge,USD,$0.17,$541.00,"3,600",27,48,,,5,5,Autoscale,x2gd.large,10,11,$0.03,$336.79,62%,0,0,16,2,128,32,0,0,2352,,athena-mdn-live-container-hostgroup_16,700,
AML,Athena,826896041157,prod,826896041157:us-east-1:athena-mdn-live-container-hostgroup_17,us-east-1,us-east-1b,r6i.4xlarge,USD,$0.17,$216.00,"1,440",42,48,,,2,2,Autoscale,x2gd.large,4,7,$0.03,$130.40,60%,0,0,16,2,128,32,0,0,2352,,athena-mdn-live-container-hostgroup_17,1861,
AML,Athena,826896041157,prod,826896041157:us-east-1:athena-mdn-live-container-hostgroup_18,us-east-1,us-east-1a,r6i.4xlarge,USD,$0.17,"$3,248.00","21,600",39,50,,,30,30,Autoscale,x2gd.large,60,94,$0.03,"$2,019.36",62%,0,0,16,2,128,32,0,0,2352,,athena-mdn-live-container-hostgroup_18,102,
AML,Athena,826896041157,prod,826896041157:us-east-1:athena-mdn-live-container-hostgroup_20,us-east-1,us-east-1b,r6i.4xlarge,USD,$0.17,"$1,624.00","10,800",53,68,,,15,15,Autoscale,x2gd.xlarge,19,32,$0.06,$796.26,49%,0,0,16,4,128,64,0,1,2352,,athena-mdn-live-container-hostgroup_20,268,
AML,Athena,826896041157,prod,826896041157:us-east-1:athena-mdn-live-container-hostgroup_23,us-east-1,us-east-1b,r6i.4xlarge,USD,$0.17,$433.00,"2,880",61,50,,,4,4,Autoscale,r6g.xlarge,8,10,$0.03,$235.49,54%,0,0,16,4,128,32,0,0,2352,,athena-mdn-live-container-hostgroup_23,874,
AML,Athena,826896041157,prod,826896041157:us-east-1:athena-mdn-live-container-hostgroup_27,us-east-1,us-east-1a,r6i.4xlarge,USD,$0.17,$433.00,"2,880",43,49,,,4,4,Autoscale,r6g.xlarge,8,8,$0.03,$235.67,54%,0,0,16,4,128,32,0,0,2352,,athena-mdn-live-container-hostgroup_27,869,
AML,Athena,826896041157,prod,826896041157:us-east-1:athena-mdn-live-container-hostgroup_28,us-east-1,us-east-1b,r6i.4xlarge,USD,$0.17,$433.00,"2,880",32,48,,,4,4,Autoscale,x2gd.large,8,11,$0.03,$269.46,62%,0,0,16,2,128,32,0,0,2352,,athena-mdn-live-container-hostgroup_28,809,
AML,Athena,826896041157,prod,826896041157:us-east-1:athena-mdn-live-container-hostgroup_29,us-east-1,us-east-1c,r6i.4xlarge,USD,$0.17,$650.00,"4,320",42,63,,,6,6,Autoscale,x2gd.large,16,21,$0.03,$307.79,47%,0,0,16,2,128,32,0,0,2352,,athena-mdn-live-container-hostgroup_29,733,
AML,Athena,826896041157,prod,826896041157:us-east-1:athena-mdn-live-container-hostgroup_30,us-east-1,us-east-1c,r6i.4xlarge,USD,$0.17,"$1,083.00","7,200",52,50,,,10,10,Autoscale,r6g.xlarge,20,21,$0.03,$589.13,54%,0,0,16,4,128,32,0,0,2352,,athena-mdn-live-container-hostgroup_30,368,
AML,Athena,826896041157,prod,826896041157:us-east-1:athena-mdn-live-container-hostgroup_31,us-east-1,us-east-1a,r6i.4xlarge,USD,$0.17,$650.00,"4,320",43,48,,,6,6,Autoscale,x2gd.large,12,21,$0.03,$400.08,62%,0,0,16,2,128,32,0,0,2352,,athena-mdn-live-container-hostgroup_31,564,
AML,Athena,826896041157,prod,826896041157:us-east-1:athena-mdn-live-container-hostgroup_32,us-east-1,us-east-1b,r6i.4xlarge,USD,$0.17,"$5,414.00","31,726",64,50,,,1,50,Autoscale,r6g.xlarge,2,129,$0.03,"$3,265.92",60%,0,0,16,4,128,32,0,0,2352,,athena-mdn-live-container-hostgroup_32,66,
AML,Athena,826896041157,prod,826896041157:us-east-1:athena-mdn-live-container-hostgroup_33,us-east-1,us-east-1b,r6i.4xlarge,USD,$0.17,$650.00,"4,320",51,49,,,6,6,Autoscale,r6g.xlarge,12,13,$0.03,$353.53,54%,0,0,16,4,128,32,0,0,2352,,athena-mdn-live-container-hostgroup_33,642,
AML,Athena,826896041157,prod,826896041157:us-east-1:athena-mdn-live-container-hostgroup_34,us-east-1,us-east-1a,r6i.4xlarge,USD,$0.17,$650.00,"4,320",24,48,,,6,6,Autoscale,x2gd.medium,23,24,$0.01,$414.62,64%,0,0,16,1,128,16,0,0,2352,,athena-mdn-live-container-hostgroup_34,540,
AML,Athena,826896041157,prod,826896041157:us-east-1:athena-mdn-live-container-hostgroup_35,us-east-1,us-east-1c,r6i.4xlarge,USD,$0.17,$541.00,"3,600",40,49,,,5,5,Autoscale,x2gd.large,10,17,$0.03,$322.97,60%,0,0,16,2,128,32,0,0,2352,,athena-mdn-live-container-hostgroup_35,732,
AML,Athena,826896041157,prod,826896041157:us-east-1:athena-mdn-live-container-hostgroup_36,us-east-1,us-east-1b,r6i.4xlarge,USD,$0.17,$325.00,"2,160",41,50,,,3,3,Autoscale,x2gd.large,6,10,$0.03,$197.73,61%,0,0,16,2,128,32,0,0,2352,,athena-mdn-live-container-hostgroup_36,1103,
AML,Athena,826896041157,prod,826896041157:us-east-1:athena-mdn-live-container-hostgroup_37,us-east-1,us-east-1c,r6i.4xlarge,USD,$0.17,$325.00,"2,160",79,51,,,3,3,Autoscale,r6g.xlarge,7,10,$0.03,$151.50,47%,0,0,16,4,128,32,0,0,2352,,athena-mdn-live-container-hostgroup_37,1418,
AML,Athena,826896041157,prod,826896041157:us-east-1:athena-mdn-live-container-hostgroup_38,us-east-1,us-east-1a,r6i.4xlarge,USD,$0.17,$325.00,"2,160",26,48,,,3,3,Autoscale,x2gd.large,6,7,$0.03,$202.19,62%,0,0,16,2,128,32,0,0,2352,,athena-mdn-live-container-hostgroup_38,1082,
AML,Athena,826896041157,prod,826896041157:us-east-1:athena-mdn-live-container-hostgroup_40,us-east-1,us-east-1a,r6i.4xlarge,USD,$0.17,$325.00,"2,160",22,48,,,3,3,Autoscale,x2gd.xlarge,3,3,$0.06,$202.25,62%,0,0,16,4,128,64,0,1,2352,,athena-mdn-live-container-hostgroup_40,1078,
AML,Athena,826896041157,prod,826896041157:us-east-1:athena-mdn-live-solr_service-cosmo9-hostgroup_1,us-east-1,us-east-1c,m6g.8xlarge,USD,$0.21,$398.00,"2,168",2,5,,,3,7,Autoscale,r6g.medium,2,5,$0.01,$379.36,95%,0,67,32,1,128,8,0,0,2352,,athena-mdn-live-solr_service-cosmo9-hostgroup_1,653,
AML,Athena,826896041157,prod,826896041157:us-east-1:athena-mdn-live-solr_service-creola9-hostgroup_1,us-east-1,us-east-1c,m6g.8xlarge,USD,$0.21,"$1,985.00","10,830",5,35,,,15,30,Autoscale,x2gd.medium,9,51,$0.01,"$1,556.01",78%,0,0,32,1,128,16,0,0,2352,,athena-mdn-live-solr_service-creola9-hostgroup_1,154,
AML,Athena,826896041157,prod,826896041157:us-east-1:athena-mdn-val-container-hostgroup_2,us-east-1,us-east-1c,r6i.4xlarge,USD,$0.17,"$2,165.00","14,400",28,49,,,20,20,Autoscale,x2gd.large,40,46,$0.03,"$1,347.44",62%,0,0,16,2,128,32,0,0,2352,,athena-mdn-val-container-hostgroup_2,169,
AML,Athena,826896041157,prod,826896041157:us-east-1:athena-mdn-val-container-hostgroup_3,us-east-1,us-east-1b,r6i.4xlarge,USD,$0.17,$217.00,"1,440",35,48,,,2,2,Autoscale,x2gd.large,4,6,$0.03,$134.60,62%,0,0,16,2,128,32,0,0,2352,,athena-mdn-val-container-hostgroup_3,1774,
AML,Athena,826896041157,prod,826896041157:us-east-1:athena-mdn-val-container-hostgroup_4,us-east-1,us-east-1a,r6i.4xlarge,USD,$0.17,$433.00,"2,880",48,69,,,4,4,Autoscale,x2gd.large,12,16,$0.03,$187.71,43%,0,0,16,2,128,32,0,0,2352,,athena-mdn-val-container-hostgroup_4,1070,
AML,Athena,826896041157,prod,826896041157:us-east-1:athena-mdn-val-container-hostgroup_5,us-east-1,us-east-1c,r6i.4xlarge,USD,$0.17,"$1,299.00","8,640",29,48,,,12,12,Autoscale,x2gd.large,23,29,$0.03,$809.00,62%,0,0,16,2,128,32,0,0,2352,,athena-mdn-val-container-hostgroup_5,285,
AML,Athena,826896041157,prod,826896041157:us-east-1:athena-mdn-val-container-hostgroup_8,us-east-1,us-east-1b,r6i.4xlarge,USD,$0.17,$108.00,720,48,96,,,1,1,Autoscale,x2gd.xlarge,2,2,$0.06,$26.52,24%,0,0,16,4,128,64,0,1,2352,,athena-mdn-val-container-hostgroup_8,3829,
AML,Athena,826896041157,prod,826896041157:us-east-1:athena-mdn-val-container-hostgroup_9,us-east-1,us-east-1c,r6i.4xlarge,USD,$0.17,$541.00,"3,600",24,48,,,5,5,Autoscale,x2gd.medium,19,20,$0.01,$337.11,62%,0,0,16,1,128,16,0,0,2352,,athena-mdn-val-container-hostgroup_9,696,
AML,Athena,826896041157,prod,826896041157:us-east-1:athena-mdn-val-container-hostgroup_10,us-east-1,us-east-1b,r6i.4xlarge,USD,$0.17,$0.00,4,4,46,,,2,2,No Action,r6i.4xlarge,2,2,$0.17,$0.00,0%,0,50,16,16,128,128,1,1,2352,,athena-mdn-val-container-hostgroup_10,5802,
AML,Athena,826896041157,prod,826896041157:us-east-1:athena-mdn-val-container-hostgroup_11,us-east-1,us-east-1a,r6i.4xlarge,USD,$0.17,"$1,083.00","7,200",29,48,,,10,10,Autoscale,x2gd.xlarge,10,12,$0.06,$673.78,62%,0,0,16,4,128,64,0,1,2352,,athena-mdn-val-container-hostgroup_11,341,
AML,Athena,826896041157,prod,826896041157:us-east-1:athena-mdn-val-container-hostgroup_13,us-east-1,us-east-1b,r6i.4xlarge,USD,$0.17,"$5,146.00","33,999",45,49,,,41,50,Autoscale,x2gd.large,80,174,$0.03,"$3,102.93",60%,0,0,16,2,128,32,0,0,2352,,athena-mdn-val-container-hostgroup_13,58,
AML,Athena,826896041157,prod,826896041157:us-east-1:athena-mdn-val-container-hostgroup_14,us-east-1,us-east-1b,r6i.4xlarge,USD,$0.17,$216.00,"1,440",44,48,,,2,2,Autoscale,x2gd.xlarge,2,4,$0.06,$134.41,62%,0,0,16,4,128,64,0,1,2352,,athena-mdn-val-container-hostgroup_14,1788,
AML,Athena,826896041157,prod,826896041157:us-east-1:athena-mdn-val-container-hostgroup_15,us-east-1,us-east-1a,r6i.4xlarge,USD,$0.17,$216.00,"1,440",44,48,,,2,2,Autoscale,x2gd.large,4,8,$0.03,$134.38,62%,0,0,16,2,128,32,0,0,2352,,athena-mdn-val-container-hostgroup_15,1790,
AML,Athena,826896041157,prod,826896041157:us-east-1:athena-mdn-val-container-hostgroup_16,us-east-1,us-east-1a,m6i.8xlarge,USD,$0.26,$165.00,720,14,49,,,1,1,Autoscale,x2gd.large,2,3,$0.03,$124.09,75%,0,0,32,2,128,32,0,0,2352,,athena-mdn-val-container-hostgroup_16,2085,
AML,Athena,826896041157,prod,826896041157:us-east-1:athena-mdn-val-container-hostgroup_18,us-east-1,us-east-1b,r6i.4xlarge,USD,$0.17,$8.00,162,7,46,,,1,6,No Action,r6i.4xlarge,1,6,$0.17,$0.00,0%,0,2,16,16,128,128,1,1,2352,,athena-mdn-val-container-hostgroup_18,5801,
AML,Athena,826896041157,prod,826896041157:us-east-1:athena-mdn-val-container-hostgroup_19,us-east-1,us-east-1b,r6i.4xlarge,USD,$0.17,"$1,083.00","7,200",49,96,,,10,10,Autoscale,x2gd.large,31,39,$0.03,$359.16,33%,0,0,16,2,128,32,0,0,2352,,athena-mdn-val-container-hostgroup_19,531,
AML,Athena,826896041157,prod,826896041157:us-east-1:athena-mdn-val-container-hostgroup_21,us-east-1,us-east-1a,r6i.4xlarge,USD,$0.17,$108.00,720,45,50,,,1,1,Autoscale,x2gd.large,2,4,$0.03,$62.51,58%,0,0,16,2,128,32,0,0,2352,,athena-mdn-val-container-hostgroup_21,2975,
AML,Athena,826896041157,prod,826896041157:us-east-1:athena-mdn-val-container-hostgroup_23,us-east-1,us-east-1c,r6i.4xlarge,USD,$0.17,$433.00,"2,880",42,49,,,4,4,Autoscale,x2gd.large,8,14,$0.03,$268.89,62%,0,0,16,2,128,32,0,0,2352,,athena-mdn-val-container-hostgroup_23,812,
AML,Athena,826896041157,prod,826896041157:us-east-1:athena-mdn-val-container-hostgroup_24,us-east-1,us-east-1b,r6i.4xlarge,USD,$0.17,$216.00,"1,440",57,49,,,2,2,Autoscale,r6g.xlarge,4,5,$0.03,$117.69,54%,0,0,16,4,128,32,0,0,2352,,athena-mdn-val-container-hostgroup_24,2081,
AML,Athena,826896041157,prod,826896041157:us-east-1:athena-mdn-val-container-hostgroup_25,us-east-1,us-east-1c,r6i.4xlarge,USD,$0.17,$217.00,"1,440",55,49,,,2,2,Autoscale,r6g.xlarge,4,5,$0.03,$117.67,54%,0,0,16,4,128,32,0,0,2352,,athena-mdn-val-container-hostgroup_25,2082,
AML,Athena,826896041157,prod,826896041157:us-east-1:athena-mdn-val-container-hostgroup_26,us-east-1,us-east-1c,r6i.4xlarge,USD,$0.17,$650.00,"4,320",42,78,,,6,6,Autoscale,x2gd.large,17,21,$0.03,$281.82,43%,0,0,16,2,128,32,0,0,2352,,athena-mdn-val-container-hostgroup_26,759,
AML,Athena,826896041157,prod,826896041157:us-east-1:athena-mdn-val-container-hostgroup_27,us-east-1,us-east-1b,r6i.4xlarge,USD,$0.17,$866.00,"5,760",64,49,,,8,8,Autoscale,r6g.xlarge,16,21,$0.03,$470.61,54%,0,0,16,4,128,32,0,0,2352,,athena-mdn-val-container-hostgroup_27,470,
AML,Athena,826896041157,prod,826896041157:us-east-1:athena-mdn-val-container-hostgroup_28,us-east-1,us-east-1c,r6i.4xlarge,USD,$0.17,$217.00,"1,441",29,48,,,2,3,Autoscale,x2gd.medium,8,12,$0.01,$134.65,62%,0,0,16,1,128,16,0,0,2352,,athena-mdn-val-container-hostgroup_28,1762,
AML,Athena,826896041157,prod,826896041157:us-east-1:athena-mdn-val-container-hostgroup_29,us-east-1,us-east-1c,r6i.4xlarge,USD,$0.17,$325.00,"2,160",35,48,,,3,3,Autoscale,x2gd.large,6,9,$0.03,$201.84,62%,0,0,16,2,128,32,0,0,2352,,athena-mdn-val-container-hostgroup_29,1087,
AML,Athena,826896041157,prod,826896041157:us-east-1:athena-mdn-val-container-hostgroup_30,us-east-1,us-east-1c,r6i.4xlarge,USD,$0.17,$650.00,"4,320",78,52,,,6,6,Autoscale,r6g.xlarge,13,19,$0.03,$327.46,50%,0,0,16,4,128,32,0,0,2352,,athena-mdn-val-container-hostgroup_30,681,
AML,Athena,826896041157,prod,826896041157:us-east-1:athena-mdn-val-container-hostgroup_31,us-east-1,us-east-1b,r6i.4xlarge,USD,$0.17,$217.00,"1,440",24,48,,,2,2,Autoscale,x2gd.xlarge,2,2,$0.06,$134.74,62%,0,0,16,4,128,64,0,1,2352,,athena-mdn-val-container-hostgroup_31,1755,
AML,Athena,826896041157,prod,826896041157:us-east-1:athena-mdn-val-container-hostgroup_33,us-east-1,us-east-1a,r6i.4xlarge,USD,$0.17,$325.00,"2,160",69,49,,,3,3,Autoscale,r6g.xlarge,6,9,$0.03,$176.24,54%,0,0,16,4,128,32,0,0,2352,,athena-mdn-val-container-hostgroup_33,1202,
AML,Athena,826896041157,prod,826896041157:us-east-1:athena-mdn-val-container-hostgroup_34,us-east-1,us-east-1a,r6i.4xlarge,USD,$0.17,$650.00,"4,320",49,49,,,6,6,Autoscale,x2gd.large,12,24,$0.03,$397.99,61%,0,0,16,2,128,32,0,0,2352,,athena-mdn-val-container-hostgroup_34,567,
AML,Athena,826896041157,prod,826896041157:us-east-1:athena-mdn-val-container-hostgroup_35,us-east-1,us-east-1a,r6i.4xlarge,USD,$0.17,$650.00,"4,320",23,48,,,6,6,Autoscale,x2gd.medium,23,23,$0.01,$414.43,64%,0,0,16,1,128,16,0,0,2352,,athena-mdn-val-container-hostgroup_35,538,
AML,Athena,826896041157,prod,826896041157:us-east-1:athena-mdn-val-container-hostgroup_36,us-east-1,us-east-1a,r6i.4xlarge,USD,$0.17,$650.00,"4,320",65,54,,,6,6,Autoscale,r6g.xlarge,13,16,$0.03,$328.47,51%,0,0,16,4,128,32,0,0,2352,,athena-mdn-val-container-hostgroup_36,678,
AML,Athena,826896041157,prod,826896041157:us-east-1:athena-mdn-val-container-hostgroup_37,us-east-1,us-east-1b,r6i.4xlarge,USD,$0.17,$325.00,"2,160",24,48,,,3,3,Autoscale,x2gd.xlarge,3,3,$0.06,$202.09,62%,0,0,16,4,128,64,0,1,2352,,athena-mdn-val-container-hostgroup_37,1077,
AML,Athena,826896041157,prod,826896041157:us-east-1:athena-mdn-val-container-hostgroup_38,us-east-1,us-east-1a,r6i.4xlarge,USD,$0.17,"$3,623.00","21,263",83,100,,,27,50,Autoscale,x2gd.xlarge,54,108,$0.06,$847.67,23%,0,0,16,4,128,64,0,1,2352,,athena-mdn-val-container-hostgroup_38,330,
AML,Athena,826896041157,prod,826896041157:us-east-1:athena-mdn-val-container-hostgroup_39,us-east-1,us-east-1b,r6i.4xlarge,USD,$0.17,$650.00,"4,320",28,63,,,6,6,Autoscale,x2gd.large,15,16,$0.03,$324.75,50%,0,0,16,2,128,32,0,0,2352,,athena-mdn-val-container-hostgroup_39,683,
AML,Athena,826896041157,prod,826896041157:us-east-1:athena-mdn-val-solr_service-cosmo9-hostgroup_1,us-east-1,us-east-1c,m6g.8xlarge,USD,$0.21,$397.00,"2,160",2,4,,,3,3,Autoscale,x2gd.medium,1,2,$0.01,$385.37,97%,0,64,32,1,128,16,0,0,2352,,athena-mdn-val-solr_service-cosmo9-hostgroup_1,649,
AML,Athena,826896041157,prod,826896041157:us-east-1:athena-mdn-val-solr_service-creola9-hostgroup_1,us-east-1,us-east-1b,m6g.8xlarge,USD,$0.21,"$1,986.00","10,830",3,12,,,15,30,Autoscale,x2gd.medium,5,30,$0.01,"$1,849.77",93%,0,0,32,1,128,16,0,0,2352,,athena-mdn-val-solr_service-creola9-hostgroup_1,126,
AML,Athena,826896041157,prod,826896041157:us-east-1:rubix-asg-aml-athena-actor-prod-east-1-20231024182624682100000007,us-east-1,us-east-1c,c5d.12xlarge,USD,$0.39,"$1,247.00","3,718",3,7,,,5,10,Autoscale,h1.2xlarge,1,2,$0.08,"$1,179.53",95%,0,0,48,8,96,32,0,0,2352,aml-athena-actor-prod-east-1,rubix-asg-aml-athena-actor-prod-east-1-20231024182624682100000007,214,
AML,Athena,826896041157,prod,826896041157:us-east-1:rubix-asg-aml-athena-actor-prod-east-1-20231024182624684300000008,us-east-1,us-east-1c,c6i.12xlarge,USD,$0.35,"$1,315.00","4,320",1,3,,,6,6,Autoscale,r6g.medium,2,4,$0.01,"$1,299.43",99%,0,0,48,1,96,8,0,0,2352,aml-athena-actor-prod-east-1,rubix-asg-aml-athena-actor-prod-east-1-20231024182624684300000008,196,
AML,Athena,826896041157,prod,826896041157:us-east-1:rubix-asg-athenap-main-us-east-1-cluster-20240111110912544000000005,us-east-1,us-east-1a,r6i.2xlarge,USD,$0.09,$325.00,"4,320",9,9,,,6,6,Autoscale,r6g.medium,4,5,$0.01,$300.12,92%,0,0,8,1,64,8,0,0,2352,athenap-main-us-east-1-cluster,rubix-asg-athenap-main-us-east-1-cluster-20240111110912544000000005,787,
AML,Athena,826896041157,prod,826896041157:us-east-1:rubix-asg-athenap-main-us-east-1-cluster-20240111110912546500000006,us-east-1,us-east-1a,m6i.4xlarge,USD,$0.13,$495.00,"4,320",3,5,,,6,6,Autoscale,r6g.medium,3,3,$0.01,$476.58,96%,0,0,16,1,64,8,0,0,2352,athenap-main-us-east-1-cluster,rubix-asg-athenap-main-us-east-1-cluster-20240111110912546500000006,505,
AML,Athena,826896041157,prod,826896041157:us-east-1:rubix-asg-athenap-main-us-east-1-cluster-20240308033935082200000007,us-east-1,us-east-1c,r6i.4xlarge,USD,$0.17,"$1,495.00","10,148",31,8,,,8,21,Autoscale,m6g.medium,19,60,$0.01,"$1,344.79",90%,0,0,16,1,128,4,0,0,2352,athenap-main-us-east-1-cluster,rubix-asg-athenap-main-us-east-1-cluster-20240308033935082200000007,176,
AML,Athena,826896041157,prod,826896041157:us-east-1:rubix-asg-athenap-main-us-east-1-cluster-20240308052507230900000003,us-east-1,us-east-1b,c6i.4xlarge,USD,$0.12,"$2,088.00","19,935",15,15,,,20,35,Autoscale,r6g.medium,12,76,$0.01,"$1,945.50",93%,0,0,16,1,32,8,0,0,2352,athenap-main-us-east-1-cluster,rubix-asg-athenap-main-us-east-1-cluster-20240308052507230900000003,122,
AML,Athena,826896041157,prod,826896041157:us-east-1:rubix-asg-athenap-main-us-east-1-cluster-20250315044550789300000007,us-east-1,us-east-1b,r7i.4xlarge,USD,$0.18,$114.00,720,4,1,,,1,1,Autoscale,c6g.medium,1,1,$0.01,$109.52,96%,0,80,16,1,128,2,0,0,2352,athenap-main-us-east-1-cluster,rubix-asg-athenap-main-us-east-1-cluster-20250315044550789300000007,2281,
AML,Athena,826896041157,prod,826896041157:us-east-1:rubix-asg-athenap-ms-prod-us-east-1-cluster-2025022421452791090000000c,us-east-1,us-east-1a,r7g.4xlarge,USD,$0.15,"$2,761.00","21,600",20,4,,,30,30,Autoscale,m6g.medium,38,94,$0.01,"$2,550.73",92%,0,0,16,1,128,4,0,0,2352,athenap-ms-prod-us-east-1-cluster,rubix-asg-athenap-ms-prod-us-east-1-cluster-2025022421452791090000000c,82,
AML,Athena,826896041157,prod,826896041157:us-east-1:rubix-asg-athenap-ms-prod-us-east-1-cluster-2025022421452791100000000d,us-east-1,us-east-1b,r7g.4xlarge,USD,$0.15,$92.00,670,9,26,,,1,1,Autoscale,x2gd.medium,1,3,$0.01,$82.39,89%,0,100,16,1,128,16,0,0,2352,athenap-ms-prod-us-east-1-cluster,rubix-asg-athenap-ms-prod-us-east-1-cluster-2025022421452791100000000d,2756,
AML,Athena,826896041157,prod,826896041157:us-east-1:rubix-asg-athenap-ms-prod-us-east-1-cluster-2025022421452791190000000e,us-east-1,us-east-1c,r8g.4xlarge,USD,$0.16,"$1,994.00","14,040",6,14,,,18,22,Autoscale,x2gd.medium,19,21,$0.01,"$1,790.47",90%,0,0,16,1,128,16,0,0,2352,athenap-ms-prod-us-east-1-cluster,rubix-asg-athenap-ms-prod-us-east-1-cluster-2025022421452791190000000e,131,
AML,Athena,826896041157,prod,826896041157:us-east-1:rubix-asg-athenap-ms-prod-us-east-1-cluster-2025022421452792140000000f,us-east-1,us-east-1c,r7g.4xlarge,USD,$0.15,"$2,761.00","21,600",19,4,,,30,30,Autoscale,m6g.medium,37,91,$0.01,"$2,550.64",92%,0,0,16,1,128,4,0,0,2352,athenap-ms-prod-us-east-1-cluster,rubix-asg-athenap-ms-prod-us-east-1-cluster-2025022421452792140000000f,83,
AML,Athena,826896041157,prod,826896041157:us-east-1:rubix-asg-athenap-ms-prod-us-east-1-cluster-20240313072342293700000007,us-east-1,us-east-1b,r6i.4xlarge,USD,$0.17,$325.00,"2,160",33,42,,,3,3,Autoscale,r6g.large,7,11,$0.02,$231.98,71%,0,0,16,2,128,16,0,0,2352,athenap-ms-prod-us-east-1-cluster,rubix-asg-athenap-ms-prod-us-east-1-cluster-20240313072342293700000007,981,
AML,Athena,826896041157,prod,826896041157:us-east-1:rubix-asg-athenap-ms-prod-us-east-1-cluster-20240313072342293800000008,us-east-1,us-east-1a,r6i.2xlarge,USD,$0.09,$379.00,"5,040",7,7,,,7,7,Autoscale,r6g.xlarge,1,1,$0.03,$354.07,93%,0,0,8,4,64,32,1,1,2352,athenap-ms-prod-us-east-1-cluster,rubix-asg-athenap-ms-prod-us-east-1-cluster-20240313072342293800000008,712,
AML,Athena,826896041157,prod,826896041157:us-east-1:rubix-asg-athenap-ms-prod-us-east-1-cluster-20250414122943457000000009,us-east-1,us-east-1b,r6i.4xlarge,USD,$0.17,$108.00,720,3,1,,,1,1,Autoscale,c6g.medium,1,1,$0.01,$104.14,96%,0,88,16,1,128,2,0,0,2352,athenap-ms-prod-us-east-1-cluster,rubix-asg-athenap-ms-prod-us-east-1-cluster-20250414122943457000000009,2369,
AML,Athena,826896041157,prod,826896041157:us-west-2:athena-rno-live-container-hostgroup_2,us-west-2,us-west-2a,r6i.4xlarge,USD,$0.17,$433.00,"2,880",42,69,,,4,4,Autoscale,x2gd.large,11,14,$0.03,$187.95,43%,0,0,16,2,128,32,0,0,2352,,athena-rno-live-container-hostgroup_2,1064,
AML,Athena,826896041157,prod,826896041157:us-west-2:athena-rno-live-container-hostgroup_3,us-west-2,us-west-2b,m6i.8xlarge,USD,$0.26,$9.00,36,15,49,,,1,1,Autoscale,x2gd.large,2,3,$0.03,$7.06,77%,0,0,32,2,128,32,0,0,2352,,athena-rno-live-container-hostgroup_3,5302,
AML,Athena,826896041157,prod,826896041157:us-west-2:athena-rno-live-container-hostgroup_4,us-west-2,us-west-2c,r6i.4xlarge,USD,$0.17,"$1,299.00","8,640",27,48,,,12,12,Autoscale,x2gd.large,23,27,$0.03,$809.20,62%,0,0,16,2,128,32,0,0,2352,,athena-rno-live-container-hostgroup_4,284,
AML,Athena,826896041157,prod,826896041157:us-west-2:athena-rno-live-container-hostgroup_5,us-west-2,us-west-2c,r6i.4xlarge,USD,$0.17,$541.00,"3,600",27,48,,,5,5,Autoscale,x2gd.large,10,11,$0.03,$336.99,62%,0,0,16,2,128,32,0,0,2352,,athena-rno-live-container-hostgroup_5,699,
AML,Athena,826896041157,prod,826896041157:us-west-2:athena-rno-live-container-hostgroup_6,us-west-2,us-west-2b,m6i.8xlarge,USD,$0.26,"$1,183.00","5,856",60,49,,,1,160,Autoscale,m6g.xlarge,1,385,$0.03,$733.62,62%,0,3,32,4,128,16,0,0,2352,,athena-rno-live-container-hostgroup_6,256,
AML,Athena,826896041157,prod,826896041157:us-west-2:athena-rno-live-container-hostgroup_9,us-west-2,us-west-2c,(multiple),USD,$0.26,$779.00,"4,008",91,66,,,1,200,Autoscale,m6g.xlarge,4,769,$0.03,$399.34,51%,0,0,32,4,128,16,0,0,2352,,athena-rno-live-container-hostgroup_9,417,
AML,Athena,826896041157,prod,826896041157:us-west-2:athena-rno-live-container-hostgroup_10,us-west-2,us-west-2c,r6i.4xlarge,USD,$0.17,$433.00,"2,880",34,48,,,4,4,Autoscale,x2gd.large,8,11,$0.03,$269.37,62%,0,0,16,2,128,32,0,0,2352,,athena-rno-live-container-hostgroup_10,810,
AML,Athena,826896041157,prod,826896041157:us-west-2:athena-rno-live-container-hostgroup_11,us-west-2,us-west-2c,r6i.4xlarge,USD,$0.17,$18.00,127,77,48,,,1,2,Autoscale,r6g.xlarge,1,7,$0.03,$11.71,66%,0,0,16,4,128,32,0,0,2352,,athena-rno-live-container-hostgroup_11,4881,
AML,Athena,826896041157,prod,826896041157:us-west-2:athena-rno-live-container-hostgroup_12,us-west-2,us-west-2a,r6i.4xlarge,USD,$0.17,$758.00,"5,040",39,48,,,7,7,Autoscale,x2gd.large,14,22,$0.03,$471.22,62%,0,0,16,2,128,32,0,0,2352,,athena-rno-live-container-hostgroup_12,483,
AML,Athena,826896041157,prod,826896041157:us-west-2:athena-rno-live-container-hostgroup_14,us-west-2,us-west-2c,r6i.4xlarge,USD,$0.17,"$1,624.00","10,801",33,93,,,15,16,Autoscale,x2gd.large,45,56,$0.03,$538.56,33%,0,0,16,2,128,32,0,0,2352,,athena-rno-live-container-hostgroup_14,361,
AML,Athena,826896041157,prod,826896041157:us-west-2:athena-rno-live-container-hostgroup_15,us-west-2,us-west-2b,r6i.4xlarge,USD,$0.17,"$6,084.00","36,156",100,49,,,56,60,Autoscale,x2gd.xlarge,54,240,$0.06,"$4,012.85",66%,0,0,16,4,128,64,0,1,2352,,athena-rno-live-container-hostgroup_15,51,
AML,Athena,826896041157,prod,826896041157:us-west-2:athena-rno-live-container-hostgroup_16,us-west-2,us-west-2a,r6i.4xlarge,USD,$0.17,$217.00,"1,440",47,49,,,2,2,Autoscale,x2gd.large,4,8,$0.03,$134.18,62%,0,0,16,2,128,32,0,0,2352,,athena-rno-live-container-hostgroup_16,1800,
AML,Athena,826896041157,prod,826896041157:us-west-2:athena-rno-live-container-hostgroup_17,us-west-2,us-west-2b,m6i.8xlarge,USD,$0.26,"$3,189.00","22,237",97,49,,,1,480,Autoscale,r6g.xlarge,2,1696,$0.03,"$1,430.23",45%,0,0,32,4,128,32,0,0,2352,,athena-rno-live-container-hostgroup_17,53,
AML,Athena,826896041157,prod,826896041157:us-west-2:athena-rno-live-container-hostgroup_18,us-west-2,us-west-2b,r6i.4xlarge,USD,$0.17,"$3,249.00","21,600",42,50,,,30,30,Autoscale,x2gd.large,60,102,$0.03,"$2,019.49",62%,0,0,16,2,128,32,0,0,2352,,athena-rno-live-container-hostgroup_18,103,
AML,Athena,826896041157,prod,826896041157:us-west-2:athena-rno-live-container-hostgroup_20,us-west-2,us-west-2b,r6i.4xlarge,USD,$0.17,"$1,624.00","10,800",48,70,,,15,15,Autoscale,x2gd.large,39,58,$0.03,$779.89,48%,0,0,16,2,128,32,0,0,2352,,athena-rno-live-container-hostgroup_20,278,
AML,Athena,826896041157,prod,826896041157:us-west-2:athena-rno-live-container-hostgroup_21,us-west-2,us-west-2c,r6i.4xlarge,USD,$0.17,$433.00,"2,880",62,49,,,4,4,Autoscale,r6g.xlarge,8,10,$0.03,$235.49,54%,0,0,16,4,128,32,0,0,2352,,athena-rno-live-container-hostgroup_21,876,
AML,Athena,826896041157,prod,826896041157:us-west-2:athena-rno-live-container-hostgroup_25,us-west-2,us-west-2a,r6i.4xlarge,USD,$0.17,$433.00,"2,880",44,49,,,4,4,Autoscale,r6g.xlarge,8,8,$0.03,$235.76,54%,0,0,16,4,128,32,0,0,2352,,athena-rno-live-container-hostgroup_25,867,
AML,Athena,826896041157,prod,826896041157:us-west-2:athena-rno-live-container-hostgroup_26,us-west-2,us-west-2b,r6i.4xlarge,USD,$0.17,$433.00,"2,880",31,48,,,4,4,Autoscale,x2gd.large,8,11,$0.03,$269.40,62%,0,0,16,2,128,32,0,0,2352,,athena-rno-live-container-hostgroup_26,811,
AML,Athena,826896041157,prod,826896041157:us-west-2:athena-rno-live-container-hostgroup_31,us-west-2,us-west-2c,r6i.4xlarge,USD,$0.17,$975.00,"6,480",50,64,,,9,9,Autoscale,x2gd.xlarge,12,19,$0.06,$407.37,42%,0,0,16,4,128,64,0,1,2352,,athena-rno-live-container-hostgroup_31,508,
AML,Athena,826896041157,prod,826896041157:us-west-2:athena-rno-live-container-hostgroup_32,us-west-2,us-west-2c,r6i.4xlarge,USD,$0.17,"$1,083.00","7,200",53,50,,,10,10,Autoscale,r6g.xlarge,20,22,$0.03,$589.19,54%,0,0,16,4,128,32,0,0,2352,,athena-rno-live-container-hostgroup_32,369,
AML,Athena,826896041157,prod,826896041157:us-west-2:athena-rno-live-container-hostgroup_33,us-west-2,us-west-2b,r6i.4xlarge,USD,$0.17,$650.00,"4,320",39,48,,,6,6,Autoscale,x2gd.large,12,19,$0.03,$393.72,61%,0,0,16,2,128,32,0,0,2352,,athena-rno-live-container-hostgroup_33,577,
AML,Athena,826896041157,prod,826896041157:us-west-2:athena-rno-live-container-hostgroup_35,us-west-2,us-west-2c,r6i.4xlarge,USD,$0.17,"$5,206.00","32,290",68,49,,,23,70,Autoscale,r6g.xlarge,45,188,$0.03,"$3,003.04",58%,0,0,16,4,128,32,0,0,2352,,athena-rno-live-container-hostgroup_35,65,
AML,Athena,826896041157,prod,826896041157:us-west-2:athena-rno-live-container-hostgroup_36,us-west-2,us-west-2a,r6i.4xlarge,USD,$0.17,$650.00,"4,320",51,49,,,6,6,Autoscale,r6g.xlarge,12,13,$0.03,$353.61,54%,0,0,16,4,128,32,0,0,2352,,athena-rno-live-container-hostgroup_36,643,
AML,Athena,826896041157,prod,826896041157:us-west-2:athena-rno-live-container-hostgroup_37,us-west-2,us-west-2b,r6i.4xlarge,USD,$0.17,$650.00,"4,320",25,48,,,6,6,Autoscale,x2gd.medium,23,24,$0.01,$414.63,64%,0,0,16,1,128,16,0,0,2352,,athena-rno-live-container-hostgroup_37,541,
AML,Athena,826896041157,prod,826896041157:us-west-2:athena-rno-live-container-hostgroup_38,us-west-2,us-west-2c,r6i.4xlarge,USD,$0.17,$650.00,"4,320",35,49,,,6,6,Autoscale,x2gd.large,12,17,$0.03,$392.70,60%,0,0,16,2,128,32,0,0,2352,,athena-rno-live-container-hostgroup_38,579,
AML,Athena,826896041157,prod,826896041157:us-west-2:athena-rno-live-container-hostgroup_39,us-west-2,us-west-2c,r6i.4xlarge,USD,$0.17,$650.00,"4,320",31,50,,,6,6,Autoscale,x2gd.large,12,15,$0.03,$404.07,62%,0,0,16,2,128,32,0,0,2352,,athena-rno-live-container-hostgroup_39,554,
AML,Athena,826896041157,prod,826896041157:us-west-2:athena-rno-live-container-hostgroup_40,us-west-2,us-west-2c,r6i.4xlarge,USD,$0.17,$650.00,"4,320",56,51,,,6,6,Autoscale,r6g.xlarge,13,14,$0.03,$328.92,51%,0,0,16,4,128,32,0,0,2352,,athena-rno-live-container-hostgroup_40,676,
AML,Athena,826896041157,prod,826896041157:us-west-2:athena-rno-live-container-hostgroup_41,us-west-2,us-west-2a,r6i.4xlarge,USD,$0.17,$325.00,"2,160",30,48,,,3,3,Autoscale,x2gd.large,6,8,$0.03,$202.13,62%,0,0,16,2,128,32,0,0,2352,,athena-rno-live-container-hostgroup_41,1085,
AML,Athena,826896041157,prod,826896041157:us-west-2:athena-rno-live-container-hostgroup_43,us-west-2,us-west-2b,r6i.4xlarge,USD,$0.17,$325.00,"2,160",23,48,,,3,3,Autoscale,x2gd.xlarge,3,3,$0.06,$202.21,62%,0,0,16,4,128,64,0,1,2352,,athena-rno-live-container-hostgroup_43,1076,
AML,Athena,826896041157,prod,826896041157:us-west-2:athena-rno-live-solr_service-cosmo9-hostgroup_1,us-west-2,us-west-2b,m6g.8xlarge,USD,$0.21,$398.00,"2,174",2,5,,,3,10,Autoscale,r6g.medium,2,7,$0.01,$379.64,95%,0,66,32,1,128,8,0,0,2352,,athena-rno-live-solr_service-cosmo9-hostgroup_1,651,
AML,Athena,826896041157,prod,826896041157:us-west-2:athena-rno-live-solr_service-creola9-hostgroup_1,us-west-2,us-west-2b,m6g.8xlarge,USD,$0.21,"$1,797.00","8,750",5,35,,,1,45,Autoscale,x2gd.medium,3,55,$0.01,"$1,481.65",82%,0,3,32,1,128,16,0,0,2352,,athena-rno-live-solr_service-creola9-hostgroup_1,192,
AML,Athena,826896041157,prod,826896041157:us-west-2:athena-rno-live-solr_service-creola9-hostgroup_2,us-west-2,us-west-2c,m6g.8xlarge,USD,$0.21,"$1,198.00","11,933",14,46,,,1,240,Autoscale,x2gd.medium,2,541,$0.01,$791.36,66%,0,0,32,1,128,16,0,0,2352,,athena-rno-live-solr_service-creola9-hostgroup_2,127,
AML,Athena,826896041157,prod,826896041157:us-west-2:athena-rno-val-container-hostgroup_2,us-west-2,us-west-2a,r6i.4xlarge,USD,$0.17,"$2,166.00","14,400",25,49,,,20,20,Autoscale,x2gd.large,40,41,$0.03,"$1,348.19",62%,0,0,16,2,128,32,0,0,2352,,athena-rno-val-container-hostgroup_2,168,
AML,Athena,826896041157,prod,826896041157:us-west-2:athena-rno-val-container-hostgroup_3,us-west-2,us-west-2c,r6i.4xlarge,USD,$0.17,$217.00,"1,440",34,48,,,2,2,Autoscale,x2gd.large,4,6,$0.03,$134.69,62%,0,0,16,2,128,32,0,0,2352,,athena-rno-val-container-hostgroup_3,1775,
AML,Athena,826896041157,prod,826896041157:us-west-2:athena-rno-val-container-hostgroup_4,us-west-2,us-west-2c,r6i.4xlarge,USD,$0.17,$433.00,"2,880",36,69,,,4,4,Autoscale,x2gd.xlarge,6,6,$0.06,$187.91,43%,0,0,16,4,128,64,0,1,2352,,athena-rno-val-container-hostgroup_4,1068,
AML,Athena,826896041157,prod,826896041157:us-west-2:athena-rno-val-container-hostgroup_5,us-west-2,us-west-2a,r6i.4xlarge,USD,$0.17,"$1,300.00","8,640",31,48,,,12,12,Autoscale,x2gd.large,23,30,$0.03,$809.08,62%,0,0,16,2,128,32,0,0,2352,,athena-rno-val-container-hostgroup_5,286,
AML,Athena,826896041157,prod,826896041157:us-west-2:athena-rno-val-container-hostgroup_6,us-west-2,us-west-2c,m6i.8xlarge,USD,$0.26,$0.00,3,12,100,,,1,2,Autoscale,x2gd.xlarge,2,2,$0.06,$0.02,7%,0,50,32,4,128,64,0,1,2352,,athena-rno-val-container-hostgroup_6,5707,
AML,Athena,826896041157,prod,826896041157:us-west-2:athena-rno-val-container-hostgroup_7,us-west-2,us-west-2c,r6i.4xlarge,USD,$0.17,$0.00,6,32,56,,,1,2,No Action,r6i.4xlarge,1,2,$0.17,$0.00,0%,0,25,16,16,128,128,1,1,2352,,athena-rno-val-container-hostgroup_7,5739,
AML,Athena,826896041157,prod,826896041157:us-west-2:athena-rno-val-container-hostgroup_9,us-west-2,us-west-2b,r6i.4xlarge,USD,$0.17,$217.00,"1,440",42,49,,,2,2,Autoscale,x2gd.large,4,7,$0.03,$124.36,57%,0,0,16,2,128,32,0,0,2352,,athena-rno-val-container-hostgroup_9,1955,
AML,Athena,826896041157,prod,826896041157:us-west-2:athena-rno-val-container-hostgroup_11,us-west-2,us-west-2c,r6i.4xlarge,USD,$0.17,$542.00,"3,600",21,48,,,5,5,Autoscale,x2gd.medium,19,20,$0.01,$337.27,62%,0,0,16,1,128,16,0,0,2352,,athena-rno-val-container-hostgroup_11,697,
AML,Athena,826896041157,prod,826896041157:us-west-2:athena-rno-val-container-hostgroup_12,us-west-2,us-west-2b,r6i.4xlarge,USD,$0.17,"$1,083.00","7,200",42,96,,,10,10,Autoscale,x2gd.large,31,39,$0.03,$330.21,30%,0,0,16,2,128,32,0,0,2352,,athena-rno-val-container-hostgroup_12,583,
AML,Athena,826896041157,prod,826896041157:us-west-2:athena-rno-val-container-hostgroup_13,us-west-2,us-west-2a,m6i.8xlarge,USD,$0.26,$4.00,50,23,48,,,1,2,Autoscale,x2gd.medium,4,8,$0.01,$0.59,16%,0,37,32,1,128,16,0,0,2352,,athena-rno-val-container-hostgroup_13,5210,
AML,Athena,826896041157,prod,826896041157:us-west-2:athena-rno-val-container-hostgroup_14,us-west-2,us-west-2b,r6i.4xlarge,USD,$0.17,"$1,083.00","7,201",36,49,,,10,11,Autoscale,x2gd.large,20,29,$0.03,$673.31,62%,0,0,16,2,128,32,0,0,2352,,athena-rno-val-container-hostgroup_14,342,
AML,Athena,826896041157,prod,826896041157:us-west-2:athena-rno-val-container-hostgroup_16,us-west-2,us-west-2c,r6i.4xlarge,USD,$0.17,"$5,146.00","33,968",34,49,,,42,50,Autoscale,x2gd.large,81,127,$0.03,"$3,191.44",62%,0,0,16,2,128,32,0,0,2352,,athena-rno-val-container-hostgroup_16,56,
AML,Athena,826896041157,prod,826896041157:us-west-2:athena-rno-val-container-hostgroup_17,us-west-2,us-west-2c,r6i.4xlarge,USD,$0.17,$217.00,"1,440",37,48,,,2,2,Autoscale,x2gd.xlarge,2,3,$0.06,$134.61,62%,0,0,16,4,128,64,0,1,2352,,athena-rno-val-container-hostgroup_17,1782,
AML,Athena,826896041157,prod,826896041157:us-west-2:athena-rno-val-container-hostgroup_18,us-west-2,us-west-2c,r6i.4xlarge,USD,$0.17,$217.00,"1,440",41,48,,,2,2,Autoscale,x2gd.large,4,7,$0.03,$134.61,62%,0,0,16,2,128,32,0,0,2352,,athena-rno-val-container-hostgroup_18,1783,
AML,Athena,826896041157,prod,826896041157:us-west-2:athena-rno-val-container-hostgroup_20,us-west-2,us-west-2b,r6i.4xlarge,USD,$0.17,$650.00,"4,320",28,64,,,6,6,Autoscale,x2gd.xlarge,8,8,$0.06,$322.69,50%,0,0,16,4,128,64,0,1,2352,,athena-rno-val-container-hostgroup_20,686,
AML,Athena,826896041157,prod,826896041157:us-west-2:athena-rno-val-container-hostgroup_22,us-west-2,us-west-2a,r6i.4xlarge,USD,$0.17,$433.00,"2,880",40,49,,,4,4,Autoscale,x2gd.large,8,13,$0.03,$269.08,62%,0,0,16,2,128,32,0,0,2352,,athena-rno-val-container-hostgroup_22,813,
AML,Athena,826896041157,prod,826896041157:us-west-2:athena-rno-val-container-hostgroup_23,us-west-2,us-west-2b,r6i.4xlarge,USD,$0.17,$217.00,"1,440",49,49,,,2,2,Autoscale,r6g.xlarge,4,4,$0.03,$117.90,54%,0,0,16,4,128,32,0,0,2352,,athena-rno-val-container-hostgroup_23,2079,
AML,Athena,826896041157,prod,826896041157:us-west-2:athena-rno-val-container-hostgroup_24,us-west-2,us-west-2c,r6i.4xlarge,USD,$0.17,$325.00,"2,160",49,49,,,3,3,Autoscale,x2gd.large,6,12,$0.03,$186.75,57%,0,0,16,2,128,32,0,0,2352,,athena-rno-val-container-hostgroup_24,1164,
AML,Athena,826896041157,prod,826896041157:us-west-2:athena-rno-val-container-hostgroup_25,us-west-2,us-west-2b,r6i.4xlarge,USD,$0.17,$650.00,"4,320",42,80,,,6,6,Autoscale,x2gd.large,18,21,$0.03,$270.51,42%,0,0,16,2,128,32,0,0,2352,,athena-rno-val-container-hostgroup_25,774,
AML,Athena,826896041157,prod,826896041157:us-west-2:athena-rno-val-container-hostgroup_26,us-west-2,us-west-2a,r6i.4xlarge,USD,$0.17,$866.00,"5,760",68,49,,,8,8,Autoscale,r6g.xlarge,16,22,$0.03,$467.53,54%,0,0,16,4,128,32,0,0,2352,,athena-rno-val-container-hostgroup_26,471,
AML,Athena,826896041157,prod,826896041157:us-west-2:athena-rno-val-container-hostgroup_27,us-west-2,us-west-2a,r6i.4xlarge,USD,$0.17,$217.00,"1,440",39,48,,,2,2,Autoscale,x2gd.large,4,7,$0.03,$134.24,62%,0,0,16,2,128,32,0,0,2352,,athena-rno-val-container-hostgroup_27,1799,
AML,Athena,826896041157,prod,826896041157:us-west-2:athena-rno-val-container-hostgroup_28,us-west-2,us-west-2a,r6i.4xlarge,USD,$0.17,$325.00,"2,160",32,48,,,3,3,Autoscale,x2gd.large,6,8,$0.03,$201.40,62%,0,0,16,2,128,32,0,0,2352,,athena-rno-val-container-hostgroup_28,1092,
AML,Athena,826896041157,prod,826896041157:us-west-2:athena-rno-val-container-hostgroup_30,us-west-2,us-west-2b,m6i.8xlarge,USD,$0.26,$9.00,35,17,49,,,1,1,Autoscale,x2gd.large,2,3,$0.03,$6.90,77%,0,0,32,2,128,32,0,0,2352,,athena-rno-val-container-hostgroup_30,5316,
AML,Athena,826896041157,prod,826896041157:us-west-2:athena-rno-val-container-hostgroup_31,us-west-2,us-west-2a,r6i.4xlarge,USD,$0.17,$650.00,"4,320",82,53,,,6,6,Autoscale,r6g.xlarge,13,20,$0.03,$319.70,49%,0,0,16,4,128,32,0,0,2352,,athena-rno-val-container-hostgroup_31,708,
AML,Athena,826896041157,prod,826896041157:us-west-2:athena-rno-val-container-hostgroup_32,us-west-2,us-west-2b,r6i.4xlarge,USD,$0.17,$217.00,"1,440",24,48,,,2,2,Autoscale,x2gd.xlarge,2,2,$0.06,$134.78,62%,0,0,16,4,128,64,0,1,2352,,athena-rno-val-container-hostgroup_32,1753,
AML,Athena,826896041157,prod,826896041157:us-west-2:athena-rno-val-container-hostgroup_33,us-west-2,us-west-2b,r6i.4xlarge,USD,$0.17,"$3,806.00","22,739",98,100,,,1,43,Autoscale,x2gd.xlarge,56,145,$0.06,$839.24,22%,0,0,16,4,128,64,0,1,2352,,athena-rno-val-container-hostgroup_33,317,
AML,Athena,826896041157,prod,826896041157:us-west-2:athena-rno-val-container-hostgroup_34,us-west-2,us-west-2b,r6i.4xlarge,USD,$0.17,$325.00,"2,160",79,49,,,3,3,Autoscale,r6g.xlarge,6,10,$0.03,$175.92,54%,0,0,16,4,128,32,0,0,2352,,athena-rno-val-container-hostgroup_34,1205,
AML,Athena,826896041157,prod,826896041157:us-west-2:athena-rno-val-container-hostgroup_35,us-west-2,us-west-2b,r6i.4xlarge,USD,$0.17,$650.00,"4,320",49,49,,,6,6,Autoscale,x2gd.large,12,24,$0.03,$394.66,61%,0,0,16,2,128,32,0,0,2352,,athena-rno-val-container-hostgroup_35,576,
AML,Athena,826896041157,prod,826896041157:us-west-2:athena-rno-val-container-hostgroup_36,us-west-2,us-west-2a,r6i.4xlarge,USD,$0.17,$650.00,"4,320",23,48,,,6,6,Autoscale,x2gd.medium,23,23,$0.01,$414.67,64%,0,0,16,1,128,16,0,0,2352,,athena-rno-val-container-hostgroup_36,539,
AML,Athena,826896041157,prod,826896041157:us-west-2:athena-rno-val-container-hostgroup_37,us-west-2,us-west-2c,r6i.4xlarge,USD,$0.17,$650.00,"4,320",63,54,,,6,6,Autoscale,r6g.xlarge,13,16,$0.03,$322.26,50%,0,0,16,4,128,32,0,0,2352,,athena-rno-val-container-hostgroup_37,694,
AML,Athena,826896041157,prod,826896041157:us-west-2:athena-rno-val-container-hostgroup_38,us-west-2,us-west-2a,r6i.4xlarge,USD,$0.17,$325.00,"2,160",25,48,,,3,3,Autoscale,x2gd.large,6,7,$0.03,$202.17,62%,0,0,16,2,128,32,0,0,2352,,athena-rno-val-container-hostgroup_38,1080,
AML,Athena,826896041157,prod,826896041157:us-west-2:athena-rno-val-solr_service-cosmo9-hostgroup_1,us-west-2,us-west-2b,m6g.8xlarge,USD,$0.21,$397.00,"2,160",2,4,,,3,3,Autoscale,x2gd.medium,1,2,$0.01,$385.66,97%,0,65,32,1,128,16,0,0,2352,,athena-rno-val-solr_service-cosmo9-hostgroup_1,648,
AML,Athena,826896041157,prod,826896041157:us-west-2:athena-rno-val-solr_service-creola9-hostgroup_1,us-west-2,us-west-2a,m6g.8xlarge,USD,$0.21,"$1,986.00","10,846",2,12,,,15,31,Autoscale,x2gd.medium,3,21,$0.01,"$1,853.43",93%,0,0,32,1,128,16,0,0,2352,,athena-rno-val-solr_service-creola9-hostgroup_1,124,
AML,Athena,826896041157,prod,826896041157:us-west-2:rubix-asg-aml-athena-actor-prod-west-2-20231024182441357100000007,us-west-2,us-west-2a,c5d.12xlarge,USD,$0.39,"$2,475.00","7,200",3,5,,,10,10,Autoscale,h1.4xlarge,1,1,$0.16,"$2,360.78",95%,0,0,48,16,96,64,0,1,2352,aml-athena-actor-prod-west-2,rubix-asg-aml-athena-actor-prod-west-2-20231024182441357100000007,94,
AML,Athena,826896041157,prod,826896041157:us-west-2:rubix-asg-aml-athena-actor-prod-west-2-20231024182441360400000008,us-west-2,us-west-2c,c6i.12xlarge,USD,$0.35,"$1,315.00","4,320",1,9,,,6,6,Autoscale,x2gd.xlarge,1,1,$0.06,"$1,274.18",97%,0,0,48,4,96,64,0,1,2352,aml-athena-actor-prod-west-2,rubix-asg-aml-athena-actor-prod-west-2-20231024182441360400000008,202,
AML,Athena,826896041157,prod,826896041157:us-west-2:rubix-asg-athenap-main-usw2-cluster-20240110142848149600000005,us-west-2,us-west-2b,r6i.2xlarge,USD,$0.09,$325.00,"4,320",6,5,,,6,6,Autoscale,r6g.medium,3,3,$0.01,$306.39,94%,0,0,8,1,64,8,0,0,2352,athenap-main-usw2-cluster,rubix-asg-athenap-main-usw2-cluster-20240110142848149600000005,782,
AML,Athena,826896041157,prod,826896041157:us-west-2:rubix-asg-athenap-main-usw2-cluster-20240110142848154600000006,us-west-2,us-west-2c,m6i.4xlarge,USD,$0.13,$495.00,"4,320",7,13,,,6,6,Autoscale,r6g.medium,5,7,$0.01,$458.57,93%,0,0,16,1,64,8,0,0,2352,athenap-main-usw2-cluster,rubix-asg-athenap-main-usw2-cluster-20240110142848154600000006,519,
AML,Athena,826896041157,prod,826896041157:us-west-2:rubix-asg-athenap-main-usw2-cluster-20240308043635834300000008,us-west-2,us-west-2b,c6i.4xlarge,USD,$0.12,"$2,119.00","20,131",17,18,,,19,35,Autoscale,r6g.medium,15,92,$0.01,"$1,960.50",93%,0,0,16,1,32,8,0,0,2352,athenap-main-usw2-cluster,rubix-asg-athenap-main-usw2-cluster-20240308043635834300000008,121,
AML,Athena,826896041157,prod,826896041157:us-west-2:rubix-asg-athenap-main-usw2-cluster-20240308043635836200000009,us-west-2,us-west-2a,r6i.4xlarge,USD,$0.17,"$1,484.00","10,089",31,8,,,8,22,Autoscale,m6g.medium,19,60,$0.01,"$1,329.43",90%,0,0,16,1,128,4,0,0,2352,athenap-main-usw2-cluster,rubix-asg-athenap-main-usw2-cluster-20240308043635836200000009,179,
AML,Athena,826896041157,prod,826896041157:us-west-2:rubix-asg-athenap-main-usw2-cluster-20250315004903899600000007,us-west-2,us-west-2a,r7i.4xlarge,USD,$0.18,$114.00,720,3,1,,,1,1,Autoscale,c6g.medium,1,1,$0.01,$109.55,96%,0,85,16,1,128,2,0,0,2352,athenap-main-usw2-cluster,rubix-asg-athenap-main-usw2-cluster-20250315004903899600000007,2282,
AML,Athena,826896041157,prod,826896041157:us-west-2:rubix-asg-athenap-ms-prod-us-west-2-cluster-2025022420561535820000000c,us-west-2,us-west-2c,r7g.4xlarge,USD,$0.15,"$2,761.00","21,600",21,4,,,30,30,Autoscale,m6g.medium,39,103,$0.01,"$2,524.65",91%,0,0,16,1,128,4,0,0,2352,athenap-ms-prod-us-west-2-cluster,rubix-asg-athenap-ms-prod-us-west-2-cluster-2025022420561535820000000c,86,
AML,Athena,826896041157,prod,826896041157:us-west-2:rubix-asg-athenap-ms-prod-us-west-2-cluster-2025022420561535850000000d,us-west-2,us-west-2a,r7g.4xlarge,USD,$0.15,"$1,016.00","9,117",37,51,,,1,207,Autoscale,r6g.large,1,415,$0.02,$767.35,76%,0,80,16,2,128,16,0,0,2352,athenap-ms-prod-us-west-2-cluster,rubix-asg-athenap-ms-prod-us-west-2-cluster-2025022420561535850000000d,257,
AML,Athena,826896041157,prod,826896041157:us-west-2:rubix-asg-athenap-ms-prod-us-west-2-cluster-2025022420561535890000000e,us-west-2,us-west-2b,r7g.4xlarge,USD,$0.15,"$2,762.00","21,601",22,4,,,30,31,Autoscale,m6g.medium,39,105,$0.01,"$2,522.32",91%,0,0,16,1,128,4,0,0,2352,athenap-ms-prod-us-west-2-cluster,rubix-asg-athenap-ms-prod-us-west-2-cluster-2025022420561535890000000e,87,
AML,Athena,826896041157,prod,826896041157:us-west-2:rubix-asg-athenap-ms-prod-us-west-2-cluster-2025022420561537040000000f,us-west-2,us-west-2c,r8g.4xlarge,USD,$0.16,"$1,977.00","14,188",6,13,,,19,23,Autoscale,x2gd.medium,20,22,$0.01,"$1,770.51",90%,0,0,16,1,128,16,0,0,2352,athenap-ms-prod-us-west-2-cluster,rubix-asg-athenap-ms-prod-us-west-2-cluster-2025022420561537040000000f,128,
AML,Athena,826896041157,prod,826896041157:us-west-2:rubix-asg-athenap-ms-prod-us-west-2-cluster-20240307074646979500000007,us-west-2,us-west-2b,r6i.4xlarge,USD,$0.17,$326.00,"2,169",46,61,,,3,6,Autoscale,r6g.large,7,15,$0.02,$221.53,68%,0,0,16,2,128,16,0,0,2352,athenap-ms-prod-us-west-2-cluster,rubix-asg-athenap-ms-prod-us-west-2-cluster-20240307074646979500000007,1024,
AML,Athena,826896041157,prod,826896041157:us-west-2:rubix-asg-athenap-ms-prod-us-west-2-cluster-20240307074646979900000008,us-west-2,us-west-2a,r6i.2xlarge,USD,$0.09,$393.00,"5,000",8,8,,,3,14,Autoscale,r6g.medium,2,8,$0.01,$367.75,94%,0,0,8,1,64,8,0,0,2352,athenap-ms-prod-us-west-2-cluster,rubix-asg-athenap-ms-prod-us-west-2-cluster-20240307074646979900000008,729,
AML,Athena,826896041157,prod,826896041157:us-west-2:rubix-asg-athenap-ms-prod-us-west-2-cluster-20250414095913871300000009,us-west-2,us-west-2a,r6i.4xlarge,USD,$0.17,$108.00,672,87,6,,,1,1,Autoscale,c6g.xlarge,1,4,$0.02,$80.97,75%,0,27,16,4,128,8,0,0,2352,athenap-ms-prod-us-west-2-cluster,rubix-asg-athenap-ms-prod-us-west-2-cluster-20250414095913871300000009,2758,
AML,Athena,826896041157,prod,826896041157:us-west-2:rubix-asg-cassandra-batch-20250129001220583400000005,us-west-2,us-west-2b,t3.large,USD,$0.01,$27.00,"2,160",36,18,,,3,3,Autoscale,t4g.nano,8,9,$0.00,$22.49,84%,0,0,1,0,8,1,0,0,31266,cassandra-batch,rubix-asg-cassandra-batch-20250129001220583400000005,4410,
AML,Athena,826896041157,prod,826896041157:us-west-2:rubix-asg-cassandra-batch-20250129001220589100000006,us-west-2,us-west-2b,r6i.large,USD,$0.02,$68.00,"3,480",29,6,,,5,5,Autoscale,m6g.medium,1,3,$0.01,$62.08,92%,0,0,2,1,16,4,1,0,31266,cassandra-batch,rubix-asg-cassandra-batch-20250129001220589100000006,3095,
AML,Athena,826896041157,prod,826896041157:us-west-2:rubix-asg-cassandra-batch-20250610230735232200000005,us-west-2,us-west-2a,r7g.large,USD,$0.02,$31.00,"2,165",50,8,,,5,5,Autoscale,m6g.medium,1,5,$0.01,$27.76,88%,0,0,2,1,16,4,1,0,31266,cassandra-batch,rubix-asg-cassandra-batch-20250610230735232200000005,3992,
AML,Athena,875918175054,test,875918175054:us-west-2:rubix-asg-nativeml-dev-west-20240503075802769300000003,us-west-2,us-west-2b,m6a.2xlarge,USD,$0.06,$260.00,"5,040",46,39,,,7,7,Autoscale,r6g.medium,8,26,$0.01,$199.67,77%,0,0,8,1,32,8,0,0,shuri-nativeml,nativeml-dev-west,rubix-asg-nativeml-dev-west-20240503075802769300000003,1144,
AML,Athena,875918175054,test,875918175054:us-west-2:rubix-asg-nativeml-perf-west-20230424171759501200000003,us-west-2,us-west-2c,m6a.2xlarge,USD,$0.06,$223.00,"4,320",26,43,,,6,6,Autoscale,r6g.medium,9,13,$0.01,$164.57,74%,0,0,8,1,32,8,0,0,shuri-nativeml,nativeml-perf-west,rubix-asg-nativeml-perf-west-20230424171759501200000003,1426,
AML,Athena,875918175054,test,875918175054:us-west-2:rubix-asg-nativeml-test-cp-20240627154614577000000003,us-west-2,us-west-2a,m5.4xlarge,USD,$0.13,$270.00,"2,342",14,9,,,3,11,Autoscale,r6g.medium,3,19,$0.01,$249.23,92%,0,0,16,1,64,8,0,0,200043,nativeml-test-cp,rubix-asg-nativeml-test-cp-20240627154614577000000003,930,
AML,Athena,875918175054,test,875918175054:us-west-2:rubix-asg-nativeml-uat-west-20230425124741897600000003,us-west-2,us-west-2a,m6a.2xlarge,USD,$0.06,$371.00,"7,200",22,67,,,10,10,Autoscale,x2gd.medium,13,18,$0.01,$233.25,63%,0,0,8,1,32,16,0,1,shuri-nativeml,nativeml-uat-west,rubix-asg-nativeml-uat-west-20230425124741897600000003,931,
AML,Athena,875918175054,test,875918175054:us-west-2:rubix-asg-og5054-ray-testw2-srv-01-20240719170643079400000005,us-west-2,us-west-2b,m5d.8xlarge,USD,$0.31,"$1,942.00","7,142",7,10,,,8,10,Autoscale,i3.2xlarge,2,3,$0.11,"$1,776.50",91%,0,0,32,8,128,61,0,0,200043,og5054-ray-testw2-srv-01,rubix-asg-og5054-ray-testw2-srv-01-20240719170643079400000005,135,
AML,Athena,875918175054,test,875918175054:us-west-2:rubix-asg-og5054-ray-testw2-srv-01-20250320114451507600000005,us-west-2,us-west-2a,m5n.4xlarge,USD,$0.16,$307.00,"2,160",6,5,,,3,3,Autoscale,r6g.medium,1,4,$0.01,$295.08,96%,0,0,16,1,64,8,0,0,200043,og5054-ray-testw2-srv-01,rubix-asg-og5054-ray-testw2-srv-01-20250320114451507600000005,795,
AML,Athena,875918175054,test,875918175054:us-west-2:rubix-asg-og5054-ray-testw2-srv-01-20250408134309222900000006,us-west-2,us-west-2b,p4d.24xlarge,USD,$9.11,"$5,759.00",720,5,4,,,1,1,No Action,p4d.24xlarge,1,1,$3.73,$0.00,0%,0,93,96,96,1152,1152,1,1,shuri-nativeml,og5054-ray-testw2-srv-01,rubix-asg-og5054-ray-testw2-srv-01-20250408134309222900000006,5734,
AML,Athena,875918175054,test,875918175054:us-west-2:rubix-asg-og5054-ray-testw2-srv-01-20250509071731429800000007,us-west-2,us-west-2a,p4de.24xlarge,USD,$11.39,"$14,393.00","1,440",3,2,,,2,2,No Action,p4de.24xlarge,2,2,$4.67,$0.00,0%,0,58,96,96,1152,1152,1,1,shuri-nativeml,og5054-ray-testw2-srv-01,rubix-asg-og5054-ray-testw2-srv-01-20250509071731429800000007,5788,
AML,Athena,897778643922,prod,897778643922:us-east-1:rubix-asg-acm-regulated-prod-east-20220418072923902200000003,us-east-1,us-east-1c,(multiple),USD,$0.29,"$1,862.00","6,876",8,44,,,7,22,Autoscale,x2gd.medium,17,52,$0.01,"$1,375.88",74%,0,0,32,1,256,16,0,0,2631,acm-regulated-prod-east,rubix-asg-acm-regulated-prod-east-20220418072923902200000003,181,
AML,Athena,897778643922,prod,897778643922:us-west-2:rubix-asg-acm-regulated-prod-west-20220317140533933900000003,us-west-2,us-west-2a,(multiple),USD,$0.30,"$2,632.00","10,089",8,43,,,11,25,Autoscale,x2gd.medium,16,51,$0.01,"$2,178.60",83%,0,0,32,1,256,16,0,0,2631,acm-regulated-prod-west,rubix-asg-acm-regulated-prod-west-20220317140533933900000003,96,
AML,Athena,897778643922,prod,897778643922:us-west-2:rubix-asg-acm-regulated-prod-west-20240429070918241500000004,us-west-2,us-west-2a,(multiple),USD,$0.30,$188.00,721,11,44,,,1,2,Autoscale,x2gd.medium,1,6,$0.01,$166.23,88%,0,52,32,1,256,16,0,0,2631,acm-regulated-prod-west,rubix-asg-acm-regulated-prod-west-20240429070918241500000004,1421,
AML,Athena,897778643922,prod,897778643922:us-west-2:rubix-asg-acm-regulated-prod-west-20240531193342039500000005,us-west-2,us-west-2b,(multiple),USD,$0.30,$564.00,"2,163",4,43,,,3,6,Autoscale,x2gd.medium,1,11,$0.01,$521.00,92%,0,82,32,1,256,16,0,0,2631,acm-regulated-prod-west,rubix-asg-acm-regulated-prod-west-20240531193342039500000005,440,
AML,Athena,938169542182,prod,938169542182:us-east-1:rubix-asg-acm-prod-east-20211117191536084800000003,us-east-1,us-east-1a,(multiple),USD,$0.29,"$2,927.00","10,982",9,51,,,11,36,Autoscale,x2gd.medium,36,99,$0.01,"$2,049.58",70%,0,0,32,1,256,16,0,0,2631,acm-prod-east,rubix-asg-acm-prod-east-20211117191536084800000003,104,
AML,Athena,938169542182,prod,938169542182:us-west-2:rubix-asg-acm-prod-20211117174216419300000003,us-west-2,us-west-2c,(multiple),USD,$0.29,"$3,550.00","13,620",5,52,,,14,39,Autoscale,x2gd.medium,64,101,$0.01,"$2,689.60",76%,0,0,32,1,256,16,0,0,2631,acm-prod,rubix-asg-acm-prod-20211117174216419300000003,70,
AML,Athena,938169542182,prod,938169542182:us-west-2:rubix-asg-acm-prod-20240530181942911200000004,us-west-2,us-west-2c,(multiple),USD,$0.30,$564.00,"2,163",7,63,,,3,5,Autoscale,x2gd.medium,6,16,$0.01,$448.68,80%,0,1,32,1,256,16,0,0,2631,acm-prod,rubix-asg-acm-prod-20240530181942911200000004,511,
AML,Endor,61624572044,dev,061624572044:us-west-2:rubix-asg-aml-endorllm01-prod-west-2-2024052301052266090000000a,us-west-2,us-west-2a,inf2.24xlarge,USD,$2.60,"$1,641.00",720,3,3,,,1,1,Autoscale,m6g.medium,1,4,$0.01,"$1,631.29",99%,0,96,96,1,384,4,0,0,172567,aml-endorllm01-prod-west-2,rubix-asg-aml-endorllm01-prod-west-2-2024052301052266090000000a,355,
AML,Endor,61624572044,dev,061624572044:us-west-2:rubix-asg-aml-endorllm01-prod-west-2-2024052301052266620000000c,us-west-2,us-west-2b,c7i.16xlarge,USD,$0.49,$307.00,720,3,3,,,1,1,Autoscale,m6g.medium,1,2,$0.01,$299.20,98%,0,62,64,1,128,4,0,0,172567,aml-endorllm01-prod-west-2,rubix-asg-aml-endorllm01-prod-west-2-2024052301052266620000000c,789,
AML,Endor,61624572044,dev,061624572044:us-west-2:rubix-asg-aml-endorllm01-prod-west-2-2025060507292254240000000c,us-west-2,us-west-2c,p5en.48xlarge,USD,$25.32,"$7,023.00",366,3,4,,,1,1,No Action,p5en.48xlarge,1,1,$10.76,$0.00,0%,0,98,192,192,2048,2048,1,1,172567,aml-endorllm01-prod-west-2,rubix-asg-aml-endorllm01-prod-west-2-2025060507292254240000000c,5751,
AML,Endor,61624572044,dev,061624572044:us-west-2:rubix-asg-aml-endorllm01-prod-west-2-20231030182728386500000005,us-west-2,us-west-2a,c6i.8xlarge,USD,$0.23,$438.00,"2,160",6,28,,,3,3,Autoscale,r6g.medium,5,7,$0.01,$401.92,92%,0,0,32,1,64,8,0,0,172567,aml-endorllm01-prod-west-2,rubix-asg-aml-endorllm01-prod-west-2-20231030182728386500000005,612,
AML,Endor,61624572044,dev,061624572044:us-west-2:rubix-asg-aml-endorllm01-prod-west-2-20231030182728387600000006,us-west-2,us-west-2a,c6i.8xlarge,USD,$0.23,$438.00,"2,160",4,5,,,3,3,Autoscale,m6g.medium,3,5,$0.01,$419.76,96%,0,0,32,1,64,4,0,0,172567,aml-endorllm01-prod-west-2,rubix-asg-aml-endorllm01-prod-west-2-20231030182728387600000006,582,
AML,Endor,61624572044,dev,061624572044:us-west-2:rubix-asg-aml-endorllm01-prod-west-2-20231103191854947200000003,us-west-2,us-west-2b,p4de.24xlarge,USD,$11.32,"$34,027.00","3,448",4,9,,,4,7,No Action,p4de.24xlarge,4,7,$4.67,$0.00,0%,0,0,96,96,1152,1152,1,1,172567,aml-endorllm01-prod-west-2,rubix-asg-aml-endorllm01-prod-west-2-20231103191854947200000003,5754,
AML,Endor,61624572044,dev,061624572044:us-west-2:rubix-asg-aml-endorllm01-prod-west-2-20240719165652032400000001,us-west-2,us-west-2a,g5.12xlarge,USD,$2.27,"$14,126.00","7,415",5,5,,,2,22,No Action,g5.12xlarge,2,22,$0.96,$0.00,0%,0,0,48,48,192,192,1,1,172567,aml-endorllm01-prod-west-2,rubix-asg-aml-endorllm01-prod-west-2-20240719165652032400000001,5753,
AML,Endor,61624572044,dev,061624572044:us-west-2:rubix-asg-aml-endorllm01-prod-west-2-20250514040229780800000009,us-west-2,us-west-2a,p4d.24xlarge,USD,$9.11,"$5,759.00",720,8,5,,,1,1,No Action,p4d.24xlarge,1,1,$3.73,$0.00,0%,0,98,96,96,1152,1152,1,1,172567,aml-endorllm01-prod-west-2,rubix-asg-aml-endorllm01-prod-west-2-20250514040229780800000009,5752,
AML,Endor,61624572044,prod,061624572044:us-east-1:rubix-asg-aml-endor-1-us-east1-eks-20231212064034804000000003,us-east-1,us-east-1b,r5a.xlarge,USD,$0.04,$73.00,"2,160",31,10,,,3,3,Autoscale,m6g.medium,3,4,$0.01,$57.56,79%,0,0,4,1,32,4,0,0,aml_endor,aml-endor-1-us-east1-eks,rubix-asg-aml-endor-1-us-east1-eks-20231212064034804000000003,3124,
AML,Endor,61624572044,prod,061624572044:us-east-1:rubix-asg-aml-endor-1-us-east1-eks-20240322190740758400000008,us-east-1,us-east-1d,m6i.2xlarge,USD,$0.07,$165.00,"2,880",7,20,,,4,4,Autoscale,x2gd.medium,2,3,$0.01,$144.12,87%,0,0,8,1,32,16,0,1,aml_endor,aml-endor-1-us-east1-eks,rubix-asg-aml-endor-1-us-east1-eks-20240322190740758400000008,1716,
AML,Endor,61624572044,prod,061624572044:us-west-2:eks-inframgmt03-platform-west2-manged-e4c9efea-df5f-f4cf-04c5-6ed496227523,us-west-2,us-west-2a,c6i.8xlarge,USD,$0.23,$292.00,"1,440",14,5,,,2,2,Autoscale,c6g.large,4,5,$0.01,$256.31,88%,0,0,32,2,64,4,0,0,aml_endor,aml-inframgmt03-prod-west-2,eks-inframgmt03-platform-west2-manged-e4c9efea-df5f-f4cf-04c5-6ed496227523,865,
AML,Endor,61624572044,prod,061624572044:us-west-2:rubix-asg-aml-endor-1-us-west2-eks-2024032717300581070000000a,us-west-2,us-west-2a,r6in.4xlarge,USD,$0.24,$450.00,"2,160",5,9,,,3,3,Autoscale,x2gd.medium,3,3,$0.01,$418.86,93%,0,0,16,1,128,16,0,0,endor,aml-endor-1-us-west2-eks,rubix-asg-aml-endor-1-us-west2-eks-2024032717300581070000000a,580,
AML,Endor,61624572044,prod,061624572044:us-west-2:rubix-asg-aml-endor-1-us-west2-eks-20231216001725954600000003,us-west-2,us-west-2b,r5a.xlarge,USD,$0.04,$73.00,"2,160",26,6,,,3,3,Autoscale,m6g.medium,2,4,$0.01,$62.06,85%,0,0,4,1,32,4,0,0,aml_endor,aml-endor-1-us-west2-eks,rubix-asg-aml-endor-1-us-west2-eks-20231216001725954600000003,3053,
AML,Endor,61624572044,prod,061624572044:us-west-2:rubix-asg-aml-endor-1-us-west2-eks-20240327173005791400000008,us-west-2,us-west-2b,m6i.2xlarge,USD,$0.07,$83.00,"1,440",7,18,,,2,2,Autoscale,x2gd.medium,1,2,$0.01,$71.79,87%,0,0,8,1,32,16,0,1,aml_endor,aml-endor-1-us-west2-eks,rubix-asg-aml-endor-1-us-west2-eks-20240327173005791400000008,2851,
AML,Endor,61624572044,prod,061624572044:us-west-2:rubix-asg-aml-endor-1-us-west2-eks-20240327173005808100000009,us-west-2,us-west-2c,r5a.2xlarge,USD,$0.08,$97.00,"1,440",16,12,,,2,2,Autoscale,r6g.medium,2,3,$0.01,$83.93,86%,0,0,8,1,64,8,0,0,endor,aml-endor-1-us-west2-eks,rubix-asg-aml-endor-1-us-west2-eks-20240327173005808100000009,2644,
AML,Endor,61624572044,prod,061624572044:us-west-2:rubix-asg-aml-secure-endor-1-us-west2-eks-2025032020083738640000000e,us-west-2,us-west-2c,m8g.large,USD,$0.02,$19.00,"1,440",26,14,,,2,2,Autoscale,m6g.medium,1,2,$0.01,$14.57,76%,0,0,2,1,8,4,1,1,endor,aml-secure-endor-1-us-west2-eks,rubix-asg-aml-secure-endor-1-us-west2-eks-2025032020083738640000000e,4807,
AML,Endor,61624572044,prod,061624572044:us-west-2:rubix-asg-aml-secure-endor-1-us-west2-eks-2025042811402893580000000b,us-west-2,us-west-2c,g5.12xlarge,USD,$2.27,"$2,866.00","1,440",22,21,,,2,2,No Action,g5.12xlarge,2,2,$0.96,$0.00,0%,0,51,48,48,192,192,1,1,endor,aml-secure-endor-1-us-west2-eks,rubix-asg-aml-secure-endor-1-us-west2-eks-2025042811402893580000000b,5750,
AML,Endor,61624572044,prod,061624572044:us-west-2:rubix-asg-aml-secure-endor-1-us-west2-eks-2025042811402895140000000c,us-west-2,us-west-2a,m6a.8xlarge,USD,$0.24,"$2,227.00","10,800",31,54,,,15,15,Autoscale,r6g.xlarge,32,38,$0.03,"$1,414.93",64%,0,0,32,4,128,32,0,0,endor,aml-secure-endor-1-us-west2-eks,rubix-asg-aml-secure-endor-1-us-west2-eks-2025042811402895140000000c,163,
AML,Endor,61624572044,prod,061624572044:us-west-2:rubix-asg-aml-secure-endor-1-us-west2-eks-20250221103030514900000009,us-west-2,us-west-2b,r6in.4xlarge,USD,$0.24,$899.00,"4,320",11,11,,,6,6,Autoscale,x2gd.medium,5,11,$0.01,$837.36,93%,0,0,16,1,128,16,0,0,endor,aml-secure-endor-1-us-west2-eks,rubix-asg-aml-secure-endor-1-us-west2-eks-20250221103030514900000009,309,
AML,Endor,61624572044,prod,061624572044:us-west-2:rubix-asg-aml-secure-endor-1-us-west2-eks-20250428114028909500000008,us-west-2,us-west-2a,m6a.8xlarge,USD,$0.24,$445.00,"2,160",11,14,,,3,3,Autoscale,x2gd.medium,4,11,$0.01,$403.22,91%,0,0,32,1,128,16,0,0,endor,aml-secure-endor-1-us-west2-eks,rubix-asg-aml-secure-endor-1-us-west2-eks-20250428114028909500000008,608,
AML,Endor,61624572044,prod,061624572044:us-west-2:rubix-asg-aml-secure-endor-1-us-west2-eks-20250428114028916500000009,us-west-2,us-west-2a,m6a.8xlarge,USD,$0.24,$446.00,"2,160",18,17,,,3,3,Autoscale,x2gd.large,2,9,$0.03,$401.38,90%,0,13,32,2,128,32,0,0,endor,aml-secure-endor-1-us-west2-eks,rubix-asg-aml-secure-endor-1-us-west2-eks-20250428114028916500000009,611,
AML,Endor,61624572044,prod,061624572044:us-west-2:rubix-asg-aml-secure-endor-1-us-west2-eks-20250428123149163400000001,us-west-2,us-west-2c,p4de.24xlarge,USD,$11.35,"$24,001.00","2,557",10,11,,,3,5,No Action,p4de.24xlarge,3,5,$4.67,$0.00,0%,0,0,96,96,1152,1152,1,1,endor,aml-secure-endor-1-us-west2-eks,rubix-asg-aml-secure-endor-1-us-west2-eks-20250428123149163400000001,5749,
AML,Endor,61624572044,test,061624572044:us-east-1:rubix-asg-aml-secure-endor-stg-aws-use1-eks-2025021111531522960000000a,us-east-1,us-east-1b,c7i.16xlarge,USD,$0.49,$613.00,"1,440",13,22,,,2,2,Autoscale,r6g.xlarge,1,5,$0.03,$577.80,94%,0,67,64,4,128,32,0,0,endor,aml-secure-endor-stg-aws-use1-eks,rubix-asg-aml-secure-endor-stg-aws-use1-eks-2025021111531522960000000a,402,
AML,Endor,61624572044,test,061624572044:us-east-1:rubix-asg-aml-secure-endor-stg-aws-use1-eks-2025031419501507760000000a,us-east-1,us-east-1d,m6a.8xlarge,USD,$0.24,$148.00,720,11,40,,,1,1,Autoscale,x2gd.medium,3,4,$0.01,$117.70,79%,0,31,32,1,128,16,0,0,endor,aml-secure-endor-stg-aws-use1-eks,rubix-asg-aml-secure-endor-stg-aws-use1-eks-2025031419501507760000000a,2145,
AML,Endor,61624572044,test,061624572044:us-east-1:rubix-asg-aml-secure-endor-stg-aws-use1-eks-2025032109283663120000000b,us-east-1,us-east-1c,m8g.large,USD,$0.02,$19.00,"1,440",24,15,,,2,2,Autoscale,m6g.medium,1,1,$0.01,$14.56,76%,0,0,2,1,8,4,1,1,endor,aml-secure-endor-stg-aws-use1-eks,rubix-asg-aml-secure-endor-stg-aws-use1-eks-2025032109283663120000000b,4802,
AML,Endor,61624572044,test,061624572044:us-east-1:rubix-asg-aml-secure-endor-stg-aws-use1-eks-20241017085728624500000003,us-east-1,us-east-1c,m6a.8xlarge,USD,$0.24,$445.00,"2,160",7,11,,,3,3,Autoscale,r6g.medium,4,7,$0.01,$414.57,93%,0,0,32,1,128,8,0,0,endor,aml-secure-endor-stg-aws-use1-eks,rubix-asg-aml-secure-endor-stg-aws-use1-eks-20241017085728624500000003,589,
AML,Endor,61624572044,test,061624572044:us-east-1:rubix-asg-aml-secure-endor-stg-aws-use1-eks-20241120125155974900000004,us-east-1,us-east-1d,r6in.4xlarge,USD,$0.24,$449.00,"2,160",12,14,,,3,3,Autoscale,x2gd.medium,3,6,$0.01,$409.77,91%,0,0,16,1,128,16,0,0,endor,aml-secure-endor-stg-aws-use1-eks,rubix-asg-aml-secure-endor-stg-aws-use1-eks-20241120125155974900000004,595,
AML,Endor,61624572044,test,061624572044:us-east-1:rubix-asg-aml-secure-endor-stg-aws-use1-eks-20241202122524387600000003,us-east-1,us-east-1b,m6a.8xlarge,USD,$0.24,$891.00,"4,321",19,46,,,6,7,Autoscale,r6g.large,21,22,$0.02,$619.59,70%,0,0,32,2,128,16,0,0,endor,aml-secure-endor-stg-aws-use1-eks,rubix-asg-aml-secure-endor-stg-aws-use1-eks-20241202122524387600000003,367,
AML,Endor,61624572044,test,061624572044:us-east-1:rubix-asg-aml-secure-endor-stg-aws-use1-eks-20250210195411883100000006,us-east-1,us-east-1d,p4de.24xlarge,USD,$11.33,"$16,774.00","1,838",7,14,,,2,4,No Action,p4de.24xlarge,2,4,$4.67,$0.00,0%,0,0,96,96,1152,1152,1,1,aml_endor,aml-secure-endor-stg-aws-use1-eks,rubix-asg-aml-secure-endor-stg-aws-use1-eks-20250210195411883100000006,5757,
AML,Endor,61624572044,test,061624572044:us-east-1:rubix-asg-aml-secure-endor-stg-aws-use1-eks-20250211115315216700000009,us-east-1,us-east-1b,g5.12xlarge,USD,$2.27,"$1,783.00",964,14,14,,,1,2,No Action,g5.12xlarge,1,2,$0.96,$0.00,0%,0,85,48,48,192,192,1,1,endor,aml-secure-endor-stg-aws-use1-eks,rubix-asg-aml-secure-endor-stg-aws-use1-eks-20250211115315216700000009,5756,
AML,Endor,61624572044,test,061624572044:us-east-1:rubix-asg-aml-secure-endor-stg-aws-use1-eks-20250217104617236100000009,us-east-1,us-east-1c,inf2.8xlarge,USD,$0.79,$993.00,"1,440",23,10,,,2,2,Autoscale,r6g.large,1,8,$0.02,$971.20,98%,0,0,32,2,128,16,0,0,aml_endor,aml-secure-endor-stg-aws-use1-eks,rubix-asg-aml-secure-endor-stg-aws-use1-eks-20250217104617236100000009,614,
AML,Endor,135006324083,prod,135006324083:us-west-2:rubix-asg-endordata-groundcover-nr-test-20240731051431872300000003,us-west-2,us-west-2c,r6a.8xlarge,USD,$0.31,"$1,170.00","4,327",2,1,,,6,13,Autoscale,r6g.medium,1,9,$0.01,"$1,161.06",99%,0,56,32,1,256,8,0,0,172567,endordata-groundcover-nr-test,rubix-asg-endordata-groundcover-nr-test-20240731051431872300000003,222,
AML,Endor,135006324083,test,135006324083:us-west-2:rubix-asg-aml-endordata01-nr-test-west-20240626182727024400000003,us-west-2,us-west-2c,r6a.8xlarge,USD,$0.31,$585.00,"2,163",16,10,,,3,6,Autoscale,r6g.large,3,14,$0.02,$525.65,90%,0,0,32,2,256,16,0,0,172567,aml-endordata01-nr-test-west,rubix-asg-aml-endordata01-nr-test-west-20240626182727024400000003,442,
AML,Endor,135006324083,test,135006324083:us-west-2:rubix-asg-aml-endordata02-nr-flink-west-20250311011433311900000003,us-west-2,us-west-2a,r5a.2xlarge,USD,$0.08,$233.00,"3,509",25,12,,,4,11,Autoscale,r6g.medium,3,22,$0.01,$207.26,89%,0,0,8,1,64,8,0,0,172567,aml-endordata02-nr-flink-west,rubix-asg-aml-endordata02-nr-flink-west-20250311011433311900000003,1102,
AML,Endor,135006324083,test,135006324083:us-west-2:rubix-asg-endordatanr-test-w01-4083-cp-20240605184414903600000003,us-west-2,us-west-2c,m5.4xlarge,USD,$0.13,$260.00,"2,276",23,11,,,3,8,Autoscale,m6g.medium,5,29,$0.01,$232.03,89%,0,0,16,1,64,4,0,0,31266,endordatanr-test-w01-4083-cp,rubix-asg-endordatanr-test-w01-4083-cp-20240605184414903600000003,1021,
AML,Endor,135006324083,test,135006324083:us-west-2:rubix-asg-og4083-airflow-eks-01-20240705183508699500000007,us-west-2,us-west-2c,m5.2xlarge,USD,$0.07,$172.00,"2,936",33,15,,,3,8,Autoscale,m6g.medium,4,22,$0.01,$143.47,83%,0,0,8,1,32,4,0,0,31266,og4083-airflow-eks-01,rubix-asg-og4083-airflow-eks-01-20240705183508699500000007,1833,
AML,Endor,135006324083,test,135006324083:us-west-2:rubix-asg-og4083-airflow-eks-01-20240705183508699600000008,us-west-2,us-west-2b,m5.2xlarge,USD,$0.07,$41.00,722,17,15,,,1,2,Autoscale,m6g.medium,1,3,$0.01,$35.86,87%,0,0,8,1,32,4,0,0,31266,og4083-airflow-eks-01,rubix-asg-og4083-airflow-eks-01-20240705183508699600000008,3814,
AML,Endor,135006324083,test,135006324083:us-west-2:rubix-asg-og4083-airflow-eks-01-20240705183508699800000009,us-west-2,us-west-2b,m5.2xlarge,USD,$0.07,$41.00,722,43,16,,,1,2,Autoscale,c6g.medium,2,5,$0.01,$30.42,74%,0,0,8,1,32,2,0,0,31266,og4083-airflow-eks-01,rubix-asg-og4083-airflow-eks-01-20240705183508699800000009,3959,
AML,Endor,135006324083,test,135006324083:us-west-2:rubix-asg-og4083-data-portal-eks-01-20240711102943694500000003,us-west-2,us-west-2c,m5.large,USD,$0.02,$63.00,"4,312",65,42,,,5,16,Autoscale,r6g.medium,2,19,$0.01,$42.76,68%,0,0,2,1,8,8,1,1,31266,og4083-data-portal-eks-01,rubix-asg-og4083-data-portal-eks-01-20240711102943694500000003,3414,
AML,Endor,135006324083,test,135006324083:us-west-2:rubix-asg-og4083-flink-sp01-eks-01-20240628212722970100000003,us-west-2,us-west-2c,m5.24xlarge,USD,$0.78,"$2,435.00","3,390",4,8,,,3,11,Autoscale,r6g.medium,9,34,$0.01,"$2,356.44",97%,0,0,96,1,384,8,0,0,default,og4083-flink-sp01-eks-01,rubix-asg-og4083-flink-sp01-eks-01-20240628212722970100000003,97,
AML,Endor,135006324083,test,135006324083:us-west-2:rubix-asg-og4083-guardian-eks-01-20240618183046513200000003,us-west-2,us-west-2b,m5.metal,USD,$0.78,"$1,840.00","2,631",31,4,,,3,11,Autoscale,c6g.xlarge,5,32,$0.02,"$1,696.12",92%,0,20,96,4,384,8,0,0,31266,og4083-guardian-eks-01,rubix-asg-og4083-guardian-eks-01-20240618183046513200000003,143,
AML,Endor,135006324083,test,135006324083:us-west-2:rubix-asg-og4083-guardian-eks-02-20250505211706101300000003,us-west-2,us-west-2c,m5.metal,USD,$0.78,"$1,982.00","2,895",18,3,,,4,11,Autoscale,r6g.2xlarge,1,24,$0.07,"$1,926.30",97%,0,26,96,8,384,64,0,0,31266,og4083-guardian-eks-02,rubix-asg-og4083-guardian-eks-02-20250505211706101300000003,114,
AML,Endor,135006324083,test,135006324083:us-west-2:rubix-asg-og4083-iceman-platform-eks-01-20240904164649243200000003,us-west-2,us-west-2c,m5.xlarge,USD,$0.03,$42.00,"1,281",21,23,,,3,3,Autoscale,r6g.medium,1,3,$0.01,$34.94,84%,0,0,4,1,16,8,0,1,31266,og4083-iceman-platform-eks-01,rubix-asg-og4083-iceman-platform-eks-01-20240904164649243200000003,4053,
AML,Endor,135006324083,test,135006324083:us-west-2:rubix-asg-og4083-irc-eks-01-20240614174639838300000003,us-west-2,us-west-2c,m5.4xlarge,USD,$0.13,$434.00,"3,779",11,22,,,5,10,Autoscale,r6g.medium,8,17,$0.01,$377.50,87%,0,0,16,1,64,8,0,0,31266,og4083-irc-eks-01,rubix-asg-og4083-irc-eks-01-20240614174639838300000003,652,
AML,Endor,135006324083,test,135006324083:us-west-2:rubix-asg-og4083-jupyter-eks-01-20240705183716331700000003,us-west-2,us-west-2b,m5.2xlarge,USD,$0.07,$124.00,"2,160",39,27,,,3,3,Autoscale,r6g.medium,3,10,$0.01,$98.38,80%,0,0,8,1,32,8,0,0,31266,og4083-jupyter-eks-01,rubix-asg-og4083-jupyter-eks-01-20240705183716331700000003,2385,
AML,Endor,135006324083,test,135006324083:us-west-2:rubix-asg-og4083-kafka-01-eks-20240629160453271000000007,us-west-2,us-west-2b,r5n.4xlarge,USD,$0.20,$384.00,"2,166",17,12,,,3,6,Autoscale,r6g.medium,4,17,$0.01,$351.21,92%,0,0,16,1,128,8,0,0,31266,og4083-kafka-01-eks,rubix-asg-og4083-kafka-01-eks-20240629160453271000000007,721,
AML,Endor,135006324083,test,135006324083:us-west-2:rubix-asg-og4083-kafka-01-eks-20240629160453272800000008,us-west-2,us-west-2a,r5n.4xlarge,USD,$0.20,$384.00,"2,166",11,10,,,3,6,Autoscale,r6g.medium,4,11,$0.01,$355.62,93%,0,0,16,1,128,8,0,0,31266,og4083-kafka-01-eks,rubix-asg-og4083-kafka-01-eks-20240629160453272800000008,706,
AML,Endor,135006324083,test,135006324083:us-west-2:rubix-asg-og4083-kafka-01-eks-20240629160453273400000009,us-west-2,us-west-2c,r5n.4xlarge,USD,$0.20,$384.00,"2,166",14,11,,,3,6,Autoscale,r6g.medium,4,14,$0.01,$352.29,92%,0,0,16,1,128,8,0,0,31266,og4083-kafka-01-eks,rubix-asg-og4083-kafka-01-eks-20240629160453273400000009,714,
AML,Endor,135006324083,test,135006324083:us-west-2:rubix-asg-og4083-privacy-service-eks-01-20240927231234019000000003,us-west-2,us-west-2b,m5.xlarge,USD,$0.03,$68.00,"2,088",33,21,,,4,4,Autoscale,m6g.medium,2,6,$0.01,$54.05,79%,0,0,4,1,16,4,0,0,31266,og4083-privacy-service-eks-01,rubix-asg-og4083-privacy-service-eks-01-20240927231234019000000003,3323,
AML,Endor,135006324083,test,135006324083:us-west-2:rubix-asg-og4083-skate-eks-01-20240719002157864400000003,us-west-2,us-west-2c,r5n.8xlarge,USD,$0.41,$768.00,"2,160",7,8,,,3,3,Autoscale,r6g.medium,4,9,$0.01,$727.27,95%,0,0,32,1,256,8,0,0,spark,og4083-skate-eks-01,rubix-asg-og4083-skate-eks-01-20240719002157864400000003,335,
AML,Endor,135006324083,test,135006324083:us-west-2:rubix-asg-og4083-spark-eks-01-20240719004207186000000003,us-west-2,us-west-2a,r5n.16xlarge,USD,$0.81,"$1,307.00","1,880",3,2,,,2,5,Autoscale,r6g.medium,2,9,$0.01,"$1,287.01",99%,0,18,64,1,512,8,0,0,spark,og4083-spark-eks-01,rubix-asg-og4083-spark-eks-01-20240719004207186000000003,193,
AML,Endor,135006324083,test,135006324083:us-west-2:rubix-asg-og4083-spark-eks-01-20240721145202530900000001,us-west-2,us-west-2a,r5n.4xlarge,USD,$0.20,$150.00,830,11,8,,,1,2,Autoscale,r6g.medium,1,4,$0.01,$141.02,94%,0,57,16,1,128,8,0,0,spark,og4083-spark-eks-01,rubix-asg-og4083-spark-eks-01-20240721145202530900000001,1880,
AML,Endor,135006324083,test,135006324083:us-west-2:rubix-asg-og4083-spark-eks-01-20241213002759866400000006,us-west-2,us-west-2c,r6g.4xlarge,USD,$0.14,$87.00,721,8,4,,,1,2,Autoscale,r6g.medium,1,2,$0.01,$80.42,93%,0,77,16,1,128,8,0,0,spark,og4083-spark-eks-01,rubix-asg-og4083-spark-eks-01-20241213002759866400000006,2699,
AML,Endor,135006324083,test,135006324083:us-west-2:rubix-asg-og4083-superset-eks-01-20240629160600133100000003,us-west-2,us-west-2c,m5.2xlarge,USD,$0.07,$147.00,"2,524",17,17,,,3,8,Autoscale,r6g.medium,2,11,$0.01,$130.71,89%,0,0,8,1,32,8,0,0,31266,og4083-superset-eks-01,rubix-asg-og4083-superset-eks-01-20240629160600133100000003,2066,
AML,Endor,135006324083,test,135006324083:us-west-2:rubix-asg-og4083-surface-sp01-20240628212654127900000003,us-west-2,us-west-2b,m5.8xlarge,USD,$0.26,$623.00,"2,742",5,5,,,3,8,Autoscale,r6g.medium,3,14,$0.01,$603.32,97%,0,0,32,1,128,8,0,0,default,og4083-surface-sp01,rubix-asg-og4083-surface-sp01-20240628212654127900000003,390,
AML,Endor,135006324083,test,135006324083:us-west-2:rubix-asg-og4083-trino-eks-01-20240615152313303100000005,us-west-2,us-west-2a,(multiple),USD,$0.06,$81.00,"1,450",48,36,,,2,4,Autoscale,r6g.medium,1,10,$0.01,$61.73,76%,0,0,8,1,32,8,0,0,31266,og4083-trino-eks-01,rubix-asg-og4083-trino-eks-01-20240615152313303100000005,3010,
AML,Endor,135006324083,test,135006324083:us-west-2:rubix-asg-og4083-trino-eks-01-20240615152313303200000006,us-west-2,us-west-2c,(multiple),USD,$0.06,$82.00,"1,467",55,34,,,2,6,Autoscale,m6g.medium,1,12,$0.01,$62.68,76%,0,0,8,1,32,4,0,0,31266,og4083-trino-eks-01,rubix-asg-og4083-trino-eks-01-20240615152313303200000006,2999,
AML,Endor,212532641020,test,212532641020:us-west-2:eks-shuriv2-byor-stage-usw2-general-3ccb9e50-dc78-eed7-f171-6ce49e5e8a64,us-west-2,us-west-2c,c7i.24xlarge,USD,$0.73,$46.00,67,1,2,,,3,4,Autoscale,r6g.medium,2,5,$0.01,$45.69,99%,0,18,96,1,192,8,0,0,172567,aml1020-shuriv2-byor-stage-usw2,eks-shuriv2-byor-stage-usw2-general-3ccb9e50-dc78-eed7-f171-6ce49e5e8a64,3462,
AML,Endor,212532641020,test,212532641020:us-west-2:eks-shuriv2-byor-stage-usw2-general-66cba096-ac65-bdec-2dc7-efb8fc8c5af6,us-west-2,us-west-2b,c7i.24xlarge,USD,$0.73,"$1,028.00","1,682",3,4,,,3,7,Autoscale,r6g.medium,3,10,$0.01,"$1,012.07",98%,0,0,96,1,192,8,0,0,172567,aml1020-shuriv2-byor-stage-usw2,eks-shuriv2-byor-stage-usw2-general-66cba096-ac65-bdec-2dc7-efb8fc8c5af6,234,
AML,Endor,212532641020,test,212532641020:us-west-2:eks-shuriv2-byor-stage-usw2-platform-f2cb9e50-dc70-8219-2e75-711f315b263d,us-west-2,us-west-2b,c7i.24xlarge,USD,$0.73,$31.00,44,1,1,,,2,2,Autoscale,r6g.medium,1,2,$0.01,$30.53,99%,0,100,96,1,192,8,0,0,172567,aml1020-shuriv2-byor-stage-usw2,eks-shuriv2-byor-stage-usw2-platform-f2cb9e50-dc70-8219-2e75-711f315b263d,4180,
AML,Endor,212532641020,test,212532641020:us-west-2:eks-shuriv2-byor-stage-usw2-platform-f6cba096-ac67-aab5-1d04-48c2cc495ba1,us-west-2,us-west-2c,c7i.24xlarge,USD,$0.73,$685.00,"1,120",2,4,,,2,4,Autoscale,x2gd.medium,1,4,$0.01,$676.74,99%,0,99,96,1,192,16,0,0,172567,aml1020-shuriv2-byor-stage-usw2,eks-shuriv2-byor-stage-usw2-platform-f6cba096-ac67-aab5-1d04-48c2cc495ba1,349,
AML,Endor,212532641020,test,212532641020:us-west-2:rubix-asg-aml-endor-stg-aws-us-west2-2025042210065771520000001a,us-west-2,us-west-2d,m7a.8xlarge,USD,$0.32,$598.00,"2,160",8,23,,,3,3,Autoscale,x2gd.medium,5,8,$0.01,$537.61,90%,0,0,32,1,128,16,0,0,endor,aml-endor-stg-aws-us-west2,rubix-asg-aml-endor-stg-aws-us-west2-2025042210065771520000001a,435,
AML,Endor,212532641020,test,212532641020:us-west-2:rubix-asg-aml-endor-stg-aws-us-west2-2025042210065773490000001b,us-west-2,us-west-2b,m7a.8xlarge,USD,$0.32,"$2,208.00","8,064",12,46,,,8,12,Autoscale,x2gd.medium,25,48,$0.01,"$1,803.30",82%,0,0,32,1,128,16,0,0,endor,aml-endor-stg-aws-us-west2,rubix-asg-aml-endor-stg-aws-us-west2-2025042210065773490000001b,125,
AML,Endor,212532641020,test,212532641020:us-west-2:rubix-asg-aml-endor-stg-aws-us-west2-2025042210065774290000001c,us-west-2,us-west-2c,m7a.8xlarge,USD,$0.32,$418.00,"1,539",25,31,,,2,4,Autoscale,r6g.large,3,9,$0.02,$359.24,86%,0,0,32,2,128,16,0,0,endor,aml-endor-stg-aws-us-west2,rubix-asg-aml-endor-stg-aws-us-west2-2025042210065774290000001c,660,
AML,Endor,212532641020,test,212532641020:us-west-2:rubix-asg-aml-endor-stg-aws-us-west2-2025042210065790170000001d,us-west-2,us-west-2c,m7a.8xlarge,USD,$0.32,$399.00,"1,442",17,40,,,2,3,Autoscale,x2gd.medium,5,12,$0.01,$334.39,84%,0,0,32,1,128,16,0,0,endor,aml-endor-stg-aws-us-west2,rubix-asg-aml-endor-stg-aws-us-west2-2025042210065790170000001d,746,
AML,Endor,212532641020,test,212532641020:us-west-2:rubix-asg-aml-endor-stg-aws-us-west2-20250422100657038700000017,us-west-2,us-west-2b,m7a.8xlarge,USD,$0.32,$598.00,"2,160",11,36,,,3,3,Autoscale,x2gd.medium,5,11,$0.01,$521.40,87%,0,0,32,1,128,16,0,0,endor,aml-endor-stg-aws-us-west2,rubix-asg-aml-endor-stg-aws-us-west2-20250422100657038700000017,453,
AML,Endor,212532641020,test,212532641020:us-west-2:rubix-asg-aml-endor-stg-aws-us-west2-20250422100657042100000018,us-west-2,us-west-2c,m7a.12xlarge,USD,$0.47,$600.00,"1,454",71,46,,,2,4,Autoscale,r6g.2xlarge,1,9,$0.07,$474.59,79%,0,66,48,8,192,64,0,0,endor,aml-endor-stg-aws-us-west2,rubix-asg-aml-endor-stg-aws-us-west2-20250422100657042100000018,498,
AML,Endor,212532641020,test,212532641020:us-west-2:rubix-asg-aml-endor-stg-aws-us-west2-20250422100657052100000019,us-west-2,us-west-2c,r6in.2xlarge,USD,$0.12,$300.00,"2,880",17,13,,,4,4,Autoscale,r6g.medium,4,6,$0.01,$271.53,91%,0,0,8,1,64,8,0,0,endor,aml-endor-stg-aws-us-west2,rubix-asg-aml-endor-stg-aws-us-west2-20250422100657052100000019,836,
AML,Endor,212532641020,uat,212532641020:us-west-2:rubix-asg-aml1020-solutions-search-uat-usw2-20250617202136454000000005,us-west-2,us-west-2b,c7a.4xlarge,USD,$0.14,$61.00,542,30,76,,,1,6,Autoscale,r6g.medium,1,12,$0.01,$54.62,90%,0,22,16,1,32,8,0,0,aml-search,aml1020-solutions-search-uat-usw2,rubix-asg-aml1020-solutions-search-uat-usw2-20250617202136454000000005,3082,
AML,Endor,212532641020,uat,212532641020:us-west-2:rubix-asg-aml1020-solutions-search-uat-usw2-20250617202136464300000006,us-west-2,us-west-2d,c7a.4xlarge,USD,$0.14,$66.00,656,28,27,,,2,3,Autoscale,r6g.medium,1,10,$0.01,$58.45,89%,0,2,16,1,32,8,0,0,aml-search,aml1020-solutions-search-uat-usw2,rubix-asg-aml1020-solutions-search-uat-usw2-20250617202136464300000006,2831,
AML,Endor,273166457026,csviews_test,273166457026:us-west-2:rubix-asg-csviews-test-us-west2-cluster-20220705230756643000000003,us-west-2,us-west-2b,t3.2xlarge,USD,$0.06,$215.00,"4,346",14,13,,,6,13,Autoscale,t4g.micro,10,37,$0.00,$192.35,90%,0,0,3,0,32,1,0,0,61606,csviews-test-us-west2-cluster,rubix-asg-csviews-test-us-west2-cluster-20220705230756643000000003,1194,
AML,Endor,312654910533,prod,312654910533:us-east-1:rubix-asg-keystone-udp-1-prod-east-rubix-2025060220343243680000000d,us-east-1,us-east-1b,m5d.4xlarge,USD,$0.15,$249.00,"1,884",4,2,,,3,3,Autoscale,i4g.xlarge,1,1,$0.05,$215.52,87%,0,26,16,4,64,32,0,1,207935,keystone-udp-1-prod-east-rubix,rubix-asg-keystone-udp-1-prod-east-rubix-2025060220343243680000000d,1051,
AML,Endor,312654910533,prod,312654910533:us-east-1:rubix-asg-keystone-udp-1-prod-east-rubix-2025060220343244190000000e,us-east-1,us-east-1c,m5d.4xlarge,USD,$0.15,$249.00,"1,884",4,2,,,3,3,Autoscale,i4g.xlarge,1,1,$0.05,$215.52,87%,0,37,16,4,64,32,0,1,207935,keystone-udp-1-prod-east-rubix,rubix-asg-keystone-udp-1-prod-east-rubix-2025060220343244190000000e,1050,
AML,Endor,312654910533,prod,312654910533:us-east-1:rubix-asg-keystone-udp-1-prod-east-rubix-2025060220343244360000000f,us-east-1,us-east-1c,m5d.large,USD,$0.02,$31.00,"1,884",52,30,,,3,3,Autoscale,m6gd.large,1,2,$0.02,$20.55,66%,0,0,2,2,8,8,1,1,207935,keystone-udp-1-prod-east-rubix,rubix-asg-keystone-udp-1-prod-east-rubix-2025060220343244360000000f,4442,
AML,Endor,312654910533,prod,312654910533:us-east-1:rubix-asg-keystone-udp-1-prod-east-rubix-20250602203432447900000010,us-east-1,us-east-1d,m5d.8xlarge,USD,$0.31,$497.00,"1,884",2,2,,,3,3,Autoscale,h1.2xlarge,1,1,$0.08,$447.04,90%,0,70,32,8,128,32,0,0,207935,keystone-udp-1-prod-east-rubix,rubix-asg-keystone-udp-1-prod-east-rubix-20250602203432447900000010,518,
AML,Endor,312654910533,prod,312654910533:us-east-1:rubix-asg-keystone-udp-1-prod-east-rubix-20250602203432448600000011,us-east-1,us-east-1b,m5d.8xlarge,USD,$0.31,$497.00,"1,884",3,3,,,3,3,Autoscale,h1.2xlarge,1,1,$0.08,$447.04,90%,0,67,32,8,128,32,0,0,207935,keystone-udp-1-prod-east-rubix,rubix-asg-keystone-udp-1-prod-east-rubix-20250602203432448600000011,517,
AML,Endor,312654910533,prod,312654910533:us-east-1:rubix-asg-keystone-udp-1-prod-east-rubix-20250602203432449500000012,us-east-1,us-east-1c,m5d.4xlarge,USD,$0.15,$249.00,"1,884",5,3,,,3,3,Autoscale,i4g.xlarge,1,1,$0.05,$215.52,87%,0,35,16,4,64,32,0,1,207935,keystone-udp-1-prod-east-rubix,rubix-asg-keystone-udp-1-prod-east-rubix-20250602203432449500000012,1052,
AML,Endor,312654910533,prod,312654910533:us-west-2:rubix-asg-keystone-udp-1-prod-rubix-2025060219280548570000000d,us-west-2,us-west-2d,m5d.8xlarge,USD,$0.31,$498.00,"1,887",2,3,,,3,3,Autoscale,h1.2xlarge,1,1,$0.08,$448.37,90%,0,83,32,8,128,32,0,0,207935,keystone-udp-1-prod-rubix,rubix-asg-keystone-udp-1-prod-rubix-2025060219280548570000000d,516,
AML,Endor,312654910533,prod,312654910533:us-west-2:rubix-asg-keystone-udp-1-prod-rubix-2025060219280548580000000e,us-west-2,us-west-2b,m5d.4xlarge,USD,$0.15,$249.00,"1,887",4,2,,,3,3,Autoscale,i4g.xlarge,1,1,$0.05,$216.18,87%,0,41,16,4,64,32,0,1,207935,keystone-udp-1-prod-rubix,rubix-asg-keystone-udp-1-prod-rubix-2025060219280548580000000e,1047,
AML,Endor,312654910533,prod,312654910533:us-west-2:rubix-asg-keystone-udp-1-prod-rubix-2025060219280548640000000f,us-west-2,us-west-2c,m5d.4xlarge,USD,$0.15,$249.00,"1,887",4,3,,,3,3,Autoscale,i4g.xlarge,1,1,$0.05,$216.18,87%,0,44,16,4,64,32,0,1,207935,keystone-udp-1-prod-rubix,rubix-asg-keystone-udp-1-prod-rubix-2025060219280548640000000f,1049,
AML,Endor,312654910533,prod,312654910533:us-west-2:rubix-asg-keystone-udp-1-prod-rubix-20250602192805488700000010,us-west-2,us-west-2b,m5d.8xlarge,USD,$0.31,$498.00,"1,887",3,2,,,3,3,Autoscale,h1.2xlarge,1,1,$0.08,$448.37,90%,0,65,32,8,128,32,0,0,207935,keystone-udp-1-prod-rubix,rubix-asg-keystone-udp-1-prod-rubix-20250602192805488700000010,515,
AML,Endor,312654910533,prod,312654910533:us-west-2:rubix-asg-keystone-udp-1-prod-rubix-20250602192805489000000011,us-west-2,us-west-2c,m5d.4xlarge,USD,$0.15,$249.00,"1,887",4,2,,,3,3,Autoscale,i4g.xlarge,1,1,$0.05,$216.18,87%,0,47,16,4,64,32,0,1,207935,keystone-udp-1-prod-rubix,rubix-asg-keystone-udp-1-prod-rubix-20250602192805489000000011,1048,
AML,Endor,312654910533,prod,312654910533:us-west-2:rubix-asg-keystone-udp-1-prod-rubix-20250602192805490500000012,us-west-2,us-west-2b,m5d.large,USD,$0.02,$31.00,"1,887",32,27,,,3,3,Autoscale,m6gd.large,1,1,$0.02,$21.48,69%,0,0,2,2,8,8,1,1,207935,keystone-udp-1-prod-rubix,rubix-asg-keystone-udp-1-prod-rubix-20250602192805490500000012,4406,
AML,Endor,397847866181,test,397847866181:us-west-2:rubix-asg-dataplatform-dev-us-west-2-cluster-20230207192529570600000001,us-west-2,us-west-2c,m5.8xlarge,USD,$0.26,$495.00,"2,160",3,4,,,3,3,Autoscale,r6g.medium,1,3,$0.01,$483.01,98%,0,55,32,1,128,8,0,0,200834,dataplatform-dev-us-west-2-cluster,rubix-asg-dataplatform-dev-us-west-2-cluster-20230207192529570600000001,503,
AML,Endor,458503019752,,458503019752:us-west-2:eks-pccp-mce-cp-1-30-node-group-79b4f0e-80caea32-9dce-0017-46fc-1eda55e2a675,us-west-2,us-west-2c,r6i.4xlarge,USD,$0.17,$169.00,990,5,37,,,3,3,Autoscale,x2gd.medium,9,9,$0.01,$127.22,75%,0,0,16,1,128,16,0,0,,pccp-aml-datalake-ase-prod-cluster,eks-pccp-mce-cp-1-30-node-group-79b4f0e-80caea32-9dce-0017-46fc-1eda55e2a675,2266,
AML,Endor,458503019752,,458503019752:us-west-2:eks-pccp-mce-cp-1-31-node-group-9226d39-5ecbb28c-5345-528b-0bc5-7ce00c2ac934,us-west-2,us-west-2a,r6i.4xlarge,USD,$0.17,$156.00,"1,173",11,36,,,3,3,Autoscale,x2gd.medium,8,9,$0.01,$108.61,70%,0,0,16,1,128,16,0,0,,pccp-aml-datalake-ase-prod-cluster,eks-pccp-mce-cp-1-31-node-group-9226d39-5ecbb28c-5345-528b-0bc5-7ce00c2ac934,1959,
AML,Endor,458503019752,,458503019752:us-west-2:eks-pccp-nb-usw2a-1-30-node-group-3f3482c-26caea32-994f-ad2a-8b8d-5039578f90d8,us-west-2,us-west-2a,c6i.4xlarge,USD,$0.12,$0.00,1,1,2,,,1,1,Autoscale,c6g.medium,1,1,$0.01,$0.02,78%,0,100,16,1,32,2,0,0,,pccp-aml-datalake-ase-prod-cluster,eks-pccp-nb-usw2a-1-30-node-group-3f3482c-26caea32-994f-ad2a-8b8d-5039578f90d8,5727,
AML,Endor,458503019752,,458503019752:us-west-2:eks-pccp-nb-usw2a-1-31-node-group-c5a65ff-96cbb2a3-dffd-db50-e8c0-45910f0938c4,us-west-2,us-west-2a,c6i.4xlarge,USD,$0.12,$0.00,1,7,100,,,1,1,No Action,c6i.4xlarge,1,1,$0.12,$0.00,0%,0,0,16,16,32,32,1,1,,pccp-aml-datalake-ase-prod-cluster,eks-pccp-nb-usw2a-1-31-node-group-c5a65ff-96cbb2a3-dffd-db50-e8c0-45910f0938c4,5834,
AML,Endor,458503019752,,458503019752:us-west-2:eks-pccp-nb-usw2b-1-30-node-group-c2bb66f-20caea32-9c1a-02dc-50ad-a9f9ba5c61d3,us-west-2,us-west-2b,c6i.4xlarge,USD,$0.12,$0.00,2,3,2,,,2,2,Autoscale,c6g.medium,1,1,$0.01,$0.05,90%,0,0,16,1,32,2,0,0,,pccp-aml-datalake-ase-prod-cluster,eks-pccp-nb-usw2b-1-30-node-group-c2bb66f-20caea32-9c1a-02dc-50ad-a9f9ba5c61d3,5720,
AML,Endor,458503019752,,458503019752:us-west-2:eks-pccp-nb-usw2b-1-31-node-group-4621037-fecbb2a3-e32d-4658-5b9b-6577bb0814c1,us-west-2,us-west-2b,c6i.4xlarge,USD,$0.12,$0.00,1,6,100,,,1,1,No Action,c6i.4xlarge,1,1,$0.12,$0.00,0%,0,0,16,16,32,32,1,1,,pccp-aml-datalake-ase-prod-cluster,eks-pccp-nb-usw2b-1-31-node-group-4621037-fecbb2a3-e32d-4658-5b9b-6577bb0814c1,5827,
AML,Endor,458503019752,,458503019752:us-west-2:eks-pccp-nb-usw2c-1-30-node-group-3ac38d8-54caea32-9fa6-213a-475d-82ff195f0373,us-west-2,us-west-2c,c6i.4xlarge,USD,$0.12,$0.00,2,5,2,,,2,2,Autoscale,c6g.medium,2,2,$0.01,$0.01,56%,0,0,16,1,32,2,0,0,,pccp-aml-datalake-ase-prod-cluster,eks-pccp-nb-usw2c-1-30-node-group-3ac38d8-54caea32-9fa6-213a-475d-82ff195f0373,5722,
AML,Endor,458503019752,,458503019752:us-west-2:eks-pccp-nb-usw2c-1-31-node-group-371049d-c6cbb2a3-e38b-711c-8cff-a4133914ac19,us-west-2,us-west-2c,c6i.4xlarge,USD,$0.12,$0.00,1,9,100,,,1,1,No Action,c6i.4xlarge,1,1,$0.12,$0.00,0%,0,0,16,16,32,32,1,1,,pccp-aml-datalake-ase-prod-cluster,eks-pccp-nb-usw2c-1-31-node-group-371049d-c6cbb2a3-e38b-711c-8cff-a4133914ac19,5822,
AML,Endor,458503019752,,458503019752:us-west-2:eks-pccp-sprk-drv-1-30-node-group-5bb9c2e-b4caea32-97bf-a09c-491b-b4afaab0f65b,us-west-2,us-west-2a,r6i.16xlarge,USD,$0.69,$226.00,330,4,1,,,1,1,Autoscale,m6g.medium,1,3,$0.01,$221.53,98%,0,49,64,1,512,4,0,0,,pccp-aml-datalake-ase-prod-cluster,eks-pccp-sprk-drv-1-30-node-group-5bb9c2e-b4caea32-97bf-a09c-491b-b4afaab0f65b,1201,
AML,Endor,458503019752,,458503019752:us-west-2:eks-pccp-sprk-drv-1-31-node-group-f2edbe5-6ecbb28c-5400-3fc0-8877-07a49f6cc5b3,us-west-2,us-west-2c,r6i.16xlarge,USD,$0.69,$208.00,391,2,1,,,1,1,Autoscale,m6g.medium,1,2,$0.01,$203.34,98%,0,100,64,1,512,4,0,0,,pccp-aml-datalake-ase-prod-cluster,eks-pccp-sprk-drv-1-31-node-group-f2edbe5-6ecbb28c-5400-3fc0-8877-07a49f6cc5b3,1033,
AML,Endor,458503019752,,458503019752:us-west-2:eks-pccp-sprk-exc-1-30-node-group-57bbfd1-f6caea32-9ea8-1e13-11c5-2061a876df87,us-west-2,us-west-2b,r6i.16xlarge,USD,$0.69,$226.00,332,3,3,,,1,3,Autoscale,r6g.medium,3,5,$0.01,$217.47,96%,0,4,64,1,512,8,0,0,,pccp-aml-datalake-ase-prod-cluster,eks-pccp-sprk-exc-1-30-node-group-57bbfd1-f6caea32-9ea8-1e13-11c5-2061a876df87,1215,
AML,Endor,458503019752,,458503019752:us-west-2:eks-pccp-sprk-exc-1-31-node-group-8abb200-86cbb28c-518f-2d3c-f925-034d76666eb0,us-west-2,us-west-2c,r6i.16xlarge,USD,$0.69,$208.00,391,4,3,,,1,1,Autoscale,r6g.medium,2,3,$0.01,$200.93,97%,0,3,64,1,512,8,0,0,,pccp-aml-datalake-ase-prod-cluster,eks-pccp-sprk-exc-1-31-node-group-8abb200-86cbb28c-518f-2d3c-f925-034d76666eb0,1036,
AML,Endor,458503019752,prod,458503019752:us-east-1:rubix-asg-aml-datalake01-udp-prod-east-2024041811092143760000000b,us-east-1,us-east-1b,c5.12xlarge,USD,$0.35,$219.00,720,9,14,,,1,1,Autoscale,m6g.large,2,3,$0.01,$200.29,91%,0,0,48,2,96,8,0,0,172567,aml-datalake01-udp-prod-east,rubix-asg-aml-datalake01-udp-prod-east-2024041811092143760000000b,1170,
AML,Endor,458503019752,prod,458503019752:us-east-1:rubix-asg-aml-datalake01-udp-prod-east-2024041811092143860000000c,us-east-1,us-east-1c,m5d.8xlarge,USD,$0.31,$194.00,720,12,5,,,1,1,Autoscale,h1.2xlarge,1,1,$0.08,$136.97,71%,0,0,32,8,128,32,0,0,172567,aml-datalake01-udp-prod-east,rubix-asg-aml-datalake01-udp-prod-east-2024041811092143860000000c,1816,
AML,Endor,458503019752,prod,458503019752:us-east-1:rubix-asg-aml-datalake01-udp-prod-east-2024041811092144300000000d,us-east-1,us-east-1d,r6in.4xlarge,USD,$0.24,$616.00,"2,865",18,8,,,3,8,Autoscale,m6g.medium,8,23,$0.01,$565.16,92%,0,0,16,1,128,4,0,0,datalake,aml-datalake01-udp-prod-east,rubix-asg-aml-datalake01-udp-prod-east-2024041811092144300000000d,422,
AML,Endor,458503019752,prod,458503019752:us-east-1:rubix-asg-aml-datalake01-udp-prod-east-2024041811092144330000000e,us-east-1,us-east-1b,r6in.4xlarge,USD,$0.24,$450.00,"2,160",12,3,,,3,3,Autoscale,m6g.medium,2,6,$0.01,$432.54,96%,0,0,16,1,128,4,0,0,datalake,aml-datalake01-udp-prod-east,rubix-asg-aml-datalake01-udp-prod-east-2024041811092144330000000e,553,
AML,Endor,458503019752,prod,458503019752:us-east-1:rubix-asg-aml-datalake01-udp-prod-east-2024041811092144690000000f,us-east-1,us-east-1b,r6a.8xlarge,USD,$0.31,$952.00,"3,401",25,6,,,2,8,Autoscale,m6g.large,3,21,$0.01,$839.35,88%,0,0,32,2,256,8,0,0,172567,aml-datalake01-udp-prod-east,rubix-asg-aml-datalake01-udp-prod-east-2024041811092144690000000f,315,
AML,Endor,458503019752,prod,458503019752:us-east-1:rubix-asg-og9752-guardian-eks-11-20250521211215878300000003,us-east-1,us-east-1b,m5.metal,USD,$0.78,"$1,980.00","2,880",2,2,,,4,4,Autoscale,r6g.medium,4,9,$0.01,"$1,954.51",99%,0,45,96,1,384,8,0,0,31266,og9752-guardian-eks-11,rubix-asg-og9752-guardian-eks-11-20250521211215878300000003,109,
AML,Endor,458503019752,prod,458503019752:us-east-1:rubix-asg-og9752-kafka-11-eks-20241108231551848200000007,us-east-1,us-east-1d,r6in.4xlarge,USD,$0.24,$449.00,"2,160",13,9,,,3,3,Autoscale,r6g.medium,5,7,$0.01,$416.58,93%,0,0,16,1,128,8,0,0,31266,og9752-kafka-11-eks,rubix-asg-og9752-kafka-11-eks-20241108231551848200000007,586,
AML,Endor,458503019752,prod,458503019752:us-east-1:rubix-asg-og9752-kafka-11-eks-20241108231551849100000008,us-east-1,us-east-1b,r6in.4xlarge,USD,$0.24,$450.00,"2,160",13,8,,,3,3,Autoscale,r6g.medium,4,7,$0.01,$420.89,94%,0,0,16,1,128,8,0,0,31266,og9752-kafka-11-eks,rubix-asg-og9752-kafka-11-eks-20241108231551849100000008,578,
AML,Endor,458503019752,prod,458503019752:us-east-1:rubix-asg-og9752-kafka-11-eks-20241108231551849200000009,us-east-1,us-east-1b,r6in.4xlarge,USD,$0.24,$450.00,"2,160",27,10,,,3,3,Autoscale,m6g.large,5,7,$0.01,$398.98,89%,0,0,16,2,128,8,0,0,31266,og9752-kafka-11-eks,rubix-asg-og9752-kafka-11-eks-20241108231551849200000009,613,
AML,Endor,458503019752,prod,458503019752:us-west-2:rubix-asg-aml-datalake01-udp-prod-west-20240215184658702200000005,us-west-2,us-west-2a,r6a.8xlarge,USD,$0.31,"$1,048.00","3,608",34,9,,,2,11,Autoscale,m6g.large,1,30,$0.01,$906.94,87%,0,0,32,2,256,8,0,0,172567,aml-datalake01-udp-prod-west,rubix-asg-aml-datalake01-udp-prod-west-20240215184658702200000005,299,
AML,Endor,458503019752,prod,458503019752:us-west-2:rubix-asg-aml-datalake01-udp-prod-west-20240215184658703800000006,us-west-2,us-west-2c,c5.12xlarge,USD,$0.35,$219.00,720,8,15,,,1,1,Autoscale,m6g.large,2,3,$0.01,$200.31,91%,0,0,48,2,96,8,0,0,172567,aml-datalake01-udp-prod-west,rubix-asg-aml-datalake01-udp-prod-west-20240215184658703800000006,1169,
AML,Endor,458503019752,prod,458503019752:us-west-2:rubix-asg-aml-datalake01-udp-prod-west-20240312215702995200000005,us-west-2,us-west-2a,r6in.4xlarge,USD,$0.24,$615.00,"2,868",18,11,,,3,11,Autoscale,r6g.medium,3,26,$0.01,$571.23,93%,0,0,16,1,128,8,0,0,datalake,aml-datalake01-udp-prod-west,rubix-asg-aml-datalake01-udp-prod-west-20240312215702995200000005,419,
AML,Endor,458503019752,prod,458503019752:us-west-2:rubix-asg-aml-datalake01-udp-prod-west-20240319210702754300000006,us-west-2,us-west-2b,r6in.4xlarge,USD,$0.24,$449.00,"2,160",17,10,,,3,3,Autoscale,m6g.medium,7,11,$0.01,$411.08,91%,0,0,16,1,128,4,0,0,datalake,aml-datalake01-udp-prod-west,rubix-asg-aml-datalake01-udp-prod-west-20240319210702754300000006,593,
AML,Endor,458503019752,prod,458503019752:us-west-2:rubix-asg-aml-datalake01-udp-prod-west-20240327010922407900000007,us-west-2,us-west-2a,m5d.8xlarge,USD,$0.31,$389.00,"1,440",11,24,,,2,2,Autoscale,h1.2xlarge,1,2,$0.08,$314.27,81%,0,0,32,8,128,32,0,0,172567,aml-datalake01-udp-prod-west,rubix-asg-aml-datalake01-udp-prod-west-20240327010922407900000007,763,
AML,Endor,458503019752,prod,458503019752:us-west-2:rubix-asg-datalake-prod-01-cp-20240301011020953300000003,us-west-2,us-west-2b,m5.4xlarge,USD,$0.13,$248.00,"2,163",25,12,,,3,6,Autoscale,m6g.large,4,13,$0.01,$206.40,83%,0,0,16,2,64,8,0,0,31266,datalake-prod-01-cp,rubix-asg-datalake-prod-01-cp-20240301011020953300000003,1131,
AML,Endor,458503019752,prod,458503019752:us-west-2:rubix-asg-og9752-airflow-eks-01-20240530163458412000000007,us-west-2,us-west-2b,m5.2xlarge,USD,$0.07,$41.00,720,13,8,,,1,1,Autoscale,m6g.medium,1,2,$0.01,$36.53,89%,0,0,8,1,32,4,0,0,31266,og9752-airflow-eks-01,rubix-asg-og9752-airflow-eks-01-20240530163458412000000007,3785,
AML,Endor,458503019752,prod,458503019752:us-west-2:rubix-asg-og9752-airflow-eks-01-20240530163458413700000008,us-west-2,us-west-2c,m5.2xlarge,USD,$0.07,$41.00,720,78,37,,,1,1,Autoscale,m6g.large,2,4,$0.01,$17.79,43%,0,0,8,2,32,8,0,0,31266,og9752-airflow-eks-01,rubix-asg-og9752-airflow-eks-01-20240530163458413700000008,4503,
AML,Endor,458503019752,prod,458503019752:us-west-2:rubix-asg-og9752-airflow-eks-01-20240530163458414200000009,us-west-2,us-west-2c,m5.2xlarge,USD,$0.07,$165.00,"2,906",40,14,,,4,6,Autoscale,m6g.medium,4,13,$0.01,$133.47,81%,0,0,8,1,32,4,0,0,31266,og9752-airflow-eks-01,rubix-asg-og9752-airflow-eks-01-20240530163458414200000009,1901,
AML,Endor,458503019752,prod,458503019752:us-west-2:rubix-asg-og9752-data-portal-eks-01-20240606234416920600000003,us-west-2,us-west-2a,m5.large,USD,$0.02,$62.00,"4,320",42,46,,,6,6,Autoscale,r6g.medium,3,6,$0.01,$41.64,67%,0,0,2,1,8,8,1,1,31266,og9752-data-portal-eks-01,rubix-asg-og9752-data-portal-eks-01-20240606234416920600000003,3416,
AML,Endor,458503019752,prod,458503019752:us-west-2:rubix-asg-og9752-flink-sp01-eks-01-20240620181857283800000002,us-west-2,us-west-2c,m5.24xlarge,USD,$0.78,"$4,192.00","6,236",12,55,,,7,10,Autoscale,x2gd.xlarge,13,31,$0.06,"$3,250.61",78%,0,0,96,4,384,64,0,0,default,og9752-flink-sp01-eks-01,rubix-asg-og9752-flink-sp01-eks-01-20240620181857283800000002,55,
AML,Endor,458503019752,prod,458503019752:us-west-2:rubix-asg-og9752-guardian-eks-01-20240619184759922400000003,us-west-2,us-west-2b,m5.metal,USD,$0.78,"$1,980.00","2,880",6,3,,,4,4,Autoscale,r6g.large,3,11,$0.02,"$1,926.15",97%,0,0,96,2,384,16,0,0,31266,og9752-guardian-eks-01,rubix-asg-og9752-guardian-eks-01-20240619184759922400000003,117,
AML,Endor,458503019752,prod,458503019752:us-west-2:rubix-asg-og9752-iceman-platform-eks-01-20240703212753742500000003,us-west-2,us-west-2a,m5.xlarge,USD,$0.03,$62.00,"1,998",25,16,,,3,3,Autoscale,r6g.medium,1,3,$0.01,$52.67,85%,0,0,4,1,16,8,0,1,31266,og9752-iceman-platform-eks-01,rubix-asg-og9752-iceman-platform-eks-01-20240703212753742500000003,3247,
AML,Endor,458503019752,prod,458503019752:us-west-2:rubix-asg-og9752-irc-eks-01-20240319182757488600000003,us-west-2,us-west-2a,m5.4xlarge,USD,$0.13,$330.00,"2,880",34,31,,,4,4,Autoscale,m6g.large,9,11,$0.01,$235.47,71%,0,0,16,2,64,8,0,0,31266,og9752-irc-eks-01,rubix-asg-og9752-irc-eks-01-20240319182757488600000003,964,
AML,Endor,458503019752,prod,458503019752:us-west-2:rubix-asg-og9752-jupyter-eks-01-20240619184550870800000003,us-west-2,us-west-2a,m5.2xlarge,USD,$0.07,$124.00,"2,164",40,32,,,3,5,Autoscale,r6g.medium,4,11,$0.01,$94.35,76%,0,0,8,1,32,8,0,0,31266,og9752-jupyter-eks-01,rubix-asg-og9752-jupyter-eks-01-20240619184550870800000003,2399,
AML,Endor,458503019752,prod,458503019752:us-west-2:rubix-asg-og9752-kafka-01-eks-20240619184533738100000007,us-west-2,us-west-2c,r6in.4xlarge,USD,$0.24,$449.00,"2,160",17,13,,,3,3,Autoscale,r6g.medium,6,9,$0.01,$406.27,90%,0,0,16,1,128,8,0,0,31266,og9752-kafka-01-eks,rubix-asg-og9752-kafka-01-eks-20240619184533738100000007,602,
AML,Endor,458503019752,prod,458503019752:us-west-2:rubix-asg-og9752-kafka-01-eks-20240619184533746000000008,us-west-2,us-west-2b,r6in.4xlarge,USD,$0.24,$450.00,"2,160",34,11,,,3,3,Autoscale,m6g.large,5,9,$0.01,$388.09,86%,0,0,16,2,128,8,0,0,31266,og9752-kafka-01-eks,rubix-asg-og9752-kafka-01-eks-20240619184533746000000008,622,
AML,Endor,458503019752,prod,458503019752:us-west-2:rubix-asg-og9752-kafka-01-eks-20240619184533749300000009,us-west-2,us-west-2a,r6in.4xlarge,USD,$0.24,$450.00,"2,160",17,8,,,3,3,Autoscale,m6g.medium,7,9,$0.01,$412.06,92%,0,0,16,1,128,4,0,0,31266,og9752-kafka-01-eks,rubix-asg-og9752-kafka-01-eks-20240619184533749300000009,592,
AML,Endor,458503019752,prod,458503019752:us-west-2:rubix-asg-og9752-kafka-02-eks-20240708172918282600000007,us-west-2,us-west-2a,r6in.4xlarge,USD,$0.24,$449.00,"2,160",11,9,,,3,3,Autoscale,r6g.medium,4,6,$0.01,$418.07,93%,0,0,16,1,128,8,0,0,31266,og9752-kafka-02-eks,rubix-asg-og9752-kafka-02-eks-20240708172918282600000007,581,
AML,Endor,458503019752,prod,458503019752:us-west-2:rubix-asg-og9752-kafka-02-eks-20240708172918284800000008,us-west-2,us-west-2c,r6in.4xlarge,USD,$0.24,$450.00,"2,160",10,8,,,3,3,Autoscale,r6g.medium,4,5,$0.01,$423.90,94%,0,0,16,1,128,8,0,0,31266,og9752-kafka-02-eks,rubix-asg-og9752-kafka-02-eks-20240708172918284800000008,574,
AML,Endor,458503019752,prod,458503019752:us-west-2:rubix-asg-og9752-kafka-02-eks-20240708172918286400000009,us-west-2,us-west-2b,r6in.4xlarge,USD,$0.24,$450.00,"2,160",24,10,,,3,3,Autoscale,m6g.medium,9,12,$0.01,$405.44,90%,0,0,16,1,128,4,0,0,31266,og9752-kafka-02-eks,rubix-asg-og9752-kafka-02-eks-20240708172918286400000009,606,
AML,Endor,458503019752,prod,458503019752:us-west-2:rubix-asg-og9752-skate-eks-01-20240619195354084700000003,us-west-2,us-west-2b,r6i.24xlarge,USD,$1.03,"$3,248.00","3,600",3,2,,,5,5,Autoscale,x2gd.medium,4,13,$0.01,"$3,203.55",99%,0,0,96,1,768,16,0,0,spark,og9752-skate-eks-01,rubix-asg-og9752-skate-eks-01-20240619195354084700000003,62,
AML,Endor,458503019752,prod,458503019752:us-west-2:rubix-asg-og9752-spark-eks-01-20240619194952192000000007,us-west-2,us-west-2b,r6g.16xlarge,USD,$0.55,"$1,040.00","2,164",5,7,,,3,6,Autoscale,r6g.medium,3,14,$0.01,$996.54,96%,0,0,64,1,512,8,0,0,spark,og9752-spark-eks-01,rubix-asg-og9752-spark-eks-01-20240619194952192000000007,247,
AML,Endor,458503019752,prod,458503019752:us-west-2:rubix-asg-og9752-spark-eks-01-20240619194952192200000008,us-west-2,us-west-2a,r6g.16xlarge,USD,$0.55,"$4,139.00","11,406",78,71,,,1,52,Autoscale,r6g.4xlarge,1,125,$0.14,"$1,130.59",27%,0,14,64,16,512,128,0,0,spark,og9752-spark-eks-01,rubix-asg-og9752-spark-eks-01-20240619194952192200000008,67,
AML,Endor,458503019752,prod,458503019752:us-west-2:rubix-asg-og9752-spark-eks-01-20240619194952192200000009,us-west-2,us-west-2c,r6i.24xlarge,USD,$1.03,"$1,950.00","2,169",3,3,,,3,11,Autoscale,r6g.medium,3,26,$0.01,"$1,916.82",98%,0,33,96,1,768,8,0,0,spark,og9752-spark-eks-01,rubix-asg-og9752-spark-eks-01-20240619194952192200000009,119,
AML,Endor,458503019752,prod,458503019752:us-west-2:rubix-asg-og9752-spark-eks-01-20241217224735793700000006,us-west-2,us-west-2a,r5n.4xlarge,USD,$0.20,$128.00,721,11,5,,,1,2,Autoscale,r6g.medium,1,3,$0.01,$120.12,94%,0,44,16,1,128,8,0,0,spark,og9752-spark-eks-01,rubix-asg-og9752-spark-eks-01-20241217224735793700000006,2149,
AML,Endor,458503019752,prod,458503019752:us-west-2:rubix-asg-og9752-superset-eks-01-20240513223015480400000003,us-west-2,us-west-2a,m5.2xlarge,USD,$0.07,$165.00,"2,880",15,25,,,4,4,Autoscale,r6g.medium,4,5,$0.01,$139.37,84%,0,0,8,1,32,8,0,0,31266,og9752-superset-eks-01,rubix-asg-og9752-superset-eks-01-20240513223015480400000003,1841,
AML,Endor,458503019752,prod,458503019752:us-west-2:rubix-asg-og9752-surface-sp01-20240620175750663600000003,us-west-2,us-west-2b,m5.8xlarge,USD,$0.26,$660.00,"2,880",6,5,,,4,4,Autoscale,r6g.medium,3,8,$0.01,$633.53,96%,0,0,32,1,128,8,0,0,default,og9752-surface-sp01,rubix-asg-og9752-surface-sp01-20240620175750663600000003,377,
AML,Endor,458503019752,prod,458503019752:us-west-2:rubix-asg-og9752-trino-eks-01-20240619184644439300000005,us-west-2,us-west-2b,m5.4xlarge,USD,$0.13,$83.00,720,36,28,,,1,1,Autoscale,x2gd.large,1,3,$0.03,$61.87,75%,0,33,16,2,64,32,0,1,31266,og9752-trino-eks-01,rubix-asg-og9752-trino-eks-01-20240619184644439300000005,3013,
AML,Endor,458503019752,prod,458503019752:us-west-2:rubix-asg-og9752-trino-eks-01-20240619184644439900000006,us-west-2,us-west-2c,m5.4xlarge,USD,$0.13,$330.00,"2,880",30,39,,,4,4,Autoscale,x2gd.large,3,10,$0.03,$248.07,75%,0,0,16,2,64,32,0,1,31266,og9752-trino-eks-01,rubix-asg-og9752-trino-eks-01-20240619184644439900000006,886,
AML,Endor,513716559916,dev,513716559916:us-east-1:eks-shuriv2-mgmt-dev-use1-general-5acb1e68-023e-89ab-1d15-dd32e71f53a8,us-east-1,us-east-1b,m7i.4xlarge,USD,$0.14,$173.00,"1,440",22,12,,,2,2,Autoscale,m6g.medium,4,8,$0.01,$152.48,88%,0,0,16,1,64,4,0,0,172567,aml9916-shuriv2-mgmt-dev-use1,eks-shuriv2-mgmt-dev-use1-general-5acb1e68-023e-89ab-1d15-dd32e71f53a8,1627,
AML,Endor,513716559916,dev,513716559916:us-east-1:eks-shuriv2-mgmt-dev-use1-platform-services-b8cb1e68-023e-efb2-abc5-4a21e85ca82b,us-east-1,us-east-1c,m7i.8xlarge,USD,$0.27,$520.00,"2,160",7,8,,,3,3,Autoscale,x2gd.medium,2,7,$0.01,$495.58,95%,0,0,32,1,128,16,0,0,172567,aml9916-shuriv2-mgmt-dev-use1,eks-shuriv2-mgmt-dev-use1-platform-services-b8cb1e68-023e-efb2-abc5-4a21e85ca82b,495,
AML,Endor,513716559916,dev,513716559916:us-east-1:eks-shuriv2-shared-dev-use1-general-98cb1e6c-660d-a37c-fdd2-c232e44f7744,us-east-1,us-east-1b,m7i.4xlarge,USD,$0.14,$173.00,"1,440",31,40,,,2,2,Autoscale,m6g.large,4,7,$0.01,$124.68,72%,0,0,16,2,64,8,0,0,172567,aml9916-shuriv2-shared-dev-use1,eks-shuriv2-shared-dev-use1-general-98cb1e6c-660d-a37c-fdd2-c232e44f7744,2058,
AML,Endor,513716559916,dev,513716559916:us-east-1:eks-shuriv2-shared-dev-use1-platform-services-aecb1e6c-660f-54b4-7c3d-d350ab58ed1d,us-east-1,us-east-1b,m7i.8xlarge,USD,$0.27,$520.00,"2,160",4,4,,,3,3,Autoscale,r6g.medium,2,5,$0.01,$507.30,98%,0,0,32,1,128,8,0,0,172567,aml9916-shuriv2-shared-dev-use1,eks-shuriv2-shared-dev-use1-platform-services-aecb1e6c-660f-54b4-7c3d-d350ab58ed1d,479,
AML,Endor,513716559916,dev,513716559916:us-west-2:eks-shuriv2-mgmt-dev-usw2-general-0ecb0cb1-5394-7614-bfaf-30a3315d0c10,us-west-2,us-west-2b,m7i.4xlarge,USD,$0.14,$260.00,"2,160",12,12,,,3,3,Autoscale,m6g.medium,5,6,$0.01,$232.43,89%,0,0,16,1,64,4,0,0,172567,aml9916-shuriv2-mgmt-dev-usw2,eks-shuriv2-mgmt-dev-usw2-general-0ecb0cb1-5394-7614-bfaf-30a3315d0c10,1022,
AML,Endor,513716559916,dev,513716559916:us-west-2:eks-shuriv2-mgmt-dev-usw2-platform-services-f6cb0cb1-538f-511b-73ec-75923152e7dc,us-west-2,us-west-2b,m7i.8xlarge,USD,$0.27,$520.00,"2,160",7,5,,,3,3,Autoscale,r6g.medium,3,7,$0.01,$500.55,96%,0,0,32,1,128,8,0,0,172567,aml9916-shuriv2-mgmt-dev-usw2,eks-shuriv2-mgmt-dev-usw2-platform-services-f6cb0cb1-538f-511b-73ec-75923152e7dc,490,
AML,Endor,513716559916,dev,513716559916:us-west-2:eks-shuriv2-shared-dev-usw2-general-b2cb0cb2-6c7e-e799-f7a8-7eba62210cb7,us-west-2,us-west-2a,m7i.4xlarge,USD,$0.14,$260.00,"2,160",22,21,,,3,3,Autoscale,m6g.medium,5,11,$0.01,$224.79,86%,0,0,16,1,64,4,0,0,172567,aml9916-shuriv2-shared-dev-usw2,eks-shuriv2-shared-dev-usw2-general-b2cb0cb2-6c7e-e799-f7a8-7eba62210cb7,1037,
AML,Endor,513716559916,dev,513716559916:us-west-2:eks-shuriv2-shared-dev-usw2-platform-services-36cb0cb2-6c7e-ce60-fab6-161d76d3684d,us-west-2,us-west-2c,m7i.8xlarge,USD,$0.27,$520.00,"2,160",4,4,,,3,3,Autoscale,r6g.medium,2,4,$0.01,$506.93,98%,0,0,32,1,128,8,0,0,172567,aml9916-shuriv2-shared-dev-usw2,eks-shuriv2-shared-dev-usw2-platform-services-36cb0cb2-6c7e-ce60-fab6-161d76d3684d,480,
AML,Endor,513716559916,dev,513716559916:us-west-2:eks-shuriv2-shared-qa-usw2-general-60cb0d0c-4815-90a1-043d-acc4bbcbf7ea,us-west-2,us-west-2d,m7i.4xlarge,USD,$0.14,$173.00,"1,440",6,8,,,2,2,Autoscale,r6g.medium,2,2,$0.01,$160.94,93%,0,0,16,1,64,8,0,0,172567,aml9916-shuriv2-shared-qa-usw2,eks-shuriv2-shared-qa-usw2-general-60cb0d0c-4815-90a1-043d-acc4bbcbf7ea,1570,
AML,Endor,513716559916,dev,513716559916:us-west-2:eks-shuriv2-shared-qa-usw2-platform-services-56cb0d0c-4816-0b06-f1ca-6887c5f79ae8,us-west-2,us-west-2d,m7i.8xlarge,USD,$0.27,$520.00,"2,160",2,2,,,3,3,Autoscale,r6g.medium,1,2,$0.01,$511.82,98%,0,5,32,1,128,8,0,0,172567,aml9916-shuriv2-shared-qa-usw2,eks-shuriv2-shared-qa-usw2-platform-services-56cb0d0c-4816-0b06-f1ca-6887c5f79ae8,477,
AML,Endor,513716559916,qa,513716559916:us-west-2:eks-shuriv2-mgmt-qa-usw2-general-c0cb0cd8-47e7-7dcd-7eb3-9dd77d2101fd,us-west-2,us-west-2d,m7i.4xlarge,USD,$0.14,$173.00,"1,440",5,7,,,2,2,Autoscale,r6g.medium,2,2,$0.01,$160.91,93%,0,0,16,1,64,8,0,0,172567,aml9916-shuriv2-mgmt-qa-usw2,eks-shuriv2-mgmt-qa-usw2-general-c0cb0cd8-47e7-7dcd-7eb3-9dd77d2101fd,1571,
AML,Endor,513716559916,qa,513716559916:us-west-2:eks-shuriv2-mgmt-qa-usw2-platform-services-a2cb0cd8-47e9-a2da-6500-8923a5f9120b,us-west-2,us-west-2d,m7i.8xlarge,USD,$0.27,$520.00,"2,160",2,2,,,3,3,Autoscale,r6g.medium,1,2,$0.01,$511.87,98%,0,43,32,1,128,8,0,0,172567,aml9916-shuriv2-mgmt-qa-usw2,eks-shuriv2-mgmt-qa-usw2-platform-services-a2cb0cd8-47e9-a2da-6500-8923a5f9120b,476,
AML,Endor,513716559916,test,513716559916:us-east-1:eks-shuriv2-mgmt-stg-use1-general-62cb5517-bafb-108c-bb4f-ff943484c9e4,us-east-1,us-east-1c,m7i.4xlarge,USD,$0.14,$173.00,"1,441",25,13,,,2,3,Autoscale,m6g.medium,4,12,$0.01,$152.67,88%,0,0,16,1,64,4,0,0,172567,aml9916-shuriv2-mgmt-stg-use1,eks-shuriv2-mgmt-stg-use1-general-62cb5517-bafb-108c-bb4f-ff943484c9e4,1625,
AML,Endor,513716559916,test,513716559916:us-east-1:eks-shuriv2-mgmt-stg-use1-platform-services-e2cb5517-baff-8871-a8c4-e5ab40f8f0db,us-east-1,us-east-1c,m7i.8xlarge,USD,$0.27,$520.00,"2,160",8,5,,,3,3,Autoscale,r6g.medium,2,8,$0.01,$502.87,97%,0,0,32,1,128,8,0,0,172567,aml9916-shuriv2-mgmt-stg-use1,eks-shuriv2-mgmt-stg-use1-platform-services-e2cb5517-baff-8871-a8c4-e5ab40f8f0db,485,
AML,Endor,513716559916,test,513716559916:us-east-1:eks-shuriv2-shared-stg-use1-general-eecb54d8-c26e-61c7-a1b9-5c0f1e3634dc,us-east-1,us-east-1b,m7i.4xlarge,USD,$0.14,$173.00,"1,440",19,15,,,2,2,Autoscale,m6g.medium,4,7,$0.01,$150.38,87%,0,0,16,1,64,4,0,0,172567,aml9916-shuriv2-shared-stg-use1,eks-shuriv2-shared-stg-use1-general-eecb54d8-c26e-61c7-a1b9-5c0f1e3634dc,1642,
AML,Endor,513716559916,test,513716559916:us-east-1:eks-shuriv2-shared-stg-use1-platform-services-fecb54d8-c26e-403e-d08f-0b62c519e6f3,us-east-1,us-east-1c,m7i.8xlarge,USD,$0.27,$520.00,"2,160",7,5,,,3,3,Autoscale,r6g.medium,2,7,$0.01,$506.28,97%,0,0,32,1,128,8,0,0,172567,aml9916-shuriv2-shared-stg-use1,eks-shuriv2-shared-stg-use1-platform-services-fecb54d8-c26e-403e-d08f-0b62c519e6f3,481,
AML,Endor,513716559916,test,513716559916:us-west-2:eks-shuriv2-mgmt-stg-usw2-general-94cb5550-9e14-c16f-db02-13d87946d6ff,us-west-2,us-west-2c,m7i.4xlarge,USD,$0.14,$181.00,"1,604",25,14,,,2,9,Autoscale,m6g.medium,4,13,$0.01,$154.84,85%,0,0,16,1,64,4,0,0,172567,aml9916-shuriv2-mgmt-stg-usw2,eks-shuriv2-mgmt-stg-usw2-general-94cb5550-9e14-c16f-db02-13d87946d6ff,1450,
AML,Endor,513716559916,test,513716559916:us-west-2:eks-shuriv2-mgmt-stg-usw2-platform-services-9ccb5550-9e13-1aa6-87c2-d26152060e12,us-west-2,us-west-2c,m7i.8xlarge,USD,$0.27,$520.00,"2,160",17,5,,,3,3,Autoscale,c6g.large,4,9,$0.01,$481.56,93%,0,0,32,2,128,4,0,0,172567,aml9916-shuriv2-mgmt-stg-usw2,eks-shuriv2-mgmt-stg-usw2-platform-services-9ccb5550-9e13-1aa6-87c2-d26152060e12,502,
AML,Endor,513716559916,test,513716559916:us-west-2:eks-shuriv2-shared-stg-usw2-general-30cb5545-1364-8f98-1f14-5ca72c24afef,us-west-2,us-west-2a,m7i.4xlarge,USD,$0.14,$173.00,"1,440",31,15,,,2,2,Autoscale,m6g.large,2,5,$0.01,$146.67,85%,0,0,16,2,64,8,0,0,172567,aml9916-shuriv2-shared-stg-usw2,eks-shuriv2-shared-stg-usw2-general-30cb5545-1364-8f98-1f14-5ca72c24afef,1664,
AML,Endor,513716559916,test,513716559916:us-west-2:eks-shuriv2-shared-stg-usw2-platform-services-3ccb5545-1366-7d9e-3724-932713a30e93,us-west-2,us-west-2b,m7i.8xlarge,USD,$0.27,$520.00,"2,160",6,4,,,3,3,Autoscale,m6g.medium,2,6,$0.01,$500.87,96%,0,0,32,1,128,4,0,0,172567,aml9916-shuriv2-shared-stg-usw2,eks-shuriv2-shared-stg-usw2-platform-services-3ccb5545-1366-7d9e-3724-932713a30e93,489,
AML,Endor,533252488284,test,533252488284:us-east-1:rubix-asg-sdp-test-us-east-1-cluster-20240305124031827900000003,us-east-1,us-east-1c,r5a.4xlarge,USD,$0.15,$970.00,"7,200",7,3,,,10,10,Autoscale,r6g.medium,5,11,$0.01,$928.53,96%,0,0,16,1,128,8,0,0,51926,sdp-test-us-east-1-cluster,rubix-asg-sdp-test-us-east-1-cluster-20240305124031827900000003,258,
AML,Endor,533252488284,test,533252488284:us-west-2:rubix-asg-sdp-test-us-west2-cluster-20241016215755418900000003,us-west-2,us-west-2c,r5a.4xlarge,USD,$0.15,"$1,845.00","13,680",6,1,,,19,19,Autoscale,m6g.medium,9,19,$0.01,"$1,794.23",97%,0,0,16,1,128,4,0,0,51926,sdp-test-us-west2-cluster,rubix-asg-sdp-test-us-west2-cluster-20241016215755418900000003,129,
AML,Endor,533252488284,test,533252488284:us-west-2:rubix-asg-sdp-test-usw2-20240304132718254300000003,us-west-2,us-west-2a,r5a.4xlarge,USD,$0.15,"$1,942.00","14,400",8,12,,,20,20,Autoscale,x2gd.medium,17,27,$0.01,"$1,741.51",90%,0,0,16,1,128,16,0,0,51926,sdp-test-usw2,rubix-asg-sdp-test-usw2-20240304132718254300000003,137,
AML,Endor,567574936887,cscassini_test,567574936887:us-west-2:rubix-asg-cassini-uat-west2-20211016080016302700000003,us-west-2,us-west-2b,m6i.2xlarge,USD,$0.07,$165.00,"2,885",11,26,,,4,8,Autoscale,x2gd.medium,1,6,$0.01,$141.03,85%,0,0,8,1,32,16,0,1,171817,cassini-uat-west2,rubix-asg-cassini-uat-west2-20211016080016302700000003,1801,
AML,Endor,567574936887,test,567574936887:us-west-2:rubix-asg-cassini-dev-west2-20240502211638487700000003,us-west-2,us-west-2a,m6i.2xlarge,USD,$0.07,$124.00,"2,163",6,9,,,3,6,Autoscale,r6g.medium,1,3,$0.01,$117.44,95%,0,0,8,1,32,8,0,0,104520,cassini-dev-west2,rubix-asg-cassini-dev-west2-20240502211638487700000003,2171,
AML,Endor,660495419288,cloudflow_prod,660495419288:us-east-1:rubix-asg-batch-prod-us-east1-cluster-20220113201327498200000003,us-east-1,us-east-1b,t3.2xlarge,USD,$0.06,$214.00,"4,038",12,12,,,6,6,Autoscale,t4g.micro,15,24,$0.00,$198.83,93%,0,0,3,0,32,1,0,0,61966,batch-prod-us-east1-cluster,rubix-asg-batch-prod-us-east1-cluster-20220113201327498200000003,1225,
AML,Endor,660495419288,cloudflow_prod,660495419288:us-west-2:rubix-asg-batch-prod-us-west2-cluster-20220113201418066400000003,us-west-2,us-west-2b,t3.2xlarge,USD,$0.06,$215.00,"4,038",45,17,,,6,6,Autoscale,t4g.small,13,22,$0.00,$186.56,87%,0,0,3,0,32,2,0,0,61966,batch-prod-us-west2-cluster,rubix-asg-batch-prod-us-west2-cluster-20220113201418066400000003,1370,
AML,Endor,706896476430,cloudflow_test,706896476430:us-east-1:rubix-asg-batch-test-us-east1-cluster-20220113203247946500000003,us-east-1,us-east-1b,t3.2xlarge,USD,$0.06,$215.00,"4,320",11,11,,,6,6,Autoscale,t4g.micro,16,22,$0.00,$196.04,91%,0,0,3,0,32,1,0,0,61966,batch-test-us-east1-cluster,rubix-asg-batch-test-us-east1-cluster-20220113203247946500000003,1183,
AML,Endor,706896476430,cloudflow_test,706896476430:us-west-2:rubix-asg-batch-test-us-west2-cluster-20220113203431634800000003,us-west-2,us-west-2b,t3.2xlarge,USD,$0.06,$286.00,"5,384",55,21,,,8,8,Autoscale,m4.large,4,8,$0.02,$233.79,82%,0,0,3,2,32,8,1,0,61966,batch-test-us-west2-cluster,rubix-asg-batch-test-us-west2-cluster-20220113203431634800000003,1058,
AML,Endor,734315938545,test,734315938545:us-west-2:rubix-asg-pismot-reg-ray-usw2-cluster-20250520005242571600000003,us-west-2,us-west-2a,r6i.2xlarge,USD,$0.09,$176.00,"2,413",11,7,,,3,5,Autoscale,r6g.medium,2,3,$0.01,$163.61,93%,0,0,8,1,64,8,0,0,31266,pismot-reg-ray-usw2-cluster,rubix-asg-pismot-reg-ray-usw2-cluster-20250520005242571600000003,1444,
AML,Endor,783922612094,dev,783922612094:us-west-2:rubix-asg-aml-endorllm02-prod-west-2-2023111521203261070000000b,us-west-2,us-west-2c,c6i.8xlarge,USD,$0.23,$438.00,"2,160",7,39,,,3,3,Autoscale,x2gd.medium,4,7,$0.01,$387.26,88%,0,0,32,1,64,16,0,0,172567,aml-endorllm02-prod-west-2,rubix-asg-aml-endorllm02-prod-west-2-2023111521203261070000000b,630,
AML,Endor,783922612094,dev,783922612094:us-west-2:rubix-asg-aml-endorllm02-prod-west-2-2023111521203261530000000c,us-west-2,us-west-2b,c6i.8xlarge,USD,$0.23,$438.00,"2,160",3,6,,,3,3,Autoscale,r6g.medium,2,3,$0.01,$425.49,97%,0,1,32,1,64,8,0,0,172567,aml-endorllm02-prod-west-2,rubix-asg-aml-endorllm02-prod-west-2-2023111521203261530000000c,572,
AML,Endor,783922612094,dev,783922612094:us-west-2:rubix-asg-aml-endorllm02-prod-west-2-2024032719350736390000000d,us-west-2,us-west-2c,inf2.24xlarge,USD,$2.60,"$17,975.00","7,391",4,9,,,5,14,Autoscale,x2gd.medium,10,41,$0.01,"$17,769.75",99%,0,0,96,1,384,16,0,0,172567,aml-endorllm02-prod-west-2,rubix-asg-aml-endorllm02-prod-west-2-2024032719350736390000000d,24,
AML,Endor,783922612094,dev,783922612094:us-west-2:rubix-asg-aml-endorllm02-prod-west-2-2024102205514249650000000f,us-west-2,us-west-2b,g5.48xlarge,USD,$6.52,"$8,222.00","1,440",1,2,,,2,2,No Action,g5.48xlarge,2,2,$2.77,$0.00,0%,0,99,192,192,768,768,1,1,172567,aml-endorllm02-prod-west-2,rubix-asg-aml-endorllm02-prod-west-2-2024102205514249650000000f,5817,
AML,Endor,783922612094,dev,783922612094:us-west-2:rubix-asg-aml-endorllm02-prod-west-2-2025012906083374290000000e,us-west-2,us-west-2c,p5en.48xlarge,USD,$25.32,"$7,797.00",486,30,5,,,1,2,No Action,p5en.48xlarge,1,2,$10.76,$0.00,0%,0,86,192,192,2048,2048,1,1,172567,aml-endorllm02-prod-west-2,rubix-asg-aml-endorllm02-prod-west-2-2025012906083374290000000e,5814,
AML,Endor,783922612094,dev,783922612094:us-west-2:rubix-asg-aml-endorllm02-prod-west-2-20231116204328864000000005,us-west-2,us-west-2c,p4de.24xlarge,USD,$11.38,"$287,054.00","29,027",6,7,,,38,45,No Action,p4de.24xlarge,38,45,$4.67,$0.00,0%,0,0,96,96,1152,1152,1,1,172567,aml-endorllm02-prod-west-2,rubix-asg-aml-endorllm02-prod-west-2-20231116204328864000000005,5821,
AML,Endor,783922612094,dev,783922612094:us-west-2:rubix-asg-aml-endorllm02-prod-west-2-20240301193040895900000009,us-west-2,us-west-2b,g5.12xlarge,USD,$2.27,"$11,324.00","5,697",4,12,,,7,9,No Action,g5.12xlarge,7,9,$0.96,$0.00,0%,0,0,48,48,192,192,1,1,172567,aml-endorllm02-prod-west-2,rubix-asg-aml-endorllm02-prod-west-2-20240301193040895900000009,5819,
AML,Endor,783922612094,dev,783922612094:us-west-2:rubix-asg-aml-endorllm02-prod-west-2-20240327194706053800000001,us-west-2,us-west-2c,c7i.16xlarge,USD,$0.49,"$2,013.00","5,042",7,43,,,3,12,Autoscale,x2gd.medium,6,36,$0.01,"$1,850.31",92%,0,0,64,1,128,16,0,0,172567,aml-endorllm02-prod-west-2,rubix-asg-aml-endorllm02-prod-west-2-20240327194706053800000001,107,
AML,Endor,783922612094,dev,783922612094:us-west-2:rubix-asg-aml-endorllm02-prod-west-2-20241022055142498300000010,us-west-2,us-west-2b,p4d.24xlarge,USD,$9.11,"$28,784.00","3,600",4,2,,,5,5,No Action,p4d.24xlarge,5,5,$3.73,$0.00,0%,0,0,96,96,1152,1152,1,1,172567,aml-endorllm02-prod-west-2,rubix-asg-aml-endorllm02-prod-west-2-20241022055142498300000010,5816,
AML,Endor,783922612094,dev,783922612094:us-west-2:rubix-asg-aml-endorllm02-prod-west-2-20241022055142500400000011,us-west-2,us-west-2c,p4de.24xlarge,USD,$11.40,"$125,739.00","12,529",4,3,,,17,18,No Action,p4de.24xlarge,17,18,$4.67,$0.00,0%,0,0,96,96,1152,1152,1,1,172567,aml-endorllm02-prod-west-2,rubix-asg-aml-endorllm02-prod-west-2-20241022055142500400000011,5815,
AML,Endor,783922612094,dev,783922612094:us-west-2:rubix-asg-aml-endorllm02-prod-west-2-20250307172002176300000012,us-west-2,us-west-2c,inf2.24xlarge,USD,$2.60,"$3,564.00","1,637",2,4,,,2,3,Autoscale,x2gd.medium,2,5,$0.01,"$3,533.39",99%,0,85,96,1,384,16,0,0,172567,aml-endorllm02-prod-west-2,rubix-asg-aml-endorllm02-prod-west-2-20250307172002176300000012,158,
AML,Endor,783922612094,prod,783922612094:us-east-1:rubix-asg-aml-endor02-prod-us-east-1-eks-20240131202258816100000006,us-east-1,us-east-1d,r6in.4xlarge,USD,$0.24,$956.00,"4,298",17,34,,,3,8,Autoscale,x2gd.medium,2,22,$0.01,$810.58,85%,0,0,16,1,128,16,0,0,endor,aml-endor02-prod-us-east-1-eks,rubix-asg-aml-endor02-prod-us-east-1-eks-20240131202258816100000006,328,
AML,Endor,783922612094,prod,783922612094:us-east-1:rubix-asg-aml-endor02-prod-us-east-1-eks-20240131202258820700000007,us-east-1,us-east-1d,m6i.4xlarge,USD,$0.13,$415.00,"3,629",14,25,,,3,9,Autoscale,r6g.medium,4,13,$0.01,$379.97,91%,0,0,16,1,64,8,0,0,endor,aml-endor02-prod-us-east-1-eks,rubix-asg-aml-endor02-prod-us-east-1-eks-20240131202258820700000007,650,
AML,Endor,783922612094,prod,783922612094:us-east-1:rubix-asg-aml-endor02-prod-us-east-1-eks-20240416093259048700000008,us-east-1,us-east-1b,m6a.8xlarge,USD,$0.24,$884.00,"4,644",25,51,,,4,10,Autoscale,r6g.xlarge,7,21,$0.03,$572.23,65%,0,0,32,4,128,32,0,0,endor,aml-endor02-prod-us-east-1-eks,rubix-asg-aml-endor02-prod-us-east-1-eks-20240416093259048700000008,356,
AML,Endor,783922612094,prod,783922612094:us-east-1:rubix-asg-aml-endor02-prod-us-east-1-eks-20240418105800680000000005,us-east-1,us-east-1c,m6i.2xlarge,USD,$0.07,$85.00,"1,488",22,27,,,2,3,Autoscale,r6g.medium,2,6,$0.01,$70.28,82%,0,0,8,1,32,8,0,0,aml_endor,aml-endor02-prod-us-east-1-eks,rubix-asg-aml-endor02-prod-us-east-1-eks-20240418105800680000000005,2923,
AML,Endor,783922612094,prod,783922612094:us-east-1:rubix-asg-aml-endor02-prod-us-east-1-eks-20240418105800684200000006,us-east-1,us-east-1d,m6a.4xlarge,USD,$0.12,$297.00,"2,880",9,16,,,4,4,Autoscale,r6g.medium,4,6,$0.01,$266.13,90%,0,0,16,1,64,8,0,0,endor,aml-endor02-prod-us-east-1-eks,rubix-asg-aml-endor02-prod-us-east-1-eks-20240418105800684200000006,854,
AML,Endor,783922612094,prod,783922612094:us-east-1:rubix-asg-aml-endor02-prod-us-east-1-eks-20250116111943897200000008,us-east-1,us-east-1d,m6i.4xlarge,USD,$0.13,"$1,732.00","15,120",3,3,,,21,21,Autoscale,r6g.medium,6,10,$0.01,"$1,692.04",98%,0,0,16,1,64,8,0,0,endor,aml-endor02-prod-us-east-1-eks,rubix-asg-aml-endor02-prod-us-east-1-eks-20250116111943897200000008,139,
AML,Endor,783922612094,prod,783922612094:us-east-1:rubix-asg-aml-endor02-prod-us-east-1-eks-20250313165904979300000009,us-east-1,us-east-1f,m6a.8xlarge,USD,$0.24,$594.00,"2,880",17,29,,,4,4,Autoscale,r6g.large,4,12,$0.02,$491.68,83%,0,0,32,2,128,16,0,0,endor,aml-endor02-prod-us-east-1-eks,rubix-asg-aml-endor02-prod-us-east-1-eks-20250313165904979300000009,487,
AML,Endor,783922612094,prod,783922612094:us-east-1:rubix-asg-aml-endor02-prod-us-east-1-eks-20250321133523551200000001,us-east-1,us-east-1c,m8g.large,USD,$0.02,$19.00,"1,440",23,12,,,2,2,Autoscale,c6g.medium,1,1,$0.01,$15.12,78%,0,0,2,1,8,2,1,0,endor,aml-endor02-prod-us-east-1-eks,rubix-asg-aml-endor02-prod-us-east-1-eks-20250321133523551200000001,4792,
AML,Endor,783922612094,prod,783922612094:us-east-1:rubix-asg-aml-endorllm02-prod-east-1-2024032800274259230000000c,us-east-1,us-east-1d,inf1.6xlarge,USD,$0.47,$298.00,720,4,9,,,1,1,Autoscale,r6g.medium,1,2,$0.01,$292.08,98%,0,68,24,1,48,8,0,0,172567,aml-endorllm02-prod-east-1,rubix-asg-aml-endorllm02-prod-east-1-2024032800274259230000000c,2147,
AML,Endor,783922612094,prod,783922612094:us-east-1:rubix-asg-aml-endorllm02-prod-east-1-2024032800274259250000000d,us-east-1,us-east-1f,inf2.24xlarge,USD,$2.60,"$1,844.00",928,6,14,,,1,3,Autoscale,x2gd.medium,1,11,$0.01,"$1,827.00",99%,0,95,96,1,384,16,0,0,172567,aml-endorllm02-prod-east-1,rubix-asg-aml-endorllm02-prod-east-1-2024032800274259250000000d,277,
AML,Endor,783922612094,prod,783922612094:us-east-1:rubix-asg-aml-endorllm02-prod-east-1-2024032800274260270000000e,us-east-1,us-east-1b,c7i.16xlarge,USD,$0.49,$919.00,"2,160",2,6,,,3,3,Autoscale,r6g.medium,3,3,$0.01,$900.58,98%,0,13,64,1,128,8,0,0,172567,aml-endorllm02-prod-east-1,rubix-asg-aml-endorllm02-prod-east-1-2024032800274260270000000e,264,
AML,Endor,783922612094,prod,783922612094:us-east-1:rubix-asg-aml-endorllm02-prod-east-1-2024102920443329110000000c,us-east-1,us-east-1b,g6e.48xlarge,USD,$12.05,"$7,617.00",720,5,4,,,1,1,No Action,g6e.48xlarge,1,1,$5.12,$0.00,0%,0,100,192,192,1536,1536,1,1,172567,aml-endorllm02-prod-east-1,rubix-asg-aml-endorllm02-prod-east-1-2024102920443329110000000c,5832,
AML,Endor,783922612094,prod,783922612094:us-east-1:rubix-asg-aml-endorllm02-prod-east-1-2024102920443329870000000d,us-east-1,us-east-1c,p4de.24xlarge,USD,$11.39,"$64,701.00","6,480",3,3,,,9,9,No Action,p4de.24xlarge,9,9,$4.67,$0.00,0%,0,0,96,96,1152,1152,1,1,172567,aml-endorllm02-prod-east-1,rubix-asg-aml-endorllm02-prod-east-1-2024102920443329870000000d,5831,
AML,Endor,783922612094,prod,783922612094:us-east-1:rubix-asg-aml-endorllm02-prod-east-1-2024110802110775030000000e,us-east-1,us-east-1b,p4d.24xlarge,USD,$9.11,"$17,273.00","2,160",5,3,,,3,3,No Action,p4d.24xlarge,3,3,$3.73,$0.00,0%,0,16,96,96,1152,1152,1,1,172567,aml-endorllm02-prod-east-1,rubix-asg-aml-endorllm02-prod-east-1-2024110802110775030000000e,5830,
AML,Endor,783922612094,prod,783922612094:us-east-1:rubix-asg-aml-endorllm02-prod-east-1-2024110802110775170000000f,us-east-1,us-east-1d,g5.48xlarge,USD,$6.52,"$4,118.00",720,1,2,,,1,1,No Action,g5.48xlarge,1,1,$2.77,$0.00,0%,0,100,192,192,768,768,1,1,172567,aml-endorllm02-prod-east-1,rubix-asg-aml-endorllm02-prod-east-1-2024110802110775170000000f,5829,
AML,Endor,783922612094,prod,783922612094:us-east-1:rubix-asg-aml-endorllm02-prod-east-1-2024120418370006280000000e,us-east-1,us-east-1d,p4de.24xlarge,USD,$11.39,"$43,134.00","4,320",3,2,,,6,6,No Action,p4de.24xlarge,6,6,$4.67,$0.00,0%,0,0,96,96,1152,1152,1,1,172567,aml-endorllm02-prod-east-1,rubix-asg-aml-endorllm02-prod-east-1-2024120418370006280000000e,5828,
AML,Endor,783922612094,prod,783922612094:us-east-1:rubix-asg-aml-endorllm02-prod-east-1-2025062415253470790000000f,us-east-1,us-east-1f,inf2.24xlarge,USD,$2.60,$85.00,210,4,4,,,2,2,Autoscale,x2gd.medium,2,7,$0.01,$81.49,96%,0,98,96,1,384,16,0,0,172567,aml-endorllm02-prod-east-1,rubix-asg-aml-endorllm02-prod-east-1-2025062415253470790000000f,1173,
AML,Endor,783922612094,prod,783922612094:us-east-1:rubix-asg-aml-endorllm02-prod-east-1-20231123205116466200000005,us-east-1,us-east-1d,c6i.8xlarge,USD,$0.23,$438.00,"2,163",4,25,,,3,6,Autoscale,x2gd.medium,3,8,$0.01,$406.68,93%,0,0,32,1,64,16,0,0,172567,aml-endorllm02-prod-east-1,rubix-asg-aml-endorllm02-prod-east-1-20231123205116466200000005,604,
AML,Endor,783922612094,prod,783922612094:us-east-1:rubix-asg-aml-endorllm02-prod-east-1-20231123205116476500000006,us-east-1,us-east-1d,c6i.8xlarge,USD,$0.23,$438.00,"2,160",2,4,,,3,3,Autoscale,r6g.medium,1,3,$0.01,$429.54,98%,0,12,32,1,64,8,0,0,172567,aml-endorllm02-prod-east-1,rubix-asg-aml-endorllm02-prod-east-1-20231123205116476500000006,561,
AML,Endor,783922612094,prod,783922612094:us-east-1:rubix-asg-aml-endorllm02-prod-east-1-20240301191457442100000008,us-east-1,us-east-1c,g5.12xlarge,USD,$2.27,"$1,811.00",888,5,13,0,0,1,2,Autoscale,d3.xlarge,1,2,$0.08,"$1,750.10",97%,0,0,48,4,192,32,0,0,172567,aml-endorllm02-prod-east-1,rubix-asg-aml-endorllm02-prod-east-1-20240301191457442100000008,352,
AML,Endor,783922612094,prod,783922612094:us-east-1:rubix-asg-aml-endorllm02-prod-east-1-20240301191457447100000009,us-east-1,us-east-1c,c5d.12xlarge,USD,$0.39,$495.00,"1,448",3,14,,,2,7,Autoscale,h1.2xlarge,1,2,$0.08,$437.93,88%,0,0,48,8,96,32,0,0,172567,aml-endorllm02-prod-east-1,rubix-asg-aml-endorllm02-prod-east-1-20240301191457447100000009,532,
AML,Endor,783922612094,prod,783922612094:us-west-2:eks-shuriv2-byor-prod-usw2-general-6ccbb028-7402-c824-5a25-a516d4b45171,us-west-2,us-west-2b,c7i.24xlarge,USD,$0.73,$710.00,"1,242",1,3,,,3,3,Autoscale,r6g.medium,3,5,$0.01,$698.88,98%,0,29,96,1,192,8,0,0,172567,aml2094-shuriv2-byor-prod-usw2,eks-shuriv2-byor-prod-usw2-general-6ccbb028-7402-c824-5a25-a516d4b45171,323,
AML,Endor,783922612094,prod,783922612094:us-west-2:eks-shuriv2-byor-prod-usw2-platform-66cbb028-73df-014e-7361-9e2bb3c7120f,us-west-2,us-west-2b,c7i.24xlarge,USD,$0.73,$473.00,828,2,3,,,2,2,Autoscale,r6g.medium,1,4,$0.01,$467.26,99%,0,96,96,1,192,8,0,0,172567,aml2094-shuriv2-byor-prod-usw2,eks-shuriv2-byor-prod-usw2-platform-66cbb028-73df-014e-7361-9e2bb3c7120f,457,
AML,Endor,783922612094,prod,783922612094:us-west-2:eks-shuriv2-shared-prod-usw2-general-bccb4947-2f51-6050-b161-882e77d707ad,us-west-2,us-west-2b,c7i.24xlarge,USD,$0.73,"$1,381.00","2,160",1,4,,,3,3,Autoscale,r6g.medium,3,4,$0.01,"$1,362.02",99%,0,0,96,1,192,8,0,0,172567,aml2094-shuriv2-shared-prod-usw2,eks-shuriv2-shared-prod-usw2-general-bccb4947-2f51-6050-b161-882e77d707ad,183,
AML,Endor,783922612094,prod,783922612094:us-west-2:eks-shuriv2-shared-prod-usw2-platform-f0cb4947-2f4f-3b77-b8d1-11ba3845aba9,us-west-2,us-west-2b,c7i.24xlarge,USD,$0.73,$920.00,"1,440",2,4,,,2,2,Autoscale,r6g.medium,2,4,$0.01,$908.01,99%,0,100,96,1,192,8,0,0,172567,aml2094-shuriv2-shared-prod-usw2,eks-shuriv2-shared-prod-usw2-platform-f0cb4947-2f4f-3b77-b8d1-11ba3845aba9,262,
AML,Endor,783922612094,prod,783922612094:us-west-2:rubix-asg-aml-endor02-prod-us-west-eks-2025031318170353600000000a,us-west-2,us-west-2a,m6a.8xlarge,USD,$0.24,"$3,748.00","18,193",61,40,,,25,43,Autoscale,r6g.xlarge,16,138,$0.03,"$3,109.27",83%,0,0,32,4,128,32,0,0,endor,aml-endor02-prod-us-west-eks,rubix-asg-aml-endor02-prod-us-west-eks-2025031318170353600000000a,63,
AML,Endor,783922612094,prod,783922612094:us-west-2:rubix-asg-aml-endor02-prod-us-west-eks-20240130203037467200000004,us-west-2,us-west-2c,r6in.4xlarge,USD,$0.24,$749.00,"3,600",26,16,,,5,5,Autoscale,r6g.large,4,11,$0.02,$682.17,91%,0,0,16,2,128,16,0,0,endor,aml-endor02-prod-us-west-eks,rubix-asg-aml-endor02-prod-us-west-eks-20240130203037467200000004,354,
AML,Endor,783922612094,prod,783922612094:us-west-2:rubix-asg-aml-endor02-prod-us-west-eks-20240205173009643200000005,us-west-2,us-west-2b,m6a.8xlarge,USD,$0.24,"$4,829.00","23,623",44,55,,,30,41,Autoscale,r6g.xlarge,50,142,$0.03,"$3,388.50",70%,0,0,32,4,128,32,0,0,endor,aml-endor02-prod-us-west-eks,rubix-asg-aml-endor02-prod-us-west-eks-20240205173009643200000005,52,
AML,Endor,783922612094,prod,783922612094:us-west-2:rubix-asg-aml-endor02-prod-us-west-eks-20240205175643935900000004,us-west-2,us-west-2a,m6i.4xlarge,USD,$0.13,"$1,894.00","16,457",12,14,,,22,25,Autoscale,x2gd.medium,11,49,$0.01,"$1,766.11",93%,0,0,16,1,64,16,0,0,endor,aml-endor02-prod-us-west-eks,rubix-asg-aml-endor02-prod-us-west-eks-20240205175643935900000004,136,
AML,Endor,783922612094,prod,783922612094:us-west-2:rubix-asg-aml-endor02-prod-us-west-eks-20240416220643327200000003,us-west-2,us-west-2a,m6i.2xlarge,USD,$0.07,$351.00,"6,272",22,27,,,8,16,Autoscale,x2gd.medium,4,25,$0.01,$302.28,86%,0,0,8,1,32,16,0,1,aml_endor,aml-endor02-prod-us-west-eks,rubix-asg-aml-endor02-prod-us-west-eks-20240416220643327200000003,770,
AML,Endor,783922612094,prod,783922612094:us-west-2:rubix-asg-aml-endor02-prod-us-west-eks-20240418052955570600000001,us-west-2,us-west-2b,m6a.8xlarge,USD,$0.24,$462.00,"2,258",70,48,,,3,10,Autoscale,r6g.2xlarge,1,29,$0.07,$354.57,77%,0,0,32,8,128,64,0,1,endor,aml-endor02-prod-us-west-eks,rubix-asg-aml-endor02-prod-us-west-eks-20240418052955570600000001,672,
AML,Endor,783922612094,prod,783922612094:us-west-2:rubix-asg-aml-endor02-prod-us-west-eks-20240629023031289300000008,us-west-2,us-west-2a,m6i.12xlarge,USD,$0.39,"$4,187.00","12,198",42,41,,,16,20,Autoscale,x2gd.2xlarge,5,43,$0.11,"$3,418.00",82%,0,0,48,8,192,128,0,1,endor,aml-endor02-prod-us-west-eks,rubix-asg-aml-endor02-prod-us-west-eks-20240629023031289300000008,54,
AML,Endor,783922612094,prod,783922612094:us-west-2:rubix-asg-aml-endor02-prod-us-west-eks-20250211205126059300000009,us-west-2,us-west-2c,m8g.large,USD,$0.02,$19.00,"1,440",25,27,,,2,2,Autoscale,r6g.medium,1,2,$0.01,$13.10,68%,0,0,2,1,8,8,1,1,endor,aml-endor02-prod-us-west-eks,rubix-asg-aml-endor02-prod-us-west-eks-20250211205126059300000009,4875,
AML,Endor,783922612094,prod,783922612094:us-west-2:rubix-asg-test-cluster-2-20250405154455483700000005,us-west-2,us-west-2c,p4de.24xlarge,USD,$11.39,"$7,196.00",720,12,6,,,1,1,No Action,p4de.24xlarge,1,1,$4.67,$0.00,0%,0,60,96,96,1152,1152,1,1,202882,test-cluster-2,rubix-asg-test-cluster-2-20250405154455483700000005,5813,
AML,Endor,783922612094,prod,783922612094:us-west-2:rubix-asg-test-cluster-2-20250405154455484700000006,us-west-2,us-west-2a,c6i.8xlarge,USD,$0.23,$146.00,720,2,4,,,1,1,Autoscale,m6g.medium,1,1,$0.01,$141.35,97%,0,96,32,1,64,4,0,0,202882,test-cluster-2,rubix-asg-test-cluster-2-20250405154455484700000006,1852,
AML,Endor,783922612094,prod,783922612094:us-west-2:rubix-asg-test-cluster-3-20250416040805193300000003,us-west-2,us-west-2c,c6i.8xlarge,USD,$0.23,$146.00,720,2,6,,,1,1,Autoscale,m6g.medium,1,1,$0.01,$141.41,97%,0,94,32,1,64,4,0,0,202882,test-cluster-3,rubix-asg-test-cluster-3-20250416040805193300000003,1851,
AML,Endor,783922612094,prod,783922612094:us-west-2:rubix-asg-test-cluster-3-20250508171516367800000003,us-west-2,us-west-2a,p4d.24xlarge,USD,$9.26,"$4,021.00",436,37,4,,,1,2,No Action,p4d.24xlarge,1,2,$3.73,$0.00,0%,0,100,96,96,1152,1152,1,1,202882,test-cluster-3,rubix-asg-test-cluster-3-20250508171516367800000003,5809,
AML,Endor,783922612094,prod,783922612094:us-west-2:rubix-asg-test-cluster-3-20250521200107888800000005,us-west-2,us-west-2b,inf2.24xlarge,USD,$2.60,"$1,641.00",720,2,2,,,1,1,Autoscale,r6g.medium,1,3,$0.01,"$1,634.62",100%,0,100,96,1,384,8,0,0,202882,test-cluster-3,rubix-asg-test-cluster-3-20250521200107888800000005,353,
AML,Endor,783922612094,prod,783922612094:us-west-2:rubix-asg-test-cluster-3-20250616210026207300000008,us-west-2,us-west-2b,p4d.24xlarge,USD,$8.78,$45.00,6,2,5,,,1,1,No Action,p4d.24xlarge,1,1,$3.73,$0.00,0%,0,100,96,96,1152,1152,1,1,202882,test-cluster-3,rubix-asg-test-cluster-3-20250616210026207300000008,5807,
AML,Endor,783922612094,prod,783922612094:us-west-2:rubix-asg-test-cluster-3-20250616210026214500000009,us-west-2,us-west-2c,p4d.24xlarge,USD,$8.78,$45.00,6,4,9,,,1,1,No Action,p4d.24xlarge,1,1,$3.73,$0.00,0%,0,50,96,96,1152,1152,1,1,202882,test-cluster-3,rubix-asg-test-cluster-3-20250616210026214500000009,5806,
AML,Endor,783922612094,prod,783922612094:us-west-2:rubix-asg-test-cluster-3-20250617004106071100000005,us-west-2,us-west-2c,p4d.24xlarge,USD,$8.78,$997.00,204,4,0,,,1,1,No Action,p4d.24xlarge,1,1,$3.73,$0.00,0%,0,100,96,96,1152,1152,1,1,202882,test-cluster-3,rubix-asg-test-cluster-3-20250617004106071100000005,5805,
AML,Endor,848639457882,cloudflow_dev,848639457882:us-west-2:rubix-asg-batch-dev-us-west2-cluster-20220113202349133900000003,us-west-2,us-west-2c,t3.2xlarge,USD,$0.06,$107.00,"2,161",28,22,,,3,4,Autoscale,t4g.small,8,11,$0.00,$88.56,83%,0,0,3,0,32,2,0,0,61966,batch-dev-us-west2-cluster,rubix-asg-batch-dev-us-west2-cluster-20220113202349133900000003,2484,
AML,Endor,905418161567,dev,905418161567:us-west-2:eks-shuriv2-byor-dev-usw2-general-8ecb9e47-9693-7249-a6ea-a52580cc70f4,us-west-2,us-west-2b,c7i.24xlarge,USD,$0.73,"$1,075.00","1,744",2,4,,,3,6,Autoscale,r6g.medium,3,8,$0.01,"$1,059.07",99%,0,0,96,1,192,8,0,0,172567,aml1567-shuriv2-byor-dev-usw2,eks-shuriv2-byor-dev-usw2-general-8ecb9e47-9693-7249-a6ea-a52580cc70f4,230,
AML,Endor,905418161567,dev,905418161567:us-west-2:eks-shuriv2-byor-dev-usw2-platform-bacb9e47-9689-c475-9dfe-c2834e4ccd0f,us-west-2,us-west-2b,c7i.24xlarge,USD,$0.73,$717.00,"1,163",3,4,,,2,5,Autoscale,x2gd.medium,1,6,$0.01,$707.36,99%,0,96,96,1,192,16,0,0,172567,aml1567-shuriv2-byor-dev-usw2,eks-shuriv2-byor-dev-usw2-platform-bacb9e47-9689-c475-9dfe-c2834e4ccd0f,334,
AML,Endor,905418161567,dev,905418161567:us-west-2:rubix-asg-aml1567-solutions-search-dev-usw2-20250327120825020400000005,us-west-2,us-west-2c,c7a.8xlarge,USD,$0.28,$198.00,799,15,68,,,1,2,Autoscale,r6g.medium,4,8,$0.01,$166.54,84%,0,0,32,1,64,8,0,0,aml-search,aml1567-solutions-search-dev-usw2,rubix-asg-aml1567-solutions-search-dev-usw2-20250327120825020400000005,1484,
AML,Endor,905418161567,dev,905418161567:us-west-2:rubix-asg-aml1567-solutions-search-dev-usw2-20250327120825020800000006,us-west-2,us-west-2b,c7a.8xlarge,USD,$0.28,$353.00,"1,440",5,19,,,2,2,Autoscale,r6g.medium,3,4,$0.01,$334.36,95%,0,7,32,1,64,8,0,0,aml-search,aml1567-solutions-search-dev-usw2,rubix-asg-aml1567-solutions-search-dev-usw2-20250327120825020800000006,751,
AML,Endor,905418161567,dev,905418161567:us-west-2:rubix-asg-aml-endor-dev-aws-us-west2-eks-2025042210145609250000001a,us-west-2,us-west-2c,m7a.8xlarge,USD,$0.32,$400.00,"1,453",12,36,,,2,8,Autoscale,x2gd.medium,1,11,$0.01,$352.72,88%,0,0,32,1,128,16,0,0,endor,aml-endor-dev-aws-us-west2-eks,rubix-asg-aml-endor-dev-aws-us-west2-eks-2025042210145609250000001a,704,
AML,Endor,905418161567,dev,905418161567:us-west-2:rubix-asg-aml-endor-dev-aws-us-west2-eks-2025042210145610490000001b,us-west-2,us-west-2c,m7a.8xlarge,USD,$0.32,$399.00,"1,442",8,21,,,2,3,Autoscale,r6g.medium,4,7,$0.01,$363.31,91%,0,0,32,1,128,8,0,0,endor,aml-endor-dev-aws-us-west2-eks,rubix-asg-aml-endor-dev-aws-us-west2-eks-2025042210145610490000001b,677,
AML,Endor,905418161567,dev,905418161567:us-west-2:rubix-asg-aml-endor-dev-aws-us-west2-eks-2025042210145670670000001c,us-west-2,us-west-2c,m7a.12xlarge,USD,$0.47,$903.00,"2,201",74,27,,,3,16,Autoscale,r6g.xlarge,1,41,$0.03,$833.44,92%,0,6,48,4,192,32,0,0,endor,aml-endor-dev-aws-us-west2-eks,rubix-asg-aml-endor-dev-aws-us-west2-eks-2025042210145670670000001c,301,
AML,Endor,905418161567,dev,905418161567:us-west-2:rubix-asg-aml-endor-dev-aws-us-west2-eks-2025042210145674240000001d,us-west-2,us-west-2c,m7a.8xlarge,USD,$0.32,$399.00,"1,442",13,19,,,2,3,Autoscale,r6g.medium,4,9,$0.01,$369.93,93%,0,0,32,1,128,8,0,0,endor,aml-endor-dev-aws-us-west2-eks,rubix-asg-aml-endor-dev-aws-us-west2-eks-2025042210145674240000001d,665,
AML,Endor,905418161567,dev,905418161567:us-west-2:rubix-asg-aml-endor-dev-aws-us-west2-eks-2025060318205411190000001a,us-west-2,us-west-2c,m8g.8xlarge,USD,$0.24,$253.00,"1,212",3,2,,,2,2,Autoscale,m6g.medium,1,3,$0.01,$248.58,98%,0,85,32,1,128,4,0,0,endor,aml-endor-dev-aws-us-west2-eks,rubix-asg-aml-endor-dev-aws-us-west2-eks-2025060318205411190000001a,908,
AML,Endor,905418161567,dev,905418161567:us-west-2:rubix-asg-aml-endor-dev-aws-us-west2-eks-2025060318205411700000001b,us-west-2,us-west-2d,m8g.8xlarge,USD,$0.24,$315.00,"1,731",6,13,,,1,5,Autoscale,r6g.medium,1,5,$0.01,$302.50,96%,0,47,32,1,128,8,0,0,endor,aml-endor-dev-aws-us-west2-eks,rubix-asg-aml-endor-dev-aws-us-west2-eks-2025060318205411700000001b,707,
AML,Endor,905418161567,dev,905418161567:us-west-2:rubix-asg-aml-endor-dev-aws-us-west2-eks-2025060318205450500000001c,us-west-2,us-west-2d,m8g.8xlarge,USD,$0.24,$253.00,"1,212",3,1,,,2,2,Autoscale,m6g.medium,1,2,$0.01,$248.74,98%,0,81,32,1,128,4,0,0,endor,aml-endor-dev-aws-us-west2-eks,rubix-asg-aml-endor-dev-aws-us-west2-eks-2025060318205450500000001c,906,
AML,Endor,905418161567,dev,905418161567:us-west-2:rubix-asg-aml-endor-dev-aws-us-west2-eks-2025060318205451430000001d,us-west-2,us-west-2b,m8g.8xlarge,USD,$0.24,$253.00,"1,212",2,4,,,2,2,Autoscale,r6g.medium,1,2,$0.01,$247.19,98%,0,75,32,1,128,8,0,0,endor,aml-endor-dev-aws-us-west2-eks,rubix-asg-aml-endor-dev-aws-us-west2-eks-2025060318205451430000001d,913,
AML,Endor,905418161567,dev,905418161567:us-west-2:rubix-asg-aml-endor-dev-aws-us-west2-eks-20250206195332511100000009,us-west-2,us-west-2d,m8g.large,USD,$0.02,$10.00,720,21,13,,,1,1,Autoscale,c6g.medium,1,1,$0.01,$5.44,57%,0,44,2,1,8,2,1,0,endor,aml-endor-dev-aws-us-west2-eks,rubix-asg-aml-endor-dev-aws-us-west2-eks-20250206195332511100000009,5325,
AML,Endor,905418161567,dev,905418161567:us-west-2:rubix-asg-aml-endor-dev-aws-us-west2-eks-20250422101456067600000017,us-west-2,us-west-2b,m7a.8xlarge,USD,$0.32,$797.00,"2,882",6,21,,,4,5,Autoscale,x2gd.medium,6,9,$0.01,$731.14,92%,0,0,32,1,128,16,0,0,endor,aml-endor-dev-aws-us-west2-eks,rubix-asg-aml-endor-dev-aws-us-west2-eks-20250422101456067600000017,333,
AML,Endor,905418161567,dev,905418161567:us-west-2:rubix-asg-aml-endor-dev-aws-us-west2-eks-20250422101456070500000018,us-west-2,us-west-2c,r6in.2xlarge,USD,$0.12,$300.00,"2,880",28,30,,,4,4,Autoscale,x2gd.medium,4,9,$0.01,$254.26,85%,0,0,8,1,64,16,0,0,endor,aml-endor-dev-aws-us-west2-eks,rubix-asg-aml-endor-dev-aws-us-west2-eks-20250422101456070500000018,871,
AML,Endor,905418161567,dev,905418161567:us-west-2:rubix-asg-aml-endor-dev-aws-us-west2-eks-20250422101456090500000019,us-west-2,us-west-2d,m7a.8xlarge,USD,$0.32,$398.00,"1,440",12,26,,,2,2,Autoscale,x2gd.medium,2,8,$0.01,$372.15,93%,0,0,32,1,128,16,0,0,endor,aml-endor-dev-aws-us-west2-eks,rubix-asg-aml-endor-dev-aws-us-west2-eks-20250422101456090500000019,659,
AML,Endor,905418161567,dev,905418161567:us-west-2:rubix-asg-aml-endor-dev-aws-us-west2-eks-20250603182054091600000017,us-west-2,us-west-2b,r7g.2xlarge,USD,$0.07,$75.00,"1,212",5,1,,,2,2,Autoscale,c6g.medium,1,1,$0.01,$71.83,95%,0,11,8,1,64,2,0,0,endor,aml-endor-dev-aws-us-west2-eks,rubix-asg-aml-endor-dev-aws-us-west2-eks-20250603182054091600000017,2810,
AML,Endor,905418161567,dev,905418161567:us-west-2:rubix-asg-aml-endor-dev-aws-us-west2-eks-20250603182054094800000018,us-west-2,us-west-2d,m8g.8xlarge,USD,$0.24,$253.00,"1,212",4,15,,,2,2,Autoscale,r6g.medium,1,5,$0.01,$231.77,92%,0,66,32,1,128,8,0,0,endor,aml-endor-dev-aws-us-west2-eks,rubix-asg-aml-endor-dev-aws-us-west2-eks-20250603182054094800000018,992,
AML,Endor,905418161567,dev,905418161567:us-west-2:rubix-asg-aml-endor-dev-aws-us-west2-eks-20250603182325786100000001,us-west-2,us-west-2b,m8g.12xlarge,USD,$0.37,$569.00,"1,818",2,2,,,3,3,Autoscale,r6g.medium,2,4,$0.01,$558.05,98%,0,59,48,1,192,8,0,0,endor,aml-endor-dev-aws-us-west2-eks,rubix-asg-aml-endor-dev-aws-us-west2-eks-20250603182325786100000001,411,
AML,Endor,905418161567,dev,905418161567:us-west-2:rubix-asg-aml-endor-dev-aws-us-west2-eks-20250617045932308600000003,us-west-2,us-west-2b,m8g.8xlarge,USD,$0.24,$48.00,283,20,13,,,1,1,Autoscale,r6g.large,1,4,$0.02,$41.51,87%,0,64,32,2,128,16,0,0,endor,aml-endor-dev-aws-us-west2-eks,rubix-asg-aml-endor-dev-aws-us-west2-eks-20250617045932308600000003,3157,
AML,Endor,905418161567,dev,905418161567:us-west-2:rubix-asg-aml-endor-dev-west2-ainext-parser-20250318171043991600000003,us-west-2,us-west-2b,(multiple),USD,$0.20,$371.00,"2,160",13,25,,,3,3,Autoscale,r6g.medium,10,11,$0.01,$309.34,83%,0,0,32,1,128,8,0,0,endor,aml-endor-dev-west2-ainext-parser,rubix-asg-aml-endor-dev-west2-ainext-parser-20250318171043991600000003,771,
AML,Endor,905418161567,qa,905418161567:us-west-2:rubix-asg-aml1567-solutions-search-qa-usw2-20250526090508477600000005,us-west-2,us-west-2c,c7a.4xlarge,USD,$0.14,$177.00,"1,443",6,32,,,2,3,Autoscale,r6g.medium,1,3,$0.01,$165.10,94%,0,17,16,1,32,8,0,0,aml-search,aml1567-solutions-search-qa-usw2,rubix-asg-aml1567-solutions-search-qa-usw2-20250526090508477600000005,1497,
AML,Endor,905418161567,qa,905418161567:us-west-2:rubix-asg-aml1567-solutions-search-qa-usw2-20250526090508480300000006,us-west-2,us-west-2d,c7a.4xlarge,USD,$0.14,$90.00,772,30,92,,,1,5,Autoscale,r6g.medium,1,13,$0.01,$76.71,85%,0,45,16,1,32,8,0,0,aml-search,aml1567-solutions-search-qa-usw2,rubix-asg-aml1567-solutions-search-qa-usw2-20250526090508480300000006,2680,
AML,Endor,929321845294,prod,929321845294:us-east-1:rubix-asg-sdp-prod-us-east-1-cluster-20220312080654637700000007,us-east-1,us-east-1b,r5a.4xlarge,USD,$0.15,$200.00,"1,504",11,16,,,2,5,Autoscale,x2gd.medium,3,8,$0.01,$168.42,84%,0,0,16,1,128,16,0,0,51926,sdp-prod-us-east-1-cluster,rubix-asg-sdp-prod-us-east-1-cluster-20220312080654637700000007,1373,
AML,Endor,929321845294,prod,929321845294:us-east-1:rubix-asg-sdp-prod-us-east-1-cluster-20220312080654638900000008,us-east-1,us-east-1c,r5a.4xlarge,USD,$0.15,$100.00,765,13,13,,,1,5,Autoscale,r6g.medium,2,9,$0.01,$87.24,87%,0,0,16,1,128,8,0,0,51926,sdp-prod-us-east-1-cluster,rubix-asg-sdp-prod-us-east-1-cluster-20220312080654638900000008,2478,
AML,Endor,929321845294,prod,929321845294:us-east-1:rubix-asg-sdp-prod-us-east-1-cluster-20220312080654641400000009,us-east-1,us-east-1a,r5a.4xlarge,USD,$0.15,$109.00,826,13,11,,,1,5,Autoscale,x2gd.medium,1,11,$0.01,$96.60,88%,0,15,16,1,128,16,0,0,51926,sdp-prod-us-east-1-cluster,rubix-asg-sdp-prod-us-east-1-cluster-20220312080654641400000009,2388,
AML,Endor,929321845294,prod,929321845294:us-west-2:rubix-asg-sdp-prod-us-west-2-cluster-20220313064438586200000007,us-west-2,us-west-2b,r5a.4xlarge,USD,$0.15,$971.00,"7,200",12,10,,,10,10,Autoscale,x2gd.medium,7,19,$0.01,$882.51,91%,0,0,16,1,128,16,0,0,51926,sdp-prod-us-west-2-cluster,rubix-asg-sdp-prod-us-west-2-cluster-20220313064438586200000007,269,
AML,Endor,929321845294,prod,929321845294:us-west-2:rubix-asg-sdp-prod-us-west-2-cluster-20220313064438586500000008,us-west-2,us-west-2a,r5a.4xlarge,USD,$0.15,$582.00,"4,321",10,16,,,6,7,Autoscale,x2gd.medium,6,10,$0.01,$510.67,88%,0,0,16,1,128,16,0,0,51926,sdp-prod-us-west-2-cluster,rubix-asg-sdp-prod-us-west-2-cluster-20220313064438586500000008,469,
AML,Endor,929321845294,prod,929321845294:us-west-2:rubix-asg-sdp-prod-us-west-2-cluster-20220313064438591800000009,us-west-2,us-west-2c,r5a.4xlarge,USD,$0.15,$971.00,"7,200",12,11,,,10,10,Autoscale,x2gd.medium,8,20,$0.01,$874.88,90%,0,0,16,1,128,16,0,0,51926,sdp-prod-us-west-2-cluster,rubix-asg-sdp-prod-us-west-2-cluster-20220313064438591800000009,273,
AML,Minerva,590183787226,prod,590183787226:us-west-2:eks-minerva-prod-mcp-ng-01-76c9c724-b523-7e94-0be6-fb19060fce67,us-west-2,us-west-2d,m5.4xlarge,USD,$0.13,$330.00,"2,880",12,11,,,4,4,Autoscale,m6g.medium,6,8,$0.01,$297.43,90%,0,0,16,1,64,4,0,0,52886,minerva-prod-mcp,eks-minerva-prod-mcp-ng-01-76c9c724-b523-7e94-0be6-fb19060fce67,788,
AML,Minerva,590183787226,prod,590183787226:us-west-2:rubix-asg-og7226-airflow-eks-01-20250228165126258100000007,us-west-2,us-west-2d,m5.2xlarge,USD,$0.07,$41.00,720,16,13,,,1,1,Autoscale,m6g.medium,1,2,$0.01,$35.51,86%,0,0,8,1,32,4,0,0,52886,og7226-airflow-eks-01,rubix-asg-og7226-airflow-eks-01-20250228165126258100000007,3840,
AML,Minerva,590183787226,prod,590183787226:us-west-2:rubix-asg-og7226-airflow-eks-01-20250228165126265400000008,us-west-2,us-west-2b,m5.2xlarge,USD,$0.07,$41.00,720,65,27,,,1,1,Autoscale,c6g.large,2,3,$0.01,$24.55,60%,0,0,8,2,32,4,0,0,52886,og7226-airflow-eks-01,rubix-asg-og7226-airflow-eks-01-20250228165126265400000008,4263,
AML,Minerva,590183787226,prod,590183787226:us-west-2:rubix-asg-og7226-airflow-eks-01-20250228165126271300000009,us-west-2,us-west-2c,m5.2xlarge,USD,$0.07,$165.00,"2,880",25,10,,,4,4,Autoscale,c6g.medium,7,8,$0.01,$135.17,82%,0,0,8,1,32,2,0,0,52886,og7226-airflow-eks-01,rubix-asg-og7226-airflow-eks-01-20250228165126271300000009,1897,
AML,Minerva,590183787226,prod,590183787226:us-west-2:rubix-asg-og7226-aml-dhari-rubix-01-20250110020415689200000003,us-west-2,us-west-2d,r6a.8xlarge,USD,$0.31,$585.00,"2,160",2,1,,,3,3,Autoscale,r6g.medium,1,3,$0.01,$576.97,99%,0,73,32,1,256,8,0,0,aml-dhari-minerva,,rubix-asg-og7226-aml-dhari-rubix-01-20250110020415689200000003,407,
AML,Minerva,590183787226,prod,590183787226:us-west-2:rubix-asg-og7226-aml-dhari-rubix-01-20250424204733679100000004,us-west-2,us-west-2b,r6a.2xlarge,USD,$0.08,$148.00,"2,291",18,13,,,3,6,Autoscale,r6g.medium,3,9,$0.01,$123.40,83%,0,0,8,1,64,8,0,0,aml-dhari-minerva,og7226-aml-dhari-rubix-01,rubix-asg-og7226-aml-dhari-rubix-01-20250424204733679100000004,2014,
AML,Minerva,590183787226,prod,590183787226:us-west-2:rubix-asg-og7226-aml-dhari-rubix-02-20250415010741480000000006,us-west-2,us-west-2c,r6a.2xlarge,USD,$0.08,$146.00,"2,160",15,13,,,3,3,Autoscale,r6g.medium,3,4,$0.01,$126.75,87%,0,0,8,1,64,8,0,0,aml-dhari-minerva,og7226-aml-dhari-rubix-02,rubix-asg-og7226-aml-dhari-rubix-02-20250415010741480000000006,2083,
AML,Minerva,590183787226,prod,590183787226:us-west-2:rubix-asg-og7226-aml-ingest-rubix-01-20250411221011666100000003,us-west-2,us-west-2d,r6a.4xlarge,USD,$0.15,$292.00,"2,160",6,3,,,3,3,Autoscale,r6g.medium,2,4,$0.01,$278.29,95%,0,0,16,1,128,8,0,0,aml-tailgate-minerva,og7226-aml-ingest-rubix-01,rubix-asg-og7226-aml-ingest-rubix-01-20250411221011666100000003,828,
AML,Minerva,590183787226,prod,590183787226:us-west-2:rubix-asg-og7226-aml-tailgate-rubix-01-20250411220512241900000004,us-west-2,us-west-2b,r6a.2xlarge,USD,$0.08,$146.00,"2,160",11,5,,,3,3,Autoscale,r6g.medium,2,3,$0.01,$132.89,91%,0,0,8,1,64,8,0,0,aml-tailgate-minerva,og7226-aml-tailgate-rubix-01,rubix-asg-og7226-aml-tailgate-rubix-01-20250411220512241900000004,1982,
AML,Minerva,590183787226,prod,590183787226:us-west-2:rubix-asg-og7226-data-portal-eks-01-20250124051717968500000003,us-west-2,us-west-2d,m5.large,USD,$0.02,$52.00,"3,600",61,38,,,5,5,Autoscale,m6g.medium,4,7,$0.01,$30.35,59%,0,0,2,1,8,4,1,1,52886,og7226-data-portal-eks-01,rubix-asg-og7226-data-portal-eks-01-20250124051717968500000003,3942,
AML,Minerva,590183787226,prod,590183787226:us-west-2:rubix-asg-og7226-eks-flink-01-20250214171519431900000005,us-west-2,us-west-2c,m5.24xlarge,USD,$0.78,"$1,485.00","2,160",4,18,,,3,3,Autoscale,x2gd.large,7,7,$0.03,"$1,341.97",90%,0,0,96,2,384,32,0,0,default,og7226-eks-flink-01,rubix-asg-og7226-eks-flink-01-20250214171519431900000005,187,
AML,Minerva,590183787226,prod,590183787226:us-west-2:rubix-asg-og7226-eks-flink-01-20250214171519433300000006,us-west-2,us-west-2c,m7g.16xlarge,USD,$0.44,$842.00,"2,160",1,2,,,3,3,Autoscale,r6g.medium,2,3,$0.01,$828.40,98%,0,49,64,1,256,8,0,0,default,og7226-eks-flink-01,rubix-asg-og7226-eks-flink-01-20250214171519433300000006,312,
AML,Minerva,590183787226,prod,590183787226:us-west-2:rubix-asg-og7226-guardian-eks-01-20241211201139066400000003,us-west-2,us-west-2c,m5.metal,USD,$0.78,"$2,475.00","3,600",3,2,,,5,5,Autoscale,r6g.medium,5,15,$0.01,"$2,436.90",98%,0,29,96,1,384,8,0,0,52886,og7226-guardian-eks-01,rubix-asg-og7226-guardian-eks-01-20241211201139066400000003,91,
AML,Minerva,590183787226,prod,590183787226:us-west-2:rubix-asg-og7226-irc-eks-01-20241205223959121100000003,us-west-2,us-west-2b,m5.4xlarge,USD,$0.13,$489.00,"4,219",10,27,,,4,11,Autoscale,r6g.medium,8,15,$0.01,$432.22,88%,0,0,16,1,64,8,0,0,52886,og7226-irc-eks-01,rubix-asg-og7226-irc-eks-01-20241205223959121100000003,557,
AML,Minerva,590183787226,prod,590183787226:us-west-2:rubix-asg-og7226-jupyter-eks-01-20250124051956252800000003,us-west-2,us-west-2b,m5.2xlarge,USD,$0.07,$124.00,"2,160",44,23,,,3,3,Autoscale,m6g.medium,5,11,$0.01,$95.50,77%,0,0,8,1,32,4,0,0,52886,og7226-jupyter-eks-01,rubix-asg-og7226-jupyter-eks-01-20250124051956252800000003,2393,
AML,Minerva,590183787226,prod,590183787226:us-west-2:rubix-asg-og7226-kafka-01-eks-20250110215627183300000008,us-west-2,us-west-2b,r5n.4xlarge,USD,$0.20,$384.00,"2,160",9,9,,,3,3,Autoscale,r6g.medium,5,5,$0.01,$352.96,92%,0,0,16,1,128,8,0,0,52886,og7226-kafka-01-eks,rubix-asg-og7226-kafka-01-eks-20250110215627183300000008,716,
AML,Minerva,590183787226,prod,590183787226:us-west-2:rubix-asg-og7226-kafka-01-eks-20250110215627184400000009,us-west-2,us-west-2c,r5n.4xlarge,USD,$0.20,$384.00,"2,160",9,11,,,3,3,Autoscale,r6g.medium,5,6,$0.01,$351.71,92%,0,0,16,1,128,8,0,0,52886,og7226-kafka-01-eks,rubix-asg-og7226-kafka-01-eks-20250110215627184400000009,722,
AML,Minerva,590183787226,prod,590183787226:us-west-2:rubix-asg-og7226-skate-eks-01-20241215054401190500000003,us-west-2,us-west-2b,r6i.24xlarge,USD,$1.03,"$3,246.00","3,600",1,1,,,5,5,Autoscale,r6g.medium,5,6,$0.01,"$3,213.90",99%,0,0,96,1,768,8,0,0,spark,og7226-skate-eks-01,rubix-asg-og7226-skate-eks-01-20241215054401190500000003,61,
AML,Minerva,590183787226,prod,590183787226:us-west-2:rubix-asg-og7226-spark-eks-01-20241215054728674500000007,us-west-2,us-west-2c,r6i.24xlarge,USD,$1.03,"$1,658.00","1,881",2,1,,,2,6,Autoscale,r6g.medium,2,12,$0.01,"$1,641.34",99%,0,50,96,1,768,8,0,0,spark,og7226-spark-eks-01,rubix-asg-og7226-spark-eks-01-20241215054728674500000007,142,
AML,Minerva,590183787226,prod,590183787226:us-west-2:rubix-asg-og7226-spark-eks-01-20241215054728675600000008,us-west-2,us-west-2b,r6g.16xlarge,USD,$0.55,$693.00,"1,442",6,2,,,2,4,Autoscale,m6g.medium,3,8,$0.01,$672.39,97%,0,3,64,1,512,4,0,0,spark,og7226-spark-eks-01,rubix-asg-og7226-spark-eks-01-20241215054728675600000008,358,
AML,Minerva,590183787226,prod,590183787226:us-west-2:rubix-asg-og7226-spark-eks-01-20241215054728679000000009,us-west-2,us-west-2c,r6g.16xlarge,USD,$0.55,$695.00,"1,413",27,9,,,1,12,Autoscale,m6g.large,2,41,$0.01,$606.16,87%,0,2,64,2,512,8,0,0,spark,og7226-spark-eks-01,rubix-asg-og7226-spark-eks-01-20241215054728679000000009,395,
AML,Minerva,590183787226,prod,590183787226:us-west-2:rubix-asg-og7226-superset-eks-01-20250114191215400200000003,us-west-2,us-west-2c,m5.2xlarge,USD,$0.07,$124.00,"2,160",17,18,,,3,3,Autoscale,r6g.medium,3,5,$0.01,$103.53,84%,0,0,8,1,32,8,0,0,52886,og7226-superset-eks-01,rubix-asg-og7226-superset-eks-01-20250114191215400200000003,2362,
AML,Minerva,590183787226,prod,590183787226:us-west-2:rubix-asg-og7226-surface-01-20250214171510296900000003,us-west-2,us-west-2b,m5.8xlarge,USD,$0.26,$495.00,"2,160",4,5,,,3,3,Autoscale,r6g.medium,3,5,$0.01,$474.99,96%,0,0,32,1,128,8,0,0,default,og7226-surface-01,rubix-asg-og7226-surface-01-20250214171510296900000003,506,
AML,Minerva,590183787226,prod,590183787226:us-west-2:rubix-asg-og7226-trino-eks-01-20241214014634749600000005,us-west-2,us-west-2b,m5.12xlarge,USD,$0.39,"$1,236.00","3,600",38,29,,,5,5,Autoscale,r6g.2xlarge,1,12,$0.07,$998.52,81%,0,0,48,8,192,64,0,0,52886,og7226-trino-eks-01,rubix-asg-og7226-trino-eks-01-20241214014634749600000005,240,
AML,Minerva,590183787226,prod,590183787226:us-west-2:rubix-asg-og7226-trino-eks-01-20241214014634749900000006,us-west-2,us-west-2d,m5.12xlarge,USD,$0.39,$247.00,720,4,47,,,1,1,Autoscale,x2gd.large,1,3,$0.03,$188.01,76%,0,47,48,2,192,32,0,0,52886,og7226-trino-eks-01,rubix-asg-og7226-trino-eks-01-20241214014634749900000006,1196,
AML,Minerva,992382827168,test,992382827168:us-west-2:eks-minerva-test-mcp-ng-01-50c9a868-3e5d-7933-88d6-921d4cf398ab,us-west-2,us-west-2d,m5.4xlarge,USD,$0.13,$330.00,"2,880",15,11,,,4,4,Autoscale,m6g.medium,7,10,$0.01,$293.84,89%,0,0,16,1,64,4,0,0,52886,minerva-test-mcp,eks-minerva-test-mcp-ng-01-50c9a868-3e5d-7933-88d6-921d4cf398ab,793,
AML,Minerva,992382827168,test,992382827168:us-west-2:rubix-asg-og7168-airflow-eks-01-20250218185627987100000007,us-west-2,us-west-2d,m5.2xlarge,USD,$0.07,$41.00,720,34,19,,,1,1,Autoscale,m6g.medium,2,3,$0.01,$31.42,76%,0,0,8,1,32,4,0,0,52886,og7168-airflow-eks-01,rubix-asg-og7168-airflow-eks-01-20250218185627987100000007,3949,
AML,Minerva,992382827168,test,992382827168:us-west-2:rubix-asg-og7168-airflow-eks-01-20250218185627992700000008,us-west-2,us-west-2c,m5.2xlarge,USD,$0.07,$41.00,720,19,16,,,1,1,Autoscale,r6g.medium,1,2,$0.01,$33.49,81%,0,0,8,1,32,8,0,0,52886,og7168-airflow-eks-01,rubix-asg-og7168-airflow-eks-01-20250218185627992700000008,3902,
AML,Minerva,992382827168,test,992382827168:us-west-2:rubix-asg-og7168-airflow-eks-01-20250218185627993300000009,us-west-2,us-west-2b,m5.2xlarge,USD,$0.07,$165.00,"2,880",38,12,,,4,4,Autoscale,c6g.medium,6,13,$0.01,$136.26,83%,0,0,8,1,32,2,0,0,52886,og7168-airflow-eks-01,rubix-asg-og7168-airflow-eks-01-20250218185627993300000009,1888,
AML,Minerva,992382827168,test,992382827168:us-west-2:rubix-asg-og7168-aml-dhari-rubix-01-20250107234817296100000003,us-west-2,us-west-2c,r6a.8xlarge,USD,$0.31,$107.00,351,3,1,,,3,3,Autoscale,r6g.medium,2,4,$0.01,$105.14,98%,0,0,32,1,256,8,0,0,aml-dhari-minerva,og7168-aml-dhari-rubix-01,rubix-asg-og7168-aml-dhari-rubix-01-20250107234817296100000003,2470,
AML,Minerva,992382827168,test,992382827168:us-west-2:rubix-asg-og7168-aml-dhari-rubix-01-20250508220127128000000003,us-west-2,us-west-2d,t4g.2xlarge,USD,$0.05,$87.00,"2,160",13,19,,,3,3,Autoscale,t4g.small,4,10,$0.00,$69.03,80%,0,0,3,0,32,2,0,0,aml-dhari-minerva,og7168-aml-dhari-rubix-01,rubix-asg-og7168-aml-dhari-rubix-01-20250508220127128000000003,2934,
AML,Minerva,992382827168,test,992382827168:us-west-2:rubix-asg-og7168-data-portal-eks-01-20250116194137310200000003,us-west-2,us-west-2c,m5.large,USD,$0.02,$52.00,"3,600",61,35,,,5,5,Autoscale,m6g.medium,4,7,$0.01,$30.44,59%,0,0,2,1,8,4,1,1,52886,og7168-data-portal-eks-01,rubix-asg-og7168-data-portal-eks-01-20250116194137310200000003,3936,
AML,Minerva,992382827168,test,992382827168:us-west-2:rubix-asg-og7168-eks-flink-01-20250210063847313300000005,us-west-2,us-west-2c,m5.24xlarge,USD,$0.78,"$1,485.00","2,160",3,16,,,3,3,Autoscale,r6g.large,4,12,$0.02,"$1,419.38",96%,0,0,96,2,384,16,0,0,default,og7168-eks-flink-01,rubix-asg-og7168-eks-flink-01-20250210063847313300000005,173,
AML,Minerva,992382827168,test,992382827168:us-west-2:rubix-asg-og7168-eks-flink-01-20250210063847313400000006,us-west-2,us-west-2c,m7g.16xlarge,USD,$0.44,"$1,122.00","2,811",2,2,,,3,4,Autoscale,r6g.medium,3,5,$0.01,"$1,102.25",98%,0,0,64,1,256,8,0,0,default,og7168-eks-flink-01,rubix-asg-og7168-eks-flink-01-20250210063847313400000006,233,
AML,Minerva,992382827168,test,992382827168:us-west-2:rubix-asg-og7168-guardian-eks-01-20241209182005077400000003,us-west-2,us-west-2d,m5.metal,USD,$0.78,"$1,980.00","2,880",3,2,,,4,4,Autoscale,r6g.medium,4,12,$0.01,"$1,949.53",98%,0,17,96,1,384,8,0,0,52886,og7168-guardian-eks-01,rubix-asg-og7168-guardian-eks-01-20241209182005077400000003,110,
AML,Minerva,992382827168,test,992382827168:us-west-2:rubix-asg-og7168-irc-eks-01-20241207012338771800000003,us-west-2,us-west-2d,m5.4xlarge,USD,$0.13,$491.00,"4,260",36,13,,,5,6,Autoscale,r6g.large,3,18,$0.02,$449.48,92%,0,0,16,2,64,16,0,0,52886,og7168-irc-eks-01,rubix-asg-og7168-irc-eks-01-20241207012338771800000003,524,
AML,Minerva,992382827168,test,992382827168:us-west-2:rubix-asg-og7168-jupyter-eks-01-20250116193311234600000003,us-west-2,us-west-2c,m5.2xlarge,USD,$0.07,$165.00,"2,880",41,20,,,4,4,Autoscale,m6g.medium,6,14,$0.01,$134.03,81%,0,0,8,1,32,4,0,0,52886,og7168-jupyter-eks-01,rubix-asg-og7168-jupyter-eks-01-20250116193311234600000003,1911,
AML,Minerva,992382827168,test,992382827168:us-west-2:rubix-asg-og7168-kafka-01-eks-20250110055410942900000008,us-west-2,us-west-2c,r5n.4xlarge,USD,$0.20,$384.00,"2,160",7,8,,,3,3,Autoscale,r6g.xlarge,1,1,$0.03,$359.12,94%,0,0,16,4,128,32,0,0,52886,og7168-kafka-01-eks,rubix-asg-og7168-kafka-01-eks-20250110055410942900000008,687,
AML,Minerva,992382827168,test,992382827168:us-west-2:rubix-asg-og7168-kafka-01-eks-20250110055410943700000009,us-west-2,us-west-2b,r5n.4xlarge,USD,$0.20,$384.00,"2,160",9,10,,,3,3,Autoscale,r6g.medium,5,5,$0.01,$352.75,92%,0,0,16,1,128,8,0,0,52886,og7168-kafka-01-eks,rubix-asg-og7168-kafka-01-eks-20250110055410943700000009,719,
AML,Minerva,992382827168,test,992382827168:us-west-2:rubix-asg-og7168-skate-eks-01-20241213045720178000000003,us-west-2,us-west-2c,r6i.24xlarge,USD,$1.03,"$2,598.00","2,880",1,1,,,4,4,Autoscale,r6g.medium,4,5,$0.01,"$2,573.11",99%,0,0,96,1,768,8,0,0,spark,og7168-skate-eks-01,rubix-asg-og7168-skate-eks-01-20241213045720178000000003,81,
AML,Minerva,992382827168,test,992382827168:us-west-2:rubix-asg-og7168-spark-eks-01-20241213045618823600000007,us-west-2,us-west-2c,r6g.4xlarge,USD,$0.14,$89.00,680,12,7,,,1,5,Autoscale,m6g.medium,1,9,$0.01,$83.10,93%,0,0,16,1,128,4,0,0,spark,og7168-spark-eks-01,rubix-asg-og7168-spark-eks-01-20241213045618823600000007,2769,
AML,Minerva,992382827168,test,992382827168:us-west-2:rubix-asg-og7168-spark-eks-01-20241213045618825200000008,us-west-2,us-west-2b,r6g.4xlarge,USD,$0.14,$88.00,799,38,11,,,1,30,Autoscale,r6g.medium,1,46,$0.01,$79.73,91%,0,11,16,1,128,8,0,0,spark,og7168-spark-eks-01,rubix-asg-og7168-spark-eks-01-20241213045618825200000008,2495,
AML,Minerva,992382827168,test,992382827168:us-west-2:rubix-asg-og7168-spark-eks-01-20241213045618826400000009,us-west-2,us-west-2c,r6i.24xlarge,USD,$1.03,"$1,657.00","1,879",2,1,,,2,6,Autoscale,r6g.medium,2,10,$0.01,"$1,641.14",99%,0,90,96,1,768,8,0,0,spark,og7168-spark-eks-01,rubix-asg-og7168-spark-eks-01-20241213045618826400000009,144,
AML,Minerva,992382827168,test,992382827168:us-west-2:rubix-asg-og7168-superset-eks-01-20250114170318866800000003,us-west-2,us-west-2c,m5.2xlarge,USD,$0.07,$124.00,"2,160",17,16,,,3,3,Autoscale,r6g.medium,2,5,$0.01,$106.77,86%,0,0,8,1,32,8,0,0,52886,og7168-superset-eks-01,rubix-asg-og7168-superset-eks-01-20250114170318866800000003,2343,
AML,Minerva,992382827168,test,992382827168:us-west-2:rubix-asg-og7168-surface-01-20250210063819776800000003,us-west-2,us-west-2b,m5.8xlarge,USD,$0.26,$495.00,"2,160",4,5,,,3,3,Autoscale,r6g.medium,3,5,$0.01,$474.76,96%,0,0,32,1,128,8,0,0,default,og7168-surface-01,rubix-asg-og7168-surface-01-20250210063819776800000003,507,
AML,Minerva,992382827168,test,992382827168:us-west-2:rubix-asg-og7168-trino-eks-01-20241213012748793000000005,us-west-2,us-west-2c,m5.12xlarge,USD,$0.39,$495.00,"1,440",4,24,,,2,2,Autoscale,x2gd.medium,2,6,$0.01,$436.82,88%,0,0,48,1,192,16,0,0,52886,og7168-trino-eks-01,rubix-asg-og7168-trino-eks-01-20241213012748793000000005,537,
AML,Minerva,992382827168,test,992382827168:us-west-2:rubix-asg-og7168-trino-eks-01-20250117193831459400000005,us-west-2,us-west-2c,m8g.12xlarge,USD,$0.37,$694.00,"2,160",3,44,,,3,3,Autoscale,x2gd.large,2,8,$0.03,$546.47,79%,0,16,48,2,192,32,0,0,52886,og7168-trino-eks-01,rubix-asg-og7168-trino-eks-01-20250117193831459400000005,416,
AML,Shuri,275100862709,test,275100862709:us-east-1:rubix-asg-aml-shuri-test-east-1-20240524163755897100000007,us-east-1,us-east-1a,c6a.xlarge,USD,$0.03,$49.00,"2,160",30,21,,,3,3,Autoscale,m6g.medium,2,4,$0.01,$36.50,74%,0,0,4,1,8,4,0,1,172567,aml-shuri-test-east-1,rubix-asg-aml-shuri-test-east-1-20240524163755897100000007,3737,
AML,Shuri,275100862709,test,275100862709:us-east-1:rubix-asg-aml-shuri-test-east-1-20240524163755901300000009,us-east-1,us-east-1b,m6i.4xlarge,USD,$0.13,$83.00,720,8,31,,,1,1,Autoscale,r6g.medium,3,3,$0.01,$64.01,78%,0,0,16,1,64,8,0,0,172567,aml-shuri-test-east-1,rubix-asg-aml-shuri-test-east-1-20240524163755901300000009,2991,
AML,Shuri,275100862709,test,275100862709:us-east-1:rubix-asg-aml-shuri-test-east-1-20240524170945211800000002,us-east-1,us-east-1c,c5d.12xlarge,USD,$0.39,$248.00,720,2,1,,,1,1,Autoscale,h1.2xlarge,1,1,$0.08,$190.26,77%,0,93,48,8,96,32,0,0,172567,,rubix-asg-aml-shuri-test-east-1-20240524170945211800000002,1188,
AML,Shuri,275100862709,test,275100862709:us-west-2:rubix-asg-aml-shuri-spark-test-west-2-20220808191851381500000003,us-west-2,us-west-2b,r6a.4xlarge,USD,$0.15,$487.00,"3,600",9,30,,,5,5,Autoscale,x2gd.medium,12,13,$0.01,$364.49,75%,0,0,16,1,128,16,0,0,172567,aml-shuri-spark-test-west-2,rubix-asg-aml-shuri-spark-test-west-2-20220808191851381500000003,656,
AML,Shuri,275100862709,test,275100862709:us-west-2:rubix-asg-aml-shuri-test-west-2-2024042918181324430000000d,us-west-2,us-west-2c,c7i.16xlarge,USD,$0.49,$306.00,720,42,34,,,1,1,Autoscale,m6g.2xlarge,1,4,$0.05,$266.99,87%,0,89,64,8,128,32,0,0,172567,aml-shuri-test-west-2,rubix-asg-aml-shuri-test-west-2-2024042918181324430000000d,850,
AML,Shuri,275100862709,test,275100862709:us-west-2:rubix-asg-aml-shuri-test-west-2-20230808124717302200000007,us-west-2,us-west-2c,m6i.8xlarge,USD,$0.26,$825.00,"3,600",13,28,,,5,5,Autoscale,r6g.large,11,12,$0.02,$688.18,83%,0,0,32,2,128,16,0,0,172567,aml-shuri-test-west-2,rubix-asg-aml-shuri-test-west-2-20230808124717302200000007,350,
AML,Shuri,275100862709,test,275100862709:us-west-2:rubix-asg-aml-shuri-test-west-2-20231006065340490900000010,us-west-2,us-west-2b,c6i.16xlarge,USD,$0.46,$292.00,720,2,2,,,1,1,Autoscale,m6g.medium,1,2,$0.01,$287.20,98%,0,100,64,1,128,4,0,0,172567,aml-shuri-test-west-2,rubix-asg-aml-shuri-test-west-2-20231006065340490900000010,816,
AML,Shuri,275100862709,test,275100862709:us-west-2:rubix-asg-aml-shuri-test-west-2-20240524135159706200000014,us-west-2,us-west-2c,g5.12xlarge,USD,$2.27,"$7,167.00","3,600",8,17,,,5,5,No Action,g5.12xlarge,5,5,$0.96,$0.00,0%,0,0,48,48,192,192,1,1,172567,aml-shuri-test-west-2,rubix-asg-aml-shuri-test-west-2-20240524135159706200000014,5741,
AML,Shuri,275100862709,test,275100862709:us-west-2:rubix-asg-aml-shuri-test-west-2-20240524135159707500000015,us-west-2,us-west-2c,inf2.24xlarge,USD,$2.60,"$1,641.00",720,57,33,,,1,1,Autoscale,r6g.4xlarge,1,4,$0.14,"$1,539.39",94%,0,60,96,16,384,128,0,0,172567,aml-shuri-test-west-2,rubix-asg-aml-shuri-test-west-2-20240524135159707500000015,391,
AML,Shuri,275100862709,test,275100862709:us-west-2:rubix-asg-aml-shuri-test-west-2-20240524135159707500000016,us-west-2,us-west-2b,r5a.12xlarge,USD,$0.46,$291.00,720,9,8,,,1,1,Autoscale,r6g.large,2,3,$0.02,$266.68,92%,0,0,48,2,384,16,0,0,172567,aml-shuri-test-west-2,rubix-asg-aml-shuri-test-west-2-20240524135159707500000016,855,
AML,Shuri,275100862709,test,275100862709:us-west-2:rubix-asg-aml-shuri-test-west-2-20240524135159711100000017,us-west-2,us-west-2b,inf1.6xlarge,USD,$0.47,"$1,790.00","4,320",16,43,,,6,6,Autoscale,r6g.medium,14,23,$0.01,"$1,696.48",95%,0,0,24,1,48,8,0,0,172567,aml-shuri-test-west-2,rubix-asg-aml-shuri-test-west-2-20240524135159711100000017,357,
AML,Shuri,275100862709,test,275100862709:us-west-2:rubix-asg-aml-shuri-test-west-2-20240524135159717000000018,us-west-2,us-west-2a,c5d.metal,USD,$0.78,$494.00,720,1,2,,,1,1,Autoscale,d3.xlarge,1,1,$0.08,$433.22,88%,0,100,96,4,192,32,0,0,172567,,rubix-asg-aml-shuri-test-west-2-20240524135159717000000018,543,
AML,Shuri,275100862709,test,275100862709:us-west-2:rubix-asg-aml-shuri-test-west-2-20240524135159723700000019,us-west-2,us-west-2b,c5d.12xlarge,USD,$0.39,"$3,545.00","10,388",12,61,,,14,18,Autoscale,i4g.2xlarge,10,14,$0.11,"$2,632.70",74%,0,0,48,8,96,64,0,1,172567,aml-shuri-test-west-2,rubix-asg-aml-shuri-test-west-2-20240524135159723700000019,68,
AML,Shuri,275100862709,uat,275100862709:us-east-1:eks-shuriv2-mgmt-uat-use1-general-5acac06a-88e4-8b0d-9e61-3295127d6bfd,us-east-1,us-east-1b,m7i.4xlarge,USD,$0.14,$174.00,"1,457",29,7,,,2,6,Autoscale,m6g.medium,3,10,$0.01,$157.63,90%,0,0,16,1,64,4,0,0,172567,aml2709-shuriv2-mgmt-uat-use1,eks-shuriv2-mgmt-uat-use1-general-5acac06a-88e4-8b0d-9e61-3295127d6bfd,1589,
AML,Shuri,275100862709,uat,275100862709:us-east-1:eks-shuriv2-mgmt-uat-use1-platform-services-d6cac06a-88e1-13a3-13d2-1989499be039,us-east-1,us-east-1b,m7i.4xlarge,USD,$0.14,$315.00,"2,640",11,8,,,3,22,Autoscale,r6g.medium,2,17,$0.01,$298.28,95%,0,0,16,1,64,8,0,0,172567,aml2709-shuriv2-mgmt-uat-use1,eks-shuriv2-mgmt-uat-use1-platform-services-d6cac06a-88e1-13a3-13d2-1989499be039,786,
AML,Shuri,275100862709,uat,275100862709:us-east-1:eks-shuriv2-shared-uat-use1-general-80cac073-91eb-04df-624e-cdf1b3d51997,us-east-1,us-east-1b,m7i.4xlarge,USD,$0.14,$260.00,"2,165",16,22,,,3,6,Autoscale,m6g.medium,4,11,$0.01,$224.09,86%,0,0,16,1,64,4,0,0,172567,aml2709-shuriv2-shared-uat-use1,eks-shuriv2-shared-uat-use1-general-80cac073-91eb-04df-624e-cdf1b3d51997,1038,
AML,Shuri,275100862709,uat,275100862709:us-east-1:eks-shuriv2-shared-uat-use1-platform-services-54cac073-91ea-7ff6-7531-e4fa8666ffce,us-east-1,us-east-1c,m7i.4xlarge,USD,$0.14,$261.00,"2,184",8,9,,,3,12,Autoscale,r6g.medium,2,14,$0.01,$247.77,95%,0,0,16,1,64,8,0,0,172567,aml2709-shuriv2-shared-uat-use1,eks-shuriv2-shared-uat-use1-platform-services-54cac073-91ea-7ff6-7531-e4fa8666ffce,927,
AML,Shuri,275100862709,uat,275100862709:us-west-2:eks-shuriv2-mgmt-uat-usw2-general-80c9eca8-2dcc-dd0e-815d-88a0f3b15328,us-west-2,us-west-2c,m7i.4xlarge,USD,$0.14,$173.00,"1,440",29,7,,,2,2,Autoscale,m6g.large,2,5,$0.01,$153.98,89%,0,0,16,2,64,8,0,0,172567,aml2709-shuriv2-mgmt-uat-usw2,eks-shuriv2-mgmt-uat-usw2-general-80c9eca8-2dcc-dd0e-815d-88a0f3b15328,1620,
AML,Shuri,275100862709,uat,275100862709:us-west-2:eks-shuriv2-mgmt-uat-usw2-platform-services-c8c96cbd-59ab-543f-c533-74c97c4f249b,us-west-2,us-west-2b,m7i.4xlarge,USD,$0.14,$369.00,"2,771",11,8,,,3,10,Autoscale,r6g.medium,2,13,$0.01,$351.15,95%,0,0,16,1,64,8,0,0,172567,aml2709-shuriv2-mgmt-uat-usw2,eks-shuriv2-mgmt-uat-usw2-platform-services-c8c96cbd-59ab-543f-c533-74c97c4f249b,768,
AML,Shuri,275100862709,uat,275100862709:us-west-2:eks-shuriv2-shared-uat-usw2-general-86c9ef5b-86f4-ec8b-1bc7-4e8f0a3e3e9a,us-west-2,us-west-2b,m7i.4xlarge,USD,$0.14,$303.00,"2,567",17,27,,,3,5,Autoscale,r6g.medium,7,10,$0.01,$253.27,83%,0,0,16,1,64,8,0,0,172567,aml2709-shuriv2-shared-uat-usw2,eks-shuriv2-shared-uat-usw2-general-86c9ef5b-86f4-ec8b-1bc7-4e8f0a3e3e9a,862,
AML,Shuri,275100862709,uat,275100862709:us-west-2:eks-shuriv2-shared-uat-usw2-platform-services-74c9ef97-4ad5-2b7f-b469-ac2831f7189d,us-west-2,us-west-2b,m7i.4xlarge,USD,$0.14,$260.00,"2,161",29,13,,,3,4,Autoscale,r6g.medium,3,14,$0.01,$241.03,93%,0,0,16,1,64,8,0,0,172567,aml2709-shuriv2-shared-uat-usw2,eks-shuriv2-shared-uat-usw2-platform-services-74c9ef97-4ad5-2b7f-b469-ac2831f7189d,982,
AML,Shuri,387604957429,prod,387604957429:us-east-1:rubix-asg-shuri-prod-east-1-2023041716114832670000000a,us-east-1,us-east-1c,inf1.6xlarge,USD,$0.47,"$2,981.00","7,200",7,47,,,10,10,Autoscale,x2gd.medium,14,18,$0.01,"$2,835.48",95%,0,0,24,1,48,16,0,0,172567,rubix-shuri-prod-east-1,rubix-asg-shuri-prod-east-1-2023041716114832670000000a,224,
AML,Shuri,387604957429,prod,387604957429:us-east-1:rubix-asg-shuri-prod-east-1-2023091916031457990000000c,us-east-1,us-east-1c,c6i.16xlarge,USD,$0.46,"$1,460.00","3,600",6,20,,,5,5,Autoscale,r6g.medium,16,20,$0.01,"$1,359.93",93%,0,0,64,1,128,8,0,0,172567,rubix-shuri-prod-east-1,rubix-asg-shuri-prod-east-1-2023091916031457990000000c,180,
AML,Shuri,387604957429,prod,387604957429:us-east-1:rubix-asg-shuri-prod-east-1-20210112204832056500000003,us-east-1,us-east-1a,c5d.metal,USD,$0.78,"$5,934.00","7,200",27,29,,,10,10,Autoscale,i4g.4xlarge,5,17,$0.21,"$5,120.63",86%,0,0,96,16,192,128,0,1,172567,rubix-shuri-prod-east-1,rubix-asg-shuri-prod-east-1-20210112204832056500000003,44,
AML,Shuri,387604957429,prod,387604957429:us-east-1:rubix-asg-shuri-prod-east-1-20210701190424809700000003,us-east-1,us-east-1b,r5a.12xlarge,USD,$0.46,$582.00,"1,440",62,22,,,2,2,Autoscale,m6g.2xlarge,5,8,$0.05,$389.62,67%,0,0,48,8,384,32,0,0,172567,rubix-shuri-prod-east-1,rubix-asg-shuri-prod-east-1-20210701190424809700000003,599,
AML,Shuri,387604957429,prod,387604957429:us-east-1:rubix-asg-shuri-prod-east-1-20210910144258691000000004,us-east-1,us-east-1a,p3.8xlarge,USD,$4.90,"$12,367.00","2,880",8,9,12,8,4,4,Autoscale,g3.4xlarge,1,1,$0.19,"$12,227.76",99%,0,0,32,16,244,122,1,1,172567,rubix-shuri-prod-east-1,rubix-asg-shuri-prod-east-1-20210910144258691000000004,33,
AML,Shuri,387604957429,prod,387604957429:us-east-1:rubix-asg-shuri-prod-east-1-20220621221749392600000004,us-east-1,us-east-1c,c5d.12xlarge,USD,$0.39,"$11,122.00","32,384",6,26,,,44,46,Autoscale,i4g.2xlarge,17,18,$0.11,"$9,829.45",88%,0,0,48,8,96,64,0,1,172567,rubix-shuri-prod-east-1,rubix-asg-shuri-prod-east-1-20220621221749392600000004,14,
AML,Shuri,387604957429,prod,387604957429:us-east-1:rubix-asg-shuri-prod-east-1-20230417231946727400000001,us-east-1,us-east-1b,inf2.24xlarge,USD,$2.60,"$3,282.00","1,440",4,13,,,2,2,Autoscale,x2gd.medium,6,8,$0.01,"$3,215.47",98%,0,0,96,1,384,16,0,0,172567,rubix-shuri-prod-east-1,rubix-asg-shuri-prod-east-1-20230417231946727400000001,191,
AML,Shuri,387604957429,prod,387604957429:us-east-1:rubix-asg-shuri-prod-east-1-20230616205249393000000009,us-east-1,us-east-1a,g5.2xlarge,USD,$0.48,$144.00,298,9,6,0,0,1,1,Autoscale,i4g.large,1,1,$0.03,$136.00,95%,0,0,8,2,32,16,0,1,172567,rubix-shuri-prod-east-1,rubix-asg-shuri-prod-east-1-20230616205249393000000009,3339,
AML,Shuri,387604957429,prod,387604957429:us-east-1:rubix-asg-shuri-prod-east-1-20230718210010144300000001,us-east-1,us-east-1a,g5.12xlarge,USD,$2.27,"$17,453.00","8,760",5,11,250,147,12,13,Autoscale,g5.12xlarge,2,3,$0.96,"$16,063.05",92%,0,0,48,48,192,192,1,1,172567,rubix-shuri-prod-east-1,rubix-asg-shuri-prod-east-1-20230718210010144300000001,26,
AML,Shuri,387604957429,prod,387604957429:us-west-2:rubix-asg-shuri-prod-west-2-2023041720374472060000000a,us-west-2,us-west-2b,inf2.24xlarge,USD,$2.60,"$3,279.00","1,440",17,21,,,2,2,Autoscale,r6g.2xlarge,3,5,$0.07,"$3,124.02",95%,0,0,96,8,384,64,0,0,172567,rubix-shuri-prod-west-2,rubix-asg-shuri-prod-west-2-2023041720374472060000000a,209,
AML,Shuri,387604957429,prod,387604957429:us-west-2:rubix-asg-shuri-prod-west-2-2023071822012688450000000b,us-west-2,us-west-2b,g5.12xlarge,USD,$2.27,"$24,369.00","12,241",8,15,496,293,17,18,Autoscale,g5.12xlarge,3,5,$0.96,"$22,248.82",91%,0,0,48,48,192,192,1,1,172567,rubix-shuri-prod-west-2,rubix-asg-shuri-prod-west-2-2023071822012688450000000b,18,
AML,Shuri,387604957429,prod,387604957429:us-west-2:rubix-asg-shuri-prod-west-2-2023091916325707560000000d,us-west-2,us-west-2a,c6i.16xlarge,USD,$0.46,"$2,629.00","6,480",6,17,,,9,9,Autoscale,r6g.medium,24,36,$0.01,"$2,475.21",94%,0,0,64,1,128,8,0,0,172567,rubix-shuri-prod-west-2,rubix-asg-shuri-prod-west-2-2023091916325707560000000d,89,
AML,Shuri,387604957429,prod,387604957429:us-west-2:rubix-asg-shuri-prod-west-2-2023102619322396070000000e,us-west-2,us-west-2b,p4d.24xlarge,USD,$9.47,"$2,847.00",301,88,54,0,0,1,1,Autoscale,i4g.16xlarge,1,2,$0.84,"$2,468.50",87%,0,0,96,64,1152,512,1,0,172567,rubix-shuri-prod-west-2,rubix-asg-shuri-prod-west-2-2023102619322396070000000e,366,
AML,Shuri,387604957429,prod,387604957429:us-west-2:rubix-asg-shuri-prod-west-2-20210113205139202400000003,us-west-2,us-west-2b,c5d.metal,USD,$0.78,"$5,937.00","8,640",54,26,,,12,12,Autoscale,h1.4xlarge,9,39,$0.16,"$4,430.86",75%,0,0,96,16,192,64,0,0,172567,rubix-shuri-prod-west-2,rubix-asg-shuri-prod-west-2-20210113205139202400000003,36,
AML,Shuri,387604957429,prod,387604957429:us-west-2:rubix-asg-shuri-prod-west-2-20220621224338349100000004,us-west-2,us-west-2a,c5d.12xlarge,USD,$0.39,"$12,372.00","36,000",27,49,,,50,50,Autoscale,h1.2xlarge,53,81,$0.08,"$8,461.55",68%,0,0,48,8,96,32,0,0,172567,rubix-shuri-prod-west-2,rubix-asg-shuri-prod-west-2-20220621224338349100000004,15,
AML,Shuri,387604957429,prod,387604957429:us-west-2:rubix-asg-shuri-prod-west-2-20230417203744717700000009,us-west-2,us-west-2a,inf1.6xlarge,USD,$0.47,"$2,981.00","7,200",8,53,,,10,10,Autoscale,x2gd.medium,13,19,$0.01,"$2,830.80",95%,0,0,24,1,48,16,0,0,172567,rubix-shuri-prod-west-2,rubix-asg-shuri-prod-west-2-20230417203744717700000009,225,
AML,Shuri,387604957429,prod,387604957429:us-west-2:rubix-asg-shuri-prod-west-2-20240501163435478600000008,us-west-2,us-west-2b,c7i.16xlarge,USD,$0.49,"$5,520.00","12,960",4,12,,,18,18,Autoscale,r6g.medium,33,47,$0.01,"$5,309.34",96%,0,0,64,1,128,8,0,0,172567,rubix-shuri-prod-west-2,rubix-asg-shuri-prod-west-2-20240501163435478600000008,31,
AML,Shuri,676839558039,dev,676839558039:us-west-2:eks-shuriq-workloads-large-west-managed-40ca1ff3-aac7-0766-9e15-101a67048279,us-west-2,us-west-2b,c7i.4xlarge,USD,$0.12,$153.00,"1,440",5,50,,,2,2,Autoscale,x2gd.medium,2,3,$0.01,$131.68,86%,0,0,16,1,32,16,0,1,172567,aml-shuri-qa-west-2,eks-shuriq-workloads-large-west-managed-40ca1ff3-aac7-0766-9e15-101a67048279,1985,
AML,Shuri,676839558039,dev,676839558039:us-west-2:eks-shuriq-workloads-west-managed-bac9ce11-ba8a-5dfc-6a76-27a2fd43c300,us-west-2,us-west-2b,c7i.2xlarge,USD,$0.06,$77.00,"1,440",12,32,,,2,2,Autoscale,x2gd.medium,1,2,$0.01,$65.36,85%,0,0,8,1,16,16,0,1,172567,aml-shuri-qa-west-2,eks-shuriq-workloads-west-managed-bac9ce11-ba8a-5dfc-6a76-27a2fd43c300,2982,
AML,Shuri,676839558039,dev,676839558039:us-west-2:eks-shuriv2-dev01-general-workloads-9ec9dcc9-17d3-29ed-e223-caf138a88207,us-west-2,us-west-2c,m7i.4xlarge,USD,$0.14,$173.00,"1,440",22,12,,,2,2,Autoscale,m6g.medium,3,8,$0.01,$145.22,84%,0,0,16,1,64,4,0,0,172567,aml8039-shuriv2-dev01,eks-shuriv2-dev01-general-workloads-9ec9dcc9-17d3-29ed-e223-caf138a88207,1676,
AML,Shuri,676839558039,dev,676839558039:us-west-2:eks-shuriv2-dev01-platform-services-4ec8df2e-e7b0-ae60-6e1c-9ebc5017a533,us-west-2,us-west-2a,m7i.4xlarge,USD,$0.14,$173.00,"1,440",17,14,,,2,2,Autoscale,m6g.medium,2,6,$0.01,$153.58,89%,0,0,16,1,64,4,0,0,172567,aml8039-shuriv2-dev01,eks-shuriv2-dev01-platform-services-4ec8df2e-e7b0-ae60-6e1c-9ebc5017a533,1621,
AML,Shuri,887159272191,prod,887159272191:us-east-1:eks-inframgmt01-platform-east1-manged-9cc9dac8-bcef-5a54-6127-4895b2b29abe,us-east-1,us-east-1a,c6i.4xlarge,USD,$0.12,$219.00,"2,160",3,7,,,3,3,Autoscale,r6g.medium,1,2,$0.01,$211.27,96%,0,0,16,1,32,8,0,0,172567,aml-inframgmt01-prod-east-1,eks-inframgmt01-platform-east1-manged-9cc9dac8-bcef-5a54-6127-4895b2b29abe,1124,
AML,Shuri,887159272191,prod,887159272191:us-east-1:rubix-asg-aml-shuri-prod-east-1-20210929210840212900000008,us-east-1,us-east-1c,r5a.12xlarge,USD,$0.46,$873.00,"2,160",8,22,,,3,3,Autoscale,x2gd.xlarge,4,4,$0.06,$709.22,81%,0,0,48,4,384,64,0,0,172567,aml-shuri-prod-east-1,rubix-asg-aml-shuri-prod-east-1-20210929210840212900000008,336,
AML,Shuri,887159272191,prod,887159272191:us-east-1:rubix-asg-aml-shuri-spark-prod-east-1-20220815235343259600000003,us-east-1,us-east-1a,r6a.8xlarge,USD,$0.31,$973.00,"3,600",23,58,,,5,5,Autoscale,x2gd.xlarge,11,12,$0.06,$491.51,50%,0,0,32,4,256,64,0,0,172567,aml-shuri-spark-prod-east-1,rubix-asg-aml-shuri-spark-prod-east-1-20220815235343259600000003,423,
AML,Shuri,887159272191,prod,887159272191:us-west-2:eks-inframgmt01-platform-west2-manged-b4c9dccf-82dc-4c2f-d36f-34b7750fc590,us-west-2,us-west-2c,c6i.8xlarge,USD,$0.23,$438.00,"2,160",10,16,,,3,3,Autoscale,r6g.medium,4,10,$0.01,$411.45,94%,0,0,32,1,64,8,0,0,172567,aml-inframgmt01-prod-west-2,eks-inframgmt01-platform-west2-manged-b4c9dccf-82dc-4c2f-d36f-34b7750fc590,596,
AML,Shuri,887159272191,prod,887159272191:us-west-2:eks-inframgmt02-platform-west2-manged-66c9dcc9-e9b4-b8f2-fa96-726e9ad52456,us-west-2,us-west-2c,c6i.8xlarge,USD,$0.23,$438.00,"2,160",2,4,,,3,3,Autoscale,r6g.medium,1,2,$0.01,$430.55,98%,0,49,32,1,64,8,0,0,172567,aml-inframgmt02-prod-west-2,eks-inframgmt02-platform-west2-manged-66c9dcc9-e9b4-b8f2-fa96-726e9ad52456,559,
AML,Shuri,887159272191,prod,887159272191:us-west-2:rubix-asg-aml-shuri-dataplatform-prod-west-2-20230720160737770300000003,us-west-2,us-west-2c,r6a.8xlarge,USD,$0.31,$974.00,"3,600",19,56,,,5,5,Autoscale,x2gd.xlarge,11,12,$0.06,$521.91,54%,0,0,32,4,256,64,0,0,172567,aml-shuri-dataplatform-prod-west-2,rubix-asg-aml-shuri-dataplatform-prod-west-2-20230720160737770300000003,408,
AML,Shuri,887159272191,prod,887159272191:us-west-2:rubix-asg-aml-shuri-dataplatform-prod-west-2-20230818163138636100000004,us-west-2,us-west-2b,c5.12xlarge,USD,$0.35,"$1,719.00","5,642",26,56,,,7,10,Autoscale,r6g.xlarge,9,28,$0.03,"$1,440.54",84%,0,0,48,4,96,32,0,0,172567,aml-shuri-dataplatform-prod-west-2,rubix-asg-aml-shuri-dataplatform-prod-west-2-20230818163138636100000004,165,
AML,Shuri,887159272191,prod,887159272191:us-west-2:rubix-asg-aml-shuri-prod-west-2-20211007003030059900000008,us-west-2,us-west-2c,r5a.12xlarge,USD,$0.46,$873.00,"2,160",7,21,,,3,3,Autoscale,x2gd.xlarge,4,4,$0.06,$709.68,81%,0,0,48,4,384,64,0,0,172567,aml-shuri-prod-west-2,rubix-asg-aml-shuri-prod-west-2-20211007003030059900000008,337,
AML,Shuri,887159272191,prod,887159272191:us-west-2:rubix-asg-aml-shuri-spark-prod-west-2-20220815235320499900000003,us-west-2,us-west-2a,r6a.4xlarge,USD,$0.15,"$1,482.00","10,582",42,24,,,8,27,Autoscale,r6g.large,9,69,$0.02,"$1,230.84",83%,0,0,16,2,128,16,0,0,172567,aml-shuri-spark-prod-west-2,rubix-asg-aml-shuri-spark-prod-west-2-20220815235320499900000003,218,
GBI,AiDP - RightNotes,929780461754,dev,929780461754:ap-southeast-1:eks-a8bc33ae-3adc-fc9f-aa53-9c0474d48300,ap-southeast-1,ap-southeast-1c,m5.4xlarge,USD,$0.16,$206.00,"1,440",5,100,,,2,2,Autoscale,r6g.xlarge,4,4,$0.04,$87.21,42%,0,35,16,4,64,32,0,1,103300,okapi-infra-r-dev-ap-southeast-1-eks-cluster,eks-a8bc33ae-3adc-fc9f-aa53-9c0474d48300,2383,
GBI,AiDP - RightNotes,929780461754,dev,929780461754:eu-west-1:eks-90bc33ad-90b1-520c-1a29-047185f40f3a,eu-west-1,eu-west-1a,m5.4xlarge,USD,$0.15,$184.00,"1,440",5,100,,,2,2,Autoscale,x2gd.xlarge,2,2,$0.07,$86.02,47%,0,51,16,4,64,64,0,1,103300,okapi-infra-r-dev-eu-west-1-eks-cluster,eks-90bc33ad-90b1-520c-1a29-047185f40f3a,2400,
GBI,AiDP - RightNotes,929780461754,dev,929780461754:us-east-1:eks-40bc33ae-cdc7-aa3a-6222-ba10e2eba6af,us-east-1,us-east-1a,m5.12xlarge,USD,$0.39,$495.00,"1,440",3,3,,,2,2,Autoscale,r6g.medium,2,3,$0.01,$481.48,97%,0,0,48,1,192,8,0,0,103300,okapi-infra-r-dev-us-east-1-eks-cluster,eks-40bc33ae-cdc7-aa3a-6222-ba10e2eba6af,504,
GBI,AiDP - RightNotes,929780461754,dev,929780461754:us-west-2:eks-okapi-infra-r-dev-us-west-2-eks-cluster-ng-ffecf92-2abe4450-02c9-d435-4474-018d8583c81f,us-west-2,us-west-2c,m5.12xlarge,USD,$0.39,"$1,238.00","3,600",8,26,,,5,5,Autoscale,x2gd.medium,10,19,$0.01,"$1,095.83",89%,0,0,48,1,192,16,0,0,103300,okapi-infra-r-dev-us-west-2-eks-cluster,eks-okapi-infra-r-dev-us-west-2-eks-cluster-ng-ffecf92-2abe4450-02c9-d435-4474-018d8583c81f,229,
GBI,GBI Cloud Data Warehouse,283789794069,test,283789794069:us-west-2:rubix-asg-terminus-sirius-test-20230429014933683400000003,us-west-2,us-west-2c,t3.medium,USD,$0.01,$14.00,"2,253",45,66,,,3,7,Autoscale,t4g.nano,6,23,$0.00,$7.98,58%,0,0,0,0,4,1,0,0,104718,terminus-sirius-test,rubix-asg-terminus-sirius-test-20230429014933683400000003,5205,
GBI,GBI Cloud Data Warehouse,283789794069,test,283789794069:us-west-2:rubix-asg-terminus-sirius-test-20230616064952287700000004,us-west-2,us-west-2c,t3.2xlarge,USD,$0.06,$74.00,"1,500",25,14,,,2,5,Autoscale,t4g.small,3,12,$0.00,$64.88,87%,0,0,3,0,32,2,0,0,104718,terminus-sirius-test,rubix-asg-terminus-sirius-test-20230616064952287700000004,2992,
GBI,GBI Cloud Data Warehouse,283789794069,test,283789794069:us-west-2:rubix-asg-terminus-sirius-test-20250218030737325300000005,us-west-2,us-west-2a,m7g.2xlarge,USD,$0.06,$76.00,"1,551",19,9,,,2,4,Autoscale,r6g.medium,1,4,$0.01,$69.67,92%,0,0,8,1,32,8,0,0,104718,terminus-sirius-test,rubix-asg-terminus-sirius-test-20250218030737325300000005,2953,
GBI,GBI Cloud Data Warehouse,512522596941,dev,512522596941:us-west-2:eks-cdpsvcs-gp-arm64-wg1-1ec93c0b-e4f1-18fc-1b33-47faa0edf2d1,us-west-2,us-west-2b,m7g.2xlarge,USD,$0.06,$105.00,"2,160",24,31,,,3,3,Autoscale,r6g.medium,2,6,$0.01,$86.14,82%,0,0,8,1,32,8,0,0,104718,cdp-services-prod,eks-cdpsvcs-gp-arm64-wg1-1ec93c0b-e4f1-18fc-1b33-47faa0edf2d1,2502,
GBI,GBI Cloud Data Warehouse,512522596941,dev,512522596941:us-west-2:eks-cdpsvcs-gp-arm64-wg2-b0c93c0b-e4f3-299f-1b28-39b3f5f63ed2,us-west-2,us-west-2a,m7g.4xlarge,USD,$0.11,$70.00,720,33,26,,,1,1,Autoscale,m6g.large,1,3,$0.01,$60.67,87%,0,89,16,2,64,8,0,0,104718,cdp-services-prod,eks-cdpsvcs-gp-arm64-wg2-b0c93c0b-e4f3-299f-1b28-39b3f5f63ed2,3074,
GBI,GBI Cloud Data Warehouse,512522596941,dev,512522596941:us-west-2:eks-cdpsvcs-gp-arm64-wg3-acc93c0b-e4f0-5c12-22b9-bf03a37b7050,us-west-2,us-west-2c,m7g.2xlarge,USD,$0.06,$35.00,720,10,7,,,1,1,Autoscale,c6g.medium,1,2,$0.01,$30.68,87%,0,59,8,1,32,2,0,0,104718,cdp-services-prod,eks-cdpsvcs-gp-arm64-wg3-acc93c0b-e4f0-5c12-22b9-bf03a37b7050,4035,
GBI,GBI Cloud Data Warehouse,512522596941,dev,512522596941:us-west-2:eks-cdpsvcs-gp-ml-arm64-wg3-66c95108-526c-ebad-bcc0-fc5a96cf3984,us-west-2,us-west-2b,c7g.8xlarge,USD,$0.20,$374.00,"2,137",59,17,,,2,3,Autoscale,m6g.2xlarge,1,8,$0.05,$331.12,89%,0,0,32,8,64,32,0,1,104718,cdp-services-prod,eks-cdpsvcs-gp-ml-arm64-wg3-66c95108-526c-ebad-bcc0-fc5a96cf3984,756,
GBI,GBI Cloud Data Warehouse,512522596941,prod,512522596941:us-west-2:rubix-asg-terminus-sirius-prod-20230325025316197600000003,us-west-2,us-west-2a,t3.medium,USD,$0.01,$13.00,"2,160",44,36,,,3,3,Autoscale,t4g.nano,9,9,$0.00,$8.77,65%,0,0,0,0,4,1,0,0,104718,terminus-sirius-prod,rubix-asg-terminus-sirius-prod-20230325025316197600000003,5169,
GBI,GBI Cloud Data Warehouse,512522596941,prod,512522596941:us-west-2:rubix-asg-terminus-sirius-prod-20230414002803761700000004,us-west-2,us-west-2c,t3.2xlarge,USD,$0.06,$36.00,720,22,18,,,1,1,Autoscale,t4g.small,3,3,$0.00,$29.53,83%,0,0,3,0,32,2,0,0,104718,terminus-sirius-prod,rubix-asg-terminus-sirius-prod-20230414002803761700000004,4065,
GBI,GBI Cloud Data Warehouse,512522596941,prod,512522596941:us-west-2:rubix-asg-terminus-sirius-prod-20230414144549576100000003,us-west-2,us-west-2a,t3.medium,USD,$0.01,$4.00,720,50,37,,,1,1,Autoscale,t4g.nano,3,3,$0.00,$2.93,65%,0,0,0,0,4,1,0,0,104718,terminus-sirius-prod,rubix-asg-terminus-sirius-prod-20230414144549576100000003,5480,
GBI,GBI Cloud Data Warehouse,512522596941,prod,512522596941:us-west-2:rubix-asg-terminus-sirius-prod-20230529151611305500000005,us-west-2,us-west-2b,c6i.8xlarge,USD,$0.23,$146.00,720,5,42,,,1,1,Autoscale,x2gd.medium,1,2,$0.01,$133.35,91%,0,70,32,1,64,16,0,0,104718,terminus-sirius-prod,rubix-asg-terminus-sirius-prod-20230529151611305500000005,1960,
GBI,GBI Cloud Data Warehouse,512522596941,prod,512522596941:us-west-2:rubix-asg-terminus-sirius-prod-20230529151611305600000006,us-west-2,us-west-2c,c6i.8xlarge,USD,$0.23,$146.00,720,6,31,,,1,1,Autoscale,r6g.medium,1,3,$0.01,$131.49,90%,0,49,32,1,64,8,0,0,104718,terminus-sirius-prod,rubix-asg-terminus-sirius-prod-20230529151611305600000006,2007,
GBI,GBI Cloud Data Warehouse,512522596941,prod,512522596941:us-west-2:rubix-asg-terminus-sirius-prod-20240227191954517800000008,us-west-2,us-west-2b,p3.2xlarge,USD,$1.22,$774.00,720,12,2,,,1,1,Autoscale,g5g.xlarge,1,1,$0.07,$722.16,93%,0,39,8,4,61,8,1,0,104718,terminus-sirius-prod,rubix-asg-terminus-sirius-prod-20240227191954517800000008,821,
GBI,GBI Cloud Data Warehouse,512522596941,prod,512522596941:us-west-2:rubix-asg-terminus-sirius-prod-20240823184206909200000009,us-west-2,us-west-2a,m7g.2xlarge,USD,$0.06,$35.00,720,17,15,,,1,1,Autoscale,r6g.medium,1,2,$0.01,$28.64,82%,0,40,8,1,32,8,0,0,104718,terminus-sirius-prod,rubix-asg-terminus-sirius-prod-20240823184206909200000009,4147,
GBI,GBI Cloud Data Warehouse,607379862325,dev,607379862325:us-west-2:rubix-asg-terminus-sirius-dev-20230307055749109300000003,us-west-2,us-west-2b,t3.medium,USD,$0.01,$13.00,"2,174",40,44,,,3,7,Autoscale,t4g.nano,6,21,$0.00,$8.80,66%,0,0,0,0,4,1,0,0,104718,terminus-sirius-dev,rubix-asg-terminus-sirius-dev-20230307055749109300000003,5138,
GBI,GBI Cloud Data Warehouse,607379862325,dev,607379862325:us-west-2:rubix-asg-terminus-sirius-dev-20230406040224443800000004,us-west-2,us-west-2a,t3.2xlarge,USD,$0.06,$65.00,"1,338",47,22,,,1,6,Autoscale,t4g.small,3,13,$0.00,$56.59,87%,0,0,3,0,32,2,0,0,104718,terminus-sirius-dev,rubix-asg-terminus-sirius-dev-20230406040224443800000004,3129,
GBI,GBI Cloud Data Warehouse,607379862325,dev,607379862325:us-west-2:rubix-asg-terminus-sirius-dev-20240307173605859700000007,us-west-2,us-west-2c,m7g.2xlarge,USD,$0.06,$215.00,"4,420",13,10,,,6,13,Autoscale,r6g.medium,2,11,$0.01,$197.22,92%,0,0,8,1,32,8,0,0,104718,terminus-sirius-dev,rubix-asg-terminus-sirius-dev-20240307173605859700000007,1174,
GBI,GBI Cloud Economics,33054238477,dev,033054238477:us-east-1:asgoffhoursec2asg-e766b73,us-east-1,us-east-1b,t4g.small,USD,$0.00,$2.00,582,27,100,,,2,2,No Action,t4g.small,2,2,$0.00,$0.00,0%,0,90,0,0,2,2,1,1,200456,,asgoffhoursec2asg-e766b73,5858,
GBI,GBI Cloud Economics,33054238477,dev,033054238477:us-east-1:rubix-asg-gbi-econsec-dev-networktesting-20240408081759386500000004,us-east-1,us-east-1c,t4g.medium,USD,$0.01,$14.00,"2,880",34,36,,,4,4,Autoscale,t4g.nano,11,12,$0.00,$8.74,61%,0,0,0,0,4,1,0,0,200456,gbi-econsec-dev-networktesting,rubix-asg-gbi-econsec-dev-networktesting-20240408081759386500000004,5141,
GBI,GBI Cloud Economics,33054238477,dev,033054238477:us-west-2:rubix-asg-cloudcoe-devcluster-20250128084130121500000003,us-west-2,us-west-2b,t4g.medium,USD,$0.01,$11.00,"2,160",54,58,,,3,3,Autoscale,t4g.micro,6,7,$0.00,$3.75,35%,0,0,0,0,4,1,1,0,200456,cloudcoe-devcluster,rubix-asg-cloudcoe-devcluster-20250128084130121500000003,5403,
GBI,GBI Cloud Economics,33054238477,dev,033054238477:us-west-2:rubix-asg-cloudcoe-test-gpu-20250519124750768100000001,us-west-2,us-west-2c,(multiple),USD,$0.30,$95.00,329,16,20,,,3,7,Autoscale,g5g.xlarge,3,7,$0.07,$71.54,75%,0,0,8,4,32,8,1,0,200456,cloudcoe-test-gpu,rubix-asg-cloudcoe-test-gpu-20250519124750768100000001,4778,
GBI,GBI Cloud Economics,33054238477,dev,033054238477:us-west-2:rubix-asg-gbi-networktesting-dev-20221031171215687800000003,us-west-2,us-west-2a,t4g.medium,USD,$0.01,$5.00,"1,130",67,100,,,1,13,Autoscale,t4g.nano,4,32,$0.00,$2.04,41%,0,0,0,0,4,1,0,0,200456,gbi-networktesting-dev,rubix-asg-gbi-networktesting-dev-20221031171215687800000003,5481,
GBI,GBI Cloud Economics,719262992034,prod,719262992034:us-west-2:rubix-asg-cloudcoe-prodcluster-20250527084859465100000003,us-west-2,us-west-2c,m7g.xlarge,USD,$0.03,$53.00,"2,101",22,20,,,3,7,Autoscale,r6g.medium,1,7,$0.01,$44.99,86%,0,0,4,1,16,8,0,1,200456,cloudcoe-prodcluster,rubix-asg-cloudcoe-prodcluster-20250527084859465100000003,3410,
GBI,GBI Cloud Economics,719262992034,prod,719262992034:us-west-2:rubix-asg-gbi-network-testing-20220615165222223000000003,us-west-2,us-west-2b,t4g.medium,USD,$0.01,$14.00,"2,900",24,35,,,4,11,Autoscale,t4g.nano,9,21,$0.00,$9.72,67%,0,0,0,0,4,1,0,0,200456,gbi-network-testing,rubix-asg-gbi-network-testing-20220615165222223000000003,5023,
GBI,GBI Collibra Platform,652478936944,prod,652478936944:us-west-2:asg-lineage-bridge,us-west-2,us-west-2b,c6g.large,USD,$0.01,$7.00,720,28,100,,,1,1,Autoscale,m6g.medium,1,1,$0.01,$2.58,35%,0,54,2,1,4,4,1,1,200194,,asg-lineage-bridge,5479,
GBI,GBI Collibra Platform,652478936944,prod,652478936944:us-west-2:Edge-ASG,us-west-2,us-west-2b,c5a.12xlarge,USD,$0.31,$199.00,720,16,100,,,1,1,Autoscale,x2gd.large,3,4,$0.03,$135.72,68%,0,67,48,2,96,32,0,0,200194,,edge-asg,1826,
GBI,GBI Collibra Platform,652478936944,prod,652478936944:us-west-2:lineage-harvester-ASG,us-west-2,us-west-2a,c6g.large,USD,$0.01,$7.00,720,71,100,,,1,1,Autoscale,m6g.medium,1,2,$0.01,$2.35,32%,0,38,2,1,4,4,1,1,200194,,lineage-harvester-asg,5482,
GBI,GBI Collibra Platform,901167928534,dev,901167928534:us-west-2:Edge-DEV-CENTOS,us-west-2,us-west-2b,c5a.12xlarge,USD,$0.31,$199.00,720,11,10,,,1,1,Autoscale,m6g.large,1,3,$0.01,$179.01,90%,0,54,48,2,96,8,0,0,200194,,edge-dev-centos,1244,
GBI,GBI Datalake Platform,189535923758,test,189535923758:us-west-2:rubix-asg-gbidl-sb-pt-eks-us-west-2-test-20230109074639140400000007,us-west-2,us-west-2b,t3.xlarge,USD,$0.03,$107.00,"4,320",24,12,,,6,6,Autoscale,t4g.nano,21,24,$0.00,$95.97,89%,0,0,2,0,16,1,0,0,104908,gbidl-sb-pt-eks-us-west-2-test,rubix-asg-gbidl-sb-pt-eks-us-west-2-test-20230109074639140400000007,2415,
GBI,GBI Datalake Platform,189535923758,test,189535923758:us-west-2:rubix-asg-gbidl-sb-pt-eks-us-west-2-test-20230505013028061900000007,us-west-2,us-west-2b,t4g.xlarge,USD,$0.02,$72.00,"3,600",15,19,,,5,5,Autoscale,t4g.micro,8,16,$0.00,$62.94,87%,0,0,2,0,16,1,0,0,104908,gbidl-sb-pt-eks-us-west-2-test,rubix-asg-gbidl-sb-pt-eks-us-west-2-test-20230505013028061900000007,3031,
GBI,GBI Datalake Platform,189535923758,test,189535923758:us-west-2:rubix-asg-gbidl-sb-pt-eks-us-west-2-test-20230505013028062000000008,us-west-2,us-west-2c,t4g.xlarge,USD,$0.02,$101.00,"5,040",15,12,,,7,7,Autoscale,t4g.nano,24,27,$0.00,$88.03,87%,0,0,2,0,16,1,0,0,104908,gbidl-sb-pt-eks-us-west-2-test,rubix-asg-gbidl-sb-pt-eks-us-west-2-test-20230505013028062000000008,2491,
GBI,GBI Datalake Platform,189535923758,test,189535923758:us-west-2:rubix-asg-gbidl-sb-pt-eks-us-west-2-test-20230505013028063400000009,us-west-2,us-west-2a,t4g.xlarge,USD,$0.02,$58.00,"2,880",14,12,,,4,4,Autoscale,t4g.nano,14,15,$0.00,$50.10,87%,0,0,2,0,16,1,0,0,104908,gbidl-sb-pt-eks-us-west-2-test,rubix-asg-gbidl-sb-pt-eks-us-west-2-test-20230505013028063400000009,3215,
GBI,GBI Datalake Platform,189535923758,test,189535923758:us-west-2:rubix-asg-rubix-nr-automation-poc-20240828060158843700000003,us-west-2,us-west-2b,t4g.xlarge,USD,$0.02,$29.00,"1,388",19,8,,,2,2,Autoscale,t4g.nano,5,7,$0.00,$26.11,90%,0,0,2,0,16,1,0,0,104908,rubix-nr-automation-poc,rubix-asg-rubix-nr-automation-poc-20240828060158843700000003,4319,
GBI,GBI Datalake Platform,189535923758,test,189535923758:us-west-2:rubix-asg-rubix-nr-automation-poc-20241216074226376700000003,us-west-2,us-west-2b,t4g.xlarge,USD,$0.02,$14.00,720,20,10,,,1,1,Autoscale,t4g.nano,3,4,$0.00,$12.88,89%,0,0,2,0,16,1,0,0,104908,rubix-nr-automation-poc,rubix-asg-rubix-nr-automation-poc-20241216074226376700000003,4901,
GBI,GBI Datalake Platform,423456320538,dev,423456320538:us-east-1:rubix-asg-gbidl-us-east1-dev-20240731004828061700000003,us-east-1,us-east-1b,r6g.xlarge,USD,$0.03,$125.00,"3,826",21,6,,,2,21,Autoscale,r6g.medium,1,18,$0.01,$114.20,92%,0,0,4,1,32,8,0,0,106424,gbidl-us-east1-dev,rubix-asg-gbidl-us-east1-dev-20240731004828061700000003,2363,
GBI,GBI Datalake Platform,423456320538,dev,423456320538:us-west-2:rubix-asg-gbidl-us-west-2-dev-2023060800002227620000000b,us-west-2,us-west-2b,r6g.4xlarge,USD,$0.14,$87.00,681,14,46,,,1,2,Autoscale,x2gd.xlarge,1,1,$0.06,$49.38,57%,0,0,16,4,128,64,0,1,106424,gbidl-us-west-2-dev,rubix-asg-gbidl-us-west-2-dev-2023060800002227620000000b,3249,
GBI,GBI Datalake Platform,423456320538,dev,423456320538:us-west-2:rubix-asg-gbidl-us-west-2-dev-20240516221109857700000003,us-west-2,us-west-2c,r6g.4xlarge,USD,$0.14,"$1,473.00","11,229",21,10,,,13,17,Autoscale,m6g.medium,13,57,$0.01,"$1,402.44",95%,0,0,16,1,128,4,0,0,106424,gbidl-us-west-2-dev,rubix-asg-gbidl-us-west-2-dev-20240516221109857700000003,199,
GBI,GBI Datalake Platform,423456320538,dev,423456320538:us-west-2:rubix-asg-gbidl-us-west-2-dev-20241018043633290800000003,us-west-2,us-west-2b,m5.4xlarge,USD,$0.13,$119.00,972,17,67,,,1,2,Autoscale,x2gd.medium,2,6,$0.01,$95.98,80%,0,4,16,1,64,16,0,0,106424,gbidl-us-west-2-dev,rubix-asg-gbidl-us-west-2-dev-20241018043633290800000003,2483,
GBI,GBI Datalake Platform,423456320538,dev,423456320538:us-west-2:rubix-asg-gbidl-us-west-2-dev-20250214174228947400000003,us-west-2,us-west-2a,r6g.4xlarge,USD,$0.14,$87.00,661,7,12,,,1,1,Autoscale,x2gd.medium,1,2,$0.01,$76.86,89%,0,20,16,1,128,16,0,0,106424,gbidl-us-west-2-dev,rubix-asg-gbidl-us-west-2-dev-20250214174228947400000003,2937,
GBI,GBI Datalake Platform,423456320538,dev,423456320538:us-west-2:rubix-asg-gbidl-us-west-2-dev-20250214175449376800000003,us-west-2,us-west-2a,r6g.4xlarge,USD,$0.14,$87.00,661,14,52,,,1,1,Autoscale,x2gd.large,3,3,$0.03,$30.33,35%,0,5,16,2,128,32,0,0,106424,gbidl-us-west-2-dev,rubix-asg-gbidl-us-west-2-dev-20250214175449376800000003,4069,
GBI,GBI Datalake Platform,597115181257,prod,597115181257:us-east-1:rubix-asg-gbidl-us-east-1-spark-prod-20230706181845239900000004,us-east-1,us-east-1b,t4g.xlarge,USD,$0.02,$87.00,"4,323",21,14,,,6,9,Autoscale,t4g.nano,22,31,$0.00,$74.19,86%,0,0,2,0,16,1,0,0,106424,gbidl-us-east-1-spark-prod,rubix-asg-gbidl-us-east-1-spark-prod-20230706181845239900000004,2796,
GBI,GBI Datalake Platform,597115181257,prod,597115181257:us-east-1:rubix-asg-gbidl-us-east-1-spark-prod-20231013052326571900000003,us-east-1,us-east-1c,r6g.8xlarge,USD,$0.27,$173.00,720,4,55,,,1,1,Autoscale,x2gd.xlarge,3,3,$0.06,$50.49,29%,0,65,32,4,256,64,0,0,106424,gbidl-us-east-1-spark-prod,rubix-asg-gbidl-us-east-1-spark-prod-20231013052326571900000003,2997,
GBI,GBI Datalake Platform,597115181257,prod,597115181257:us-west-2:rubix-asg-gbidl-us-west-2-prod-2023060819321816030000000a,us-west-2,us-west-2a,r6g.4xlarge,USD,$0.14,$87.00,721,16,9,,,1,2,Autoscale,r6g.medium,2,3,$0.01,$73.90,85%,0,0,16,1,128,8,0,0,106424,gbidl-us-west-2-prod,rubix-asg-gbidl-us-west-2-prod-2023060819321816030000000a,2802,
GBI,GBI Datalake Platform,597115181257,prod,597115181257:us-west-2:rubix-asg-gbidl-us-west-2-prod-2025032420575806110000000c,us-west-2,us-west-2b,r6g.8xlarge,USD,$0.27,$363.00,"2,023",42,50,,,1,53,Autoscale,x2gd.medium,5,104,$0.01,$252.34,70%,0,0,32,1,256,16,0,0,106424,gbidl-us-west-2-prod,rubix-asg-gbidl-us-west-2-prod-2025032420575806110000000c,641,
GBI,GBI Datalake Platform,597115181257,prod,597115181257:us-west-2:rubix-asg-gbidl-us-west-2-prod-2025032420575806110000000d,us-west-2,us-west-2a,r6g.8xlarge,USD,$0.27,$173.00,720,10,31,,,1,1,Autoscale,x2gd.large,3,3,$0.03,$111.90,65%,0,0,32,2,256,32,0,0,106424,gbidl-us-west-2-prod,rubix-asg-gbidl-us-west-2-prod-2025032420575806110000000d,2161,
GBI,GBI Datalake Platform,597115181257,prod,597115181257:us-west-2:rubix-asg-gbidl-us-west-2-prod-2025032420575808000000000e,us-west-2,us-west-2c,r6g.8xlarge,USD,$0.27,"$6,811.00","30,674",98,81,,,1,162,Autoscale,r6g.2xlarge,2,347,$0.07,"$1,225.17",18%,0,15,32,8,256,64,0,0,106424,gbidl-us-west-2-prod,rubix-asg-gbidl-us-west-2-prod-2025032420575808000000000e,90,
GBI,GBI Datalake Platform,597115181257,prod,597115181257:us-west-2:rubix-asg-gbidl-us-west-2-prod-20250410221318165200000007,us-west-2,us-west-2a,r6g.8xlarge,USD,$0.27,"$1,800.00","8,836",99,73,,,1,45,Autoscale,r6g.2xlarge,1,137,$0.07,$322.56,18%,0,0,32,8,256,64,0,0,106424,gbidl-us-west-2-prod,rubix-asg-gbidl-us-west-2-prod-20250410221318165200000007,313,
GBI,GBI Datalake Platform,597115181257,prod,597115181257:us-west-2:rubix-asg-gbidl-us-west-2-spark-prod-2-20230706181832987500000004,us-west-2,us-west-2a,t4g.xlarge,USD,$0.02,$130.00,"6,483",14,13,,,9,12,Autoscale,t4g.nano,34,41,$0.00,$112.03,86%,0,0,2,0,16,1,0,0,106424,gbidl-us-west-2-spark-prod-2,rubix-asg-gbidl-us-west-2-spark-prod-2-20230706181832987500000004,2197,
GBI,GBI Datalake Platform,608633355463,test,608633355463:us-west-2:rubix-asg-gbidl-pt-eks-us-west-2-test-20230516215950655500000007,us-west-2,us-west-2b,t4g.xlarge,USD,$0.02,$43.00,"2,160",15,11,,,3,3,Autoscale,t4g.nano,9,11,$0.00,$38.67,89%,0,0,2,0,16,1,0,0,106424,gbidl-pt-eks-us-west-2-test,rubix-asg-gbidl-pt-eks-us-west-2-test-20230516215950655500000007,3671,
GBI,GBI Datalake Platform,608633355463,test,608633355463:us-west-2:rubix-asg-gbidl-pt-eks-us-west-2-test-20230516215950655500000008,us-west-2,us-west-2a,t4g.xlarge,USD,$0.02,$14.00,720,22,14,,,1,1,Autoscale,t4g.micro,2,3,$0.00,$12.13,84%,0,0,2,0,16,1,0,0,106424,gbidl-pt-eks-us-west-2-test,rubix-asg-gbidl-pt-eks-us-west-2-test-20230516215950655500000008,4930,
GBI,GBI Datalake Platform,608633355463,test,608633355463:us-west-2:rubix-asg-gbidl-pt-eks-us-west-2-test-20230516215950655800000009,us-west-2,us-west-2c,t4g.xlarge,USD,$0.02,$14.00,720,21,10,,,1,1,Autoscale,t4g.nano,3,4,$0.00,$12.85,89%,0,0,2,0,16,1,0,0,106424,gbidl-pt-eks-us-west-2-test,rubix-asg-gbidl-pt-eks-us-west-2-test-20230516215950655800000009,4906,
GBI,GBI Datalake Platform,637644684243,prod,637644684243:us-east-1:rubix-asg-gbidl-sb-pt-eks-us-east-1-prod-20240213201131630600000007,us-east-1,us-east-1a,t4g.xlarge,USD,$0.02,$99.00,"5,055",21,15,,,6,12,Autoscale,t4g.nano,23,40,$0.00,$84.60,85%,0,0,2,0,16,1,0,0,104908,gbidl-sb-pt-eks-us-east-1-prod,rubix-asg-gbidl-sb-pt-eks-us-east-1-prod-20240213201131630600000007,2499,
GBI,GBI Datalake Platform,637644684243,prod,637644684243:us-east-1:rubix-asg-gbidl-sb-pt-eks-us-east-1-prod-20240213201131631900000008,us-east-1,us-east-1b,t4g.xlarge,USD,$0.02,$79.00,"3,994",22,11,,,5,10,Autoscale,t4g.nano,15,32,$0.00,$70.61,89%,0,0,2,0,16,1,0,0,104908,gbidl-sb-pt-eks-us-east-1-prod,rubix-asg-gbidl-sb-pt-eks-us-east-1-prod-20240213201131631900000008,2903,
GBI,GBI Datalake Platform,637644684243,prod,637644684243:us-east-1:rubix-asg-gbidl-sb-pt-eks-us-east-1-prod-20240213201131645600000009,us-east-1,us-east-1c,t4g.xlarge,USD,$0.02,$95.00,"4,628",24,11,,,2,9,Autoscale,t4g.nano,7,25,$0.00,$86.05,90%,0,0,2,0,16,1,0,0,104908,gbidl-sb-pt-eks-us-east-1-prod,rubix-asg-gbidl-sb-pt-eks-us-east-1-prod-20240213201131645600000009,2650,
GBI,GBI Datalake Platform,637644684243,prod,637644684243:us-east-1:rubix-asg-gbidl-ue1-sb-prod-machinery-4243-20240322200649210700000003,us-east-1,us-east-1c,t3.xlarge,USD,$0.03,$89.00,"3,603",31,17,,,5,8,Autoscale,t4g.micro,11,20,$0.00,$76.66,86%,0,0,2,0,16,1,0,0,104908,gbidl-ue1-sb-prod-machinery-4243,rubix-asg-gbidl-ue1-sb-prod-machinery-4243-20240322200649210700000003,2744,
GBI,GBI Datalake Platform,637644684243,prod,637644684243:us-east-1:rubix-asg-sb4243-guardian-eks-01-20240712003732037900000003,us-east-1,us-east-1c,m5.2xlarge,USD,$0.07,$124.00,"2,160",12,14,,,3,3,Autoscale,r6g.medium,2,3,$0.01,$110.33,89%,0,0,8,1,32,8,0,0,104908,sb4243-guardian-eks-01,rubix-asg-sb4243-guardian-eks-01-20240712003732037900000003,2265,
GBI,GBI Datalake Platform,637644684243,prod,637644684243:us-east-1:rubix-asg-sb4243-trino-gbidl-ue1-20240711193720319300000005,us-east-1,us-east-1a,m5.4xlarge,USD,$0.13,$91.00,785,6,96,,,1,3,Autoscale,r6g.medium,1,10,$0.01,$76.89,85%,0,88,16,1,64,8,0,0,104908,sb4243-trino-gbidl-ue1,rubix-asg-sb4243-trino-gbidl-ue1-20240711193720319300000005,2749,
GBI,GBI Datalake Platform,637644684243,prod,637644684243:us-east-1:rubix-asg-sb4243-trino-gbidl-ue1-20240711193720319700000006,us-east-1,us-east-1a,m5.4xlarge,USD,$0.13,$157.00,"1,386",8,96,,,1,4,Autoscale,x2gd.medium,1,8,$0.01,$114.67,73%,0,61,16,1,64,16,0,0,104908,sb4243-trino-gbidl-ue1,rubix-asg-sb4243-trino-gbidl-ue1-20240711193720319700000006,2146,
GBI,GBI Datalake Platform,637644684243,prod,637644684243:us-west-2:rubix-asg-gbidl-sb-pt-eks-us-west-2-prod-2023050819482693540000000b,us-west-2,us-west-2b,t4g.xlarge,USD,$0.02,$125.00,"6,488",24,18,,,6,15,Autoscale,t4g.micro,13,32,$0.00,$107.28,86%,0,0,2,0,16,1,0,0,104908,gbidl-sb-pt-eks-us-west-2-prod,rubix-asg-gbidl-sb-pt-eks-us-west-2-prod-2023050819482693540000000b,2194,
GBI,GBI Datalake Platform,637644684243,prod,637644684243:us-west-2:rubix-asg-gbidl-sb-pt-eks-us-west-2-prod-2023050819482693580000000c,us-west-2,us-west-2a,t4g.xlarge,USD,$0.02,$143.00,"7,020",21,18,,,8,16,Autoscale,t4g.micro,17,34,$0.00,$122.64,86%,0,0,2,0,16,1,0,0,104908,gbidl-sb-pt-eks-us-west-2-prod,rubix-asg-gbidl-sb-pt-eks-us-west-2-prod-2023050819482693580000000c,2134,
GBI,GBI Datalake Platform,637644684243,prod,637644684243:us-west-2:rubix-asg-gbidl-sb-pt-eks-us-west-2-prod-20230508194826931300000009,us-west-2,us-west-2c,t4g.xlarge,USD,$0.02,$164.00,"8,288",18,20,,,9,19,Autoscale,t4g.nano,33,67,$0.00,$143.56,88%,0,0,2,0,16,1,0,0,104908,gbidl-sb-pt-eks-us-west-2-prod,rubix-asg-gbidl-sb-pt-eks-us-west-2-prod-20230508194826931300000009,1677,
GBI,GBI Datalake Platform,637644684243,prod,637644684243:us-west-2:rubix-asg-gbidl-sb-us-west-2-spark-prod-20230609210249937700000004,us-west-2,us-west-2b,r6g.4xlarge,USD,$0.14,$260.00,"2,160",8,39,,,3,3,Autoscale,x2gd.medium,10,10,$0.01,$157.71,61%,0,0,16,1,128,16,0,0,104908,gbidl-sb-us-west-2-spark-prod,rubix-asg-gbidl-sb-us-west-2-spark-prod-20230609210249937700000004,1445,
GBI,GBI Datalake Platform,637644684243,prod,637644684243:us-west-2:rubix-asg-sb4243-guardian-gbidl-uw2-20241112001023078400000003,us-west-2,us-west-2b,m5.2xlarge,USD,$0.07,$124.00,"2,160",12,17,,,3,3,Autoscale,r6g.medium,2,3,$0.01,$110.08,89%,0,0,8,1,32,8,0,0,104908,sb4243-guardian-gbidl-uw2,rubix-asg-sb4243-guardian-gbidl-uw2-20241112001023078400000003,2268,
GBI,GBI Datalake Platform,637644684243,prod,637644684243:us-west-2:rubix-asg-sb4243-trino-gbidl-uw2-20241108033816160500000005,us-west-2,us-west-2c,m5.12xlarge,USD,$0.39,"$2,475.00","7,200",93,81,,,10,10,Autoscale,r6g.4xlarge,2,28,$0.14,"$1,259.91",51%,0,0,48,16,192,128,0,1,104908,sb4243-trino-gbidl-uw2,rubix-asg-sb4243-trino-gbidl-uw2-20241108033816160500000005,174,
GBI,GBI Datalake Platform,637644684243,prod,637644684243:us-west-2:rubix-asg-sb4243-trino-gbidl-uw2-20241108033816166800000006,us-west-2,us-west-2c,m5.12xlarge,USD,$0.39,$248.00,720,100,81,,,1,1,Autoscale,r6g.4xlarge,1,3,$0.14,$65.76,27%,0,37,48,16,192,128,0,1,104908,sb4243-trino-gbidl-uw2,rubix-asg-sb4243-trino-gbidl-uw2-20241108033816166800000006,2525,
GBI,GBI Datalake Platform,637644684243,prod,637644684243:us-west-2:rubix-asg-sb4243-trino-gbidl-uw2-20250603181401114800000003,us-west-2,us-west-2c,m7a.12xlarge,USD,$0.47,"$2,693.00","6,666",35,77,,,11,11,Autoscale,x2gd.2xlarge,1,24,$0.11,"$2,153.48",80%,0,0,48,8,192,128,0,1,104908,sb4243-trino-gbidl-uw2,rubix-asg-sb4243-trino-gbidl-uw2-20250603181401114800000003,95,
GBI,GBI Datalake Platform,713656412312,dev,713656412312:us-east-1:rubix-asg-gbidl-sb-pt-eks-us-east-1-dev-2025012708461467040000000a,us-east-1,us-east-1b,t4g.xlarge,USD,$0.02,$20.00,942,23,13,,,1,3,Autoscale,t4g.nano,3,11,$0.00,$18.27,90%,0,0,2,0,16,1,0,0,104908,gbidl-sb-pt-eks-us-east-1-dev,rubix-asg-gbidl-sb-pt-eks-us-east-1-dev-2025012708461467040000000a,4749,
GBI,GBI Datalake Platform,713656412312,dev,713656412312:us-east-1:rubix-asg-gbidl-sb-pt-eks-us-east-1-dev-20240708102752494800000003,us-east-1,us-east-1b,r6g.xlarge,USD,$0.03,$130.00,"4,080",17,6,,,6,6,Autoscale,m6g.medium,3,5,$0.01,$115.91,89%,0,0,4,1,32,4,0,0,104908,gbidl-sb-pt-eks-us-east-1-dev,rubix-asg-gbidl-sb-pt-eks-us-east-1-dev-20240708102752494800000003,2275,
GBI,GBI Datalake Platform,713656412312,dev,713656412312:us-east-1:rubix-asg-gbidl-sb-pt-eks-us-east-1-dev-20250127084614670100000008,us-east-1,us-east-1a,t4g.xlarge,USD,$0.02,$79.00,"3,819",24,11,,,5,11,Autoscale,t4g.nano,11,37,$0.00,$71.23,90%,0,0,2,0,16,1,0,0,104908,gbidl-sb-pt-eks-us-east-1-dev,rubix-asg-gbidl-sb-pt-eks-us-east-1-dev-20250127084614670100000008,2959,
GBI,GBI Datalake Platform,713656412312,dev,713656412312:us-east-1:rubix-asg-gbidl-sb-pt-eks-us-east-1-dev-20250127084614670400000009,us-east-1,us-east-1a,t4g.xlarge,USD,$0.02,$74.00,"3,438",23,11,,,4,8,Autoscale,t4g.nano,11,26,$0.00,$66.17,90%,0,0,2,0,16,1,0,0,104908,gbidl-sb-pt-eks-us-east-1-dev,rubix-asg-gbidl-sb-pt-eks-us-east-1-dev-20250127084614670400000009,3070,
GBI,GBI Datalake Platform,713656412312,dev,713656412312:us-west-2:eks-pccp-ng-r6i-16x-1-31-node-group-0148786-22cb8d1b-c52d-5cfd-5a92-d346a86f1d98,us-west-2,us-west-2a,r6i.16xlarge,USD,$0.69,"$1,300.00","2,160",3,10,,,3,3,Autoscale,x2gd.medium,9,10,$0.01,"$1,200.60",92%,0,0,64,1,512,16,0,0,,pccp-gbidl-sb-dev-ase-trino-cluster-b2a8408,eks-pccp-ng-r6i-16x-1-31-node-group-0148786-22cb8d1b-c52d-5cfd-5a92-d346a86f1d98,217,
GBI,GBI Datalake Platform,713656412312,dev,713656412312:us-west-2:rubix-asg-gbidl-sb-pt-eks-us-west-2-dev-2023050316425480860000000a,us-west-2,us-west-2a,t4g.xlarge,USD,$0.02,$92.00,"4,430",25,16,,,4,11,Autoscale,t4g.nano,14,36,$0.00,$82.13,89%,0,0,2,0,16,1,0,0,104908,gbidl-sb-pt-eks-us-west-2-dev,rubix-asg-gbidl-sb-pt-eks-us-west-2-dev-2023050316425480860000000a,2710,
GBI,GBI Datalake Platform,713656412312,dev,713656412312:us-west-2:rubix-asg-gbidl-sb-pt-eks-us-west-2-dev-2023050316425481980000000c,us-west-2,us-west-2a,t4g.xlarge,USD,$0.02,$112.00,"5,337",21,18,,,5,14,Autoscale,t4g.nano,28,52,$0.00,$94.52,85%,0,0,2,0,16,1,0,0,104908,gbidl-sb-pt-eks-us-west-2-dev,rubix-asg-gbidl-sb-pt-eks-us-west-2-dev-2023050316425481980000000c,2479,
GBI,GBI Datalake Platform,713656412312,dev,713656412312:us-west-2:rubix-asg-gbidl-sb-pt-eks-us-west-2-dev-20230503164254802100000009,us-west-2,us-west-2b,t4g.xlarge,USD,$0.02,$165.00,"7,824",18,14,,,9,17,Autoscale,t4g.nano,35,56,$0.00,$144.57,88%,0,0,2,0,16,1,0,0,104908,gbidl-sb-pt-eks-us-west-2-dev,rubix-asg-gbidl-sb-pt-eks-us-west-2-dev-20230503164254802100000009,1896,
GBI,GBI Datalake Platform,713656412312,dev,713656412312:us-west-2:rubix-asg-gbidl-sb-pt-eks-us-west-2-dev-20250304020052557300000003,us-west-2,us-west-2a,r7g.8xlarge,USD,$0.29,$248.00,"1,198",59,40,,,1,156,Autoscale,r6g.xlarge,1,443,$0.03,$183.85,74%,0,91,32,4,256,32,0,0,104908,gbidl-sb-pt-eks-us-west-2-dev,rubix-asg-gbidl-sb-pt-eks-us-west-2-dev-20250304020052557300000003,932,
GBI,GBI Datalake Platform,713656412312,dev,713656412312:us-west-2:rubix-asg-gbidl-sb-pt-eks-us-west-2-dev-20250408211252287900000007,us-west-2,us-west-2c,r7g.8xlarge,USD,$0.29,$552.00,"2,046",7,16,,,3,3,Autoscale,x2gd.medium,7,8,$0.01,$483.64,88%,0,0,32,1,256,16,0,0,104908,gbidl-sb-pt-eks-us-west-2-dev,rubix-asg-gbidl-sb-pt-eks-us-west-2-dev-20250408211252287900000007,520,
GBI,GBI Datalake Platform,713656412312,dev,713656412312:us-west-2:rubix-asg-gbidl-sb-pt-eks-us-west-2-dev-20250408211252289100000008,us-west-2,us-west-2a,r7g.8xlarge,USD,$0.29,$186.00,692,10,4,,,1,3,Autoscale,m6g.medium,1,8,$0.01,$181.73,97%,0,81,32,1,256,4,0,0,104908,gbidl-sb-pt-eks-us-west-2-dev,rubix-asg-gbidl-sb-pt-eks-us-west-2-dev-20250408211252289100000008,1415,
GBI,GBI Datalake Platform,713656412312,dev,713656412312:us-west-2:rubix-asg-gbidl-sb-pt-eks-us-west-2-dev-20250408211252289700000009,us-west-2,us-west-2a,r7g.8xlarge,USD,$0.29,$368.00,"1,364",8,22,,,2,2,Autoscale,x2gd.medium,7,8,$0.01,$299.80,81%,0,0,32,1,256,16,0,0,104908,gbidl-sb-pt-eks-us-west-2-dev,rubix-asg-gbidl-sb-pt-eks-us-west-2-dev-20250408211252289700000009,814,
GBI,GBI Datalake Platform,713656412312,dev,713656412312:us-west-2:rubix-asg-gbidl-uw2-sb-dev-mach-2312-20240322213053960100000003,us-west-2,us-west-2c,t3.xlarge,USD,$0.03,$89.00,"3,613",34,19,,,5,12,Autoscale,t4g.micro,11,29,$0.00,$76.31,85%,0,0,2,0,16,1,0,0,104908,gbidl-uw2-sb-dev-mach-2312,rubix-asg-gbidl-uw2-sb-dev-mach-2312-20240322213053960100000003,2745,
GBI,GBI Datalake Platform,713656412312,dev,713656412312:us-west-2:rubix-asg-sb2312-data-portal-eks-01-20240604182733056600000003,us-west-2,us-west-2b,m5.large,USD,$0.02,$39.00,"2,645",74,24,,,3,8,Autoscale,r6g.medium,1,12,$0.01,$29.18,75%,0,0,2,1,8,8,1,1,104908,sb2312-data-portal-eks-01,rubix-asg-sb2312-data-portal-eks-01-20240604182733056600000003,4144,
GBI,GBI Datalake Platform,713656412312,dev,713656412312:us-west-2:rubix-asg-sb2312-guardian-eks-01-20240612204701520300000003,us-west-2,us-west-2a,m5.2xlarge,USD,$0.07,$124.00,"2,013",13,16,,,3,3,Autoscale,r6g.medium,2,4,$0.01,$110.84,90%,0,0,8,1,32,8,0,0,104908,sb2312-guardian-eks-01,rubix-asg-sb2312-guardian-eks-01-20240612204701520300000003,2376,
GBI,GBI Datalake Platform,713656412312,dev,713656412312:us-west-2:rubix-asg-sb2312-irc-eks-01-20240404200912562700000003,us-west-2,us-west-2c,t3.xlarge,USD,$0.03,$125.00,"5,040",26,11,,,7,7,Autoscale,t4g.micro,11,15,$0.00,$113.41,91%,0,0,2,0,16,1,0,0,104908,sb2312-irc-eks-01,rubix-asg-sb2312-irc-eks-01-20240404200912562700000003,2193,
GBI,GBI Datalake Platform,713656412312,dev,713656412312:us-west-2:rubix-asg-sb2312-trino-eks-01-2024050800145535660000000c,us-west-2,us-west-2a,m5.4xlarge,USD,$0.13,$176.00,"1,443",83,83,,,1,7,Autoscale,x2gd.xlarge,1,21,$0.06,$106.50,61%,0,50,16,4,64,64,0,1,104908,sb2312-trino-eks-01,rubix-asg-sb2312-trino-eks-01-2024050800145535660000000c,2372,
GBI,GBI Datalake Platform,713656412312,dev,713656412312:us-west-2:rubix-asg-sb2312-trino-eks-01-20240508001455336000000009,us-west-2,us-west-2a,m5.4xlarge,USD,$0.13,$83.00,720,17,56,,,1,1,Autoscale,x2gd.medium,1,3,$0.01,$60.21,73%,0,61,16,1,64,16,0,0,104908,sb2312-trino-eks-01,rubix-asg-sb2312-trino-eks-01-20240508001455336000000009,3059,
GBI,GBI Datalake Platform,713656412312,dev,713656412312:us-west-2:rubix-asg-sb2312-trino-eks-01-20250122230125412300000003,us-west-2,us-west-2b,r7g.8xlarge,USD,$0.29,$368.00,"1,440",3,37,,,2,2,Autoscale,x2gd.large,1,6,$0.03,$253.30,69%,0,85,32,2,256,32,0,0,104908,sb2312-trino-eks-01,rubix-asg-sb2312-trino-eks-01-20250122230125412300000003,860,
GBI,GBI Datalake Platform,713656412312,dev,713656412312:us-west-2:rubix-asg-sb2312-trino-eks-01-20250128170716563400000003,us-west-2,us-west-2a,m7a.12xlarge,USD,$0.47,$564.00,"1,281",48,62,,,1,3,Autoscale,x2gd.xlarge,1,12,$0.06,$438.15,78%,0,66,48,4,192,64,0,0,104908,sb2312-trino-eks-01,rubix-asg-sb2312-trino-eks-01-20250128170716563400000003,585,
GBI,GBI Datalake Platform,713656412312,dev,713656412312:us-west-2:rubix-asg-sb2312-trino-eks-01-20250408023407307700000003,us-west-2,us-west-2a,m5.12xlarge,USD,$0.39,"$2,475.00","7,200",2,72,,,10,10,Autoscale,x2gd.xlarge,22,22,$0.06,"$1,575.98",64%,0,0,48,4,192,64,0,0,104908,sb2312-trino-eks-01,rubix-asg-sb2312-trino-eks-01-20250408023407307700000003,141,
GBI,GBI DataScience Platform,325977705384,dev,325977705384:us-east-2:rubix-asg-davinci-dev-20230731054632959100000003,us-east-2,us-east-2c,m6i.4xlarge,USD,$0.13,$248.00,"2,106",9,10,,,3,7,Autoscale,x2gd.medium,1,10,$0.01,$236.63,96%,0,0,16,1,64,16,0,0,53426,davinci-dev,rubix-asg-davinci-dev-20230731054632959100000003,1031,
GBI,GBI DataScience Platform,325977705384,dev,325977705384:us-west-2:rubix-asg-datalab-us-west-2-spark-dev-2024102823110105110000000b,us-west-2,us-west-2b,m5.8xlarge,USD,$0.26,$165.00,720,3,4,,,1,1,Autoscale,r6g.medium,1,1,$0.01,$158.85,96%,0,75,32,1,128,8,0,0,69448,datalab-us-west-2-spark-dev,rubix-asg-datalab-us-west-2-spark-dev-2024102823110105110000000b,1591,
GBI,GBI DataScience Platform,325977705384,dev,325977705384:us-west-2:rubix-asg-datalab-us-west-2-spark-dev-2024102823110107190000000c,us-west-2,us-west-2a,m5.8xlarge,USD,$0.26,$165.00,720,4,2,,,1,1,Autoscale,m6g.medium,1,2,$0.01,$160.23,97%,0,73,32,1,128,4,0,0,69448,datalab-us-west-2-spark-dev,rubix-asg-datalab-us-west-2-spark-dev-2024102823110107190000000c,1588,
GBI,GBI DataScience Platform,325977705384,dev,325977705384:us-west-2:rubix-asg-datalab-us-west-2-spark-dev-2024102823110107530000000d,us-west-2,us-west-2c,m5.8xlarge,USD,$0.26,$165.00,720,3,2,,,1,1,Autoscale,m6g.medium,1,1,$0.01,$160.32,97%,0,80,32,1,128,4,0,0,69448,datalab-us-west-2-spark-dev,rubix-asg-datalab-us-west-2-spark-dev-2024102823110107530000000d,1587,
GBI,GBI DataScience Platform,325977705384,dev,325977705384:us-west-2:rubix-asg-datalab-us-west-2-spark-dev-20230623065035455800000006,us-west-2,us-west-2b,m5.2xlarge,USD,$0.07,$41.00,721,18,16,,,1,2,Autoscale,r6g.medium,1,2,$0.01,$34.87,84%,0,0,8,1,32,8,0,0,69448,datalab-us-west-2-spark-dev,rubix-asg-datalab-us-west-2-spark-dev-20230623065035455800000006,3854,
GBI,GBI DataScience Platform,325977705384,dev,325977705384:us-west-2:rubix-asg-gbi-datalab-dev-20220822064828181300000003,us-west-2,us-west-2b,m6i.4xlarge,USD,$0.13,$182.00,"1,554",34,32,,,3,4,Autoscale,x2gd.large,2,11,$0.03,$151.96,83%,0,0,16,2,64,32,0,1,69448,gbi-datalab-dev,rubix-asg-gbi-datalab-dev-20220822064828181300000003,1658,
GBI,GBI DataScience Platform,325977705384,dev-beta,325977705384:us-west-2:rubix-asg-davinci-dev-beta-20230330062331358900000003,us-west-2,us-west-2b,m6i.4xlarge,USD,$0.13,$248.00,"2,103",14,9,,,3,6,Autoscale,x2gd.medium,1,9,$0.01,$237.07,96%,0,0,16,1,64,16,0,0,53426,davinci-dev-beta,rubix-asg-davinci-dev-beta-20230330062331358900000003,1032,
GBI,GBI DataScience Platform,384548548277,dr,384548548277:us-east-1:rubix-asg-davinci-dr-20230907095809047000000003,us-east-1,us-east-1a,m6i.4xlarge,USD,$0.13,$248.00,"2,108",28,41,,,3,8,Autoscale,x2gd.medium,2,15,$0.01,$222.60,90%,0,0,16,1,64,16,0,0,201564,davinci-dr,rubix-asg-davinci-dr-20230907095809047000000003,1063,
GBI,GBI DataScience Platform,384548548277,prod,384548548277:us-east-1:rubix-asg-datalab-us-east-1-spark-prod-2024072323295479660000000a,us-east-1,us-east-1a,m6g.8xlarge,USD,$0.21,$132.00,720,7,4,,,1,1,Autoscale,m6g.medium,1,3,$0.01,$124.14,94%,0,3,32,1,128,4,0,0,68231,datalab-us-east-1-spark-prod,rubix-asg-datalab-us-east-1-spark-prod-2024072323295479660000000a,2109,
GBI,GBI DataScience Platform,384548548277,prod,384548548277:us-east-1:rubix-asg-datalab-us-east-1-spark-prod-2024072323295479880000000b,us-east-1,us-east-1c,m6g.8xlarge,USD,$0.21,$132.00,720,4,13,,,1,1,Autoscale,r6g.medium,3,3,$0.01,$113.79,86%,0,69,32,1,128,8,0,0,68231,datalab-us-east-1-spark-prod,rubix-asg-datalab-us-east-1-spark-prod-2024072323295479880000000b,2187,
GBI,GBI DataScience Platform,384548548277,prod,384548548277:us-east-1:rubix-asg-datalab-us-east-1-spark-prod-20231018222000002200000015,us-east-1,us-east-1c,r5.4xlarge,USD,$0.17,$325.00,"2,160",7,23,,,3,3,Autoscale,x2gd.medium,6,6,$0.01,$263.36,81%,0,0,16,1,128,16,0,0,68231,datalab-us-east-1-spark-prod,rubix-asg-datalab-us-east-1-spark-prod-20231018222000002200000015,852,
GBI,GBI DataScience Platform,384548548277,prod,384548548277:us-east-1:rubix-asg-datalab-us-east-1-spark-prod-20240513171036294400000016,us-east-1,us-east-1a,c5.4xlarge,USD,$0.12,$73.00,720,6,6,,,1,1,Autoscale,m6g.medium,1,1,$0.01,$68.30,94%,0,70,16,1,32,4,0,0,68231,datalab-us-east-1-spark-prod,rubix-asg-datalab-us-east-1-spark-prod-20240513171036294400000016,2965,
GBI,GBI DataScience Platform,384548548277,prod,384548548277:us-east-1:rubix-asg-datalab-us-east-1-spark-prod-20240723232954796500000009,us-east-1,us-east-1b,m6g.8xlarge,USD,$0.21,$132.00,720,5,42,,,1,1,Autoscale,x2gd.xlarge,1,1,$0.06,$91.41,69%,0,80,32,4,128,64,0,1,68231,datalab-us-east-1-spark-prod,rubix-asg-datalab-us-east-1-spark-prod-20240723232954796500000009,2433,
GBI,GBI DataScience Platform,384548548277,prod,384548548277:us-east-1:rubix-asg-gbi-datalab-datarobot-prod-dr-20240710015259704800000003,us-east-1,us-east-1b,r6i.4xlarge,USD,$0.17,"$1,192.00","7,969",16,6,,,11,24,Autoscale,r6g.medium,7,58,$0.01,"$1,140.67",96%,0,0,16,1,128,8,0,0,68231,gbi-datalab-datarobot-prod-dr,rubix-asg-gbi-datalab-datarobot-prod-dr-20240710015259704800000003,223,
GBI,GBI DataScience Platform,384548548277,prod,384548548277:us-east-1:rubix-asg-gbi-datalab-prod-dr-20231116035327100200000003,us-east-1,us-east-1a,m6i.4xlarge,USD,$0.13,$578.00,"5,040",97,28,,,7,7,Autoscale,c6g.xlarge,26,28,$0.02,$135.43,23%,0,0,16,4,64,8,0,0,68231,gbi-datalab-prod-dr,rubix-asg-gbi-datalab-prod-dr-20231116035327100200000003,1220,
GBI,GBI DataScience Platform,384548548277,prod,384548548277:us-west-2:datalab-asg-mesa-7127-437eb511-29cb-46cd-aabf-5057968810f8,us-west-2,us-west-2a,m5zn.xlarge,USD,$0.06,$106.00,"2,160",22,10,,,3,3,Autoscale,r6g.medium,1,3,$0.01,$97.63,92%,0,0,4,1,16,8,0,1,68231,,datalab-asg-mesa-7127-437eb511-29cb-46cd-aabf-5057968810f8,2395,
GBI,GBI DataScience Platform,384548548277,prod,384548548277:us-west-2:datalab-asg-mesa-7127-efba8f39-e8d3-447f-b060-52b007d9ba41,us-west-2,us-west-2b,m5zn.xlarge,USD,$0.06,$71.00,"1,440",30,35,,,2,2,Autoscale,m6g.medium,1,3,$0.01,$64.70,91%,0,0,4,1,16,4,0,0,68231,,datalab-asg-mesa-7127-efba8f39-e8d3-447f-b060-52b007d9ba41,3000,
GBI,GBI DataScience Platform,384548548277,prod,384548548277:us-west-2:datalab-nginx-AutoScalingGroup-8JSH6AXAZGCJ,us-west-2,us-west-2c,m6i.xlarge,USD,$0.03,$62.00,"2,160",10,4,,,3,3,Autoscale,c6g.medium,1,2,$0.01,$57.56,93%,0,0,4,1,16,2,0,0,68231,,datalab-nginx-autoscalinggroup-8jsh6axazgcj,3138,
GBI,GBI DataScience Platform,384548548277,prod,384548548277:us-west-2:rubix-asg-datalab-us-west-2-spark-prod-20221102232945688400000006,us-west-2,us-west-2a,r5.4xlarge,USD,$0.17,$325.00,"2,160",10,17,,,3,3,Autoscale,r6g.medium,5,9,$0.01,$293.88,90%,0,0,16,1,128,8,0,0,68231,datalab-us-west-2-spark-prod,rubix-asg-datalab-us-west-2-spark-prod-20221102232945688400000006,794,
GBI,GBI DataScience Platform,384548548277,prod,384548548277:us-west-2:rubix-asg-datalab-us-west-2-spark-prod-20230712191117071500000002,us-west-2,us-west-2b,m5.4xlarge,USD,$0.13,$83.00,720,13,9,,,1,1,Autoscale,m6g.medium,2,3,$0.01,$73.08,89%,0,1,16,1,64,4,0,0,68231,datalab-us-west-2-spark-prod,rubix-asg-datalab-us-west-2-spark-prod-20230712191117071500000002,2812,
GBI,GBI DataScience Platform,384548548277,prod,384548548277:us-west-2:rubix-asg-datalab-us-west-2-spark-prod-20250114042509316400000010,us-west-2,us-west-2a,m6g.8xlarge,USD,$0.21,$132.00,720,3,43,,,1,1,Autoscale,x2gd.xlarge,1,1,$0.06,$91.48,69%,0,83,32,4,128,64,0,1,68231,datalab-us-west-2-spark-prod,rubix-asg-datalab-us-west-2-spark-prod-20250114042509316400000010,2434,
GBI,GBI DataScience Platform,384548548277,prod,384548548277:us-west-2:rubix-asg-datalab-us-west-2-spark-prod-20250114042509316800000011,us-west-2,us-west-2a,c5.4xlarge,USD,$0.12,$73.00,720,7,12,,,1,1,Autoscale,m6g.medium,1,2,$0.01,$68.33,94%,0,69,16,1,32,4,0,0,68231,datalab-us-west-2-spark-prod,rubix-asg-datalab-us-west-2-spark-prod-20250114042509316800000011,2966,
GBI,GBI DataScience Platform,384548548277,prod,384548548277:us-west-2:rubix-asg-datalab-us-west-2-spark-prod-20250114042509317700000012,us-west-2,us-west-2b,m6g.8xlarge,USD,$0.21,$832.00,"6,881",66,80,,,4,175,Autoscale,r6g.medium,10,669,$0.01,$271.56,33%,0,0,32,1,128,8,0,0,68231,datalab-us-west-2-spark-prod,rubix-asg-datalab-us-west-2-spark-prod-20250114042509317700000012,327,
GBI,GBI DataScience Platform,384548548277,prod,384548548277:us-west-2:rubix-asg-datalab-us-west-2-spark-prod-20250114042509320200000013,us-west-2,us-west-2c,m6g.8xlarge,USD,$0.21,$132.00,720,19,1,,,1,1,Autoscale,c6g.large,1,4,$0.01,$124.00,94%,0,84,32,2,128,4,0,0,68231,datalab-us-west-2-spark-prod,rubix-asg-datalab-us-west-2-spark-prod-20250114042509320200000013,2112,
GBI,GBI DataScience Platform,384548548277,prod,384548548277:us-west-2:rubix-asg-datalab-us-west-2-spark-prod-20250403164657103500000007,us-west-2,us-west-2a,m6g.8xlarge,USD,$0.21,$132.00,720,3,7,,,1,1,Autoscale,x2gd.medium,1,1,$0.01,$122.15,92%,0,89,32,1,128,16,0,0,68231,datalab-us-west-2-spark-prod,rubix-asg-datalab-us-west-2-spark-prod-20250403164657103500000007,2128,
GBI,GBI DataScience Platform,384548548277,prod,384548548277:us-west-2:rubix-asg-datalab-us-west-2-spark-prod-20250403164657105300000008,us-west-2,us-west-2c,m6g.8xlarge,USD,$0.21,$132.00,720,3,7,,,1,1,Autoscale,x2gd.medium,1,1,$0.01,$122.15,92%,0,98,32,1,128,16,0,0,68231,datalab-us-west-2-spark-prod,rubix-asg-datalab-us-west-2-spark-prod-20250403164657105300000008,2127,
GBI,GBI DataScience Platform,384548548277,prod,384548548277:us-west-2:rubix-asg-datalab-us-west-2-spark-prod-20250403164657106400000009,us-west-2,us-west-2b,m6g.8xlarge,USD,$0.21,$132.00,720,3,1,,,1,1,Autoscale,c6g.medium,1,2,$0.01,$128.20,97%,0,87,32,1,128,2,0,0,68231,datalab-us-west-2-spark-prod,rubix-asg-datalab-us-west-2-spark-prod-20250403164657106400000009,2088,
GBI,GBI DataScience Platform,384548548277,prod,384548548277:us-west-2:rubix-asg-davinci-prod-20230613110447004500000003,us-west-2,us-west-2a,m6i.4xlarge,USD,$0.13,$251.00,"2,132",29,29,,,3,8,Autoscale,x2gd.medium,2,16,$0.01,$226.07,90%,0,0,16,1,64,16,0,0,201564,davinci-prod,rubix-asg-davinci-prod-20230613110447004500000003,1056,
GBI,GBI DataScience Platform,384548548277,prod,384548548277:us-west-2:rubix-asg-gbi-datalab-datarobot-prod-2023071716094407620000000a,us-west-2,us-west-2c,r6i.4xlarge,USD,$0.17,$325.00,"2,160",40,22,,,3,3,Autoscale,r6g.large,3,10,$0.02,$271.35,84%,0,0,16,2,128,16,0,0,68231,gbi-datalab-datarobot-prod,rubix-asg-gbi-datalab-datarobot-prod-2023071716094407620000000a,832,
GBI,GBI DataScience Platform,384548548277,prod,384548548277:us-west-2:rubix-asg-gbi-datalab-datarobot-prod-2023071716094407700000000b,us-west-2,us-west-2a,r6i.4xlarge,USD,$0.17,$433.00,"2,880",30,19,,,4,4,Autoscale,x2gd.large,2,10,$0.03,$362.00,84%,0,0,16,2,128,32,0,0,68231,gbi-datalab-datarobot-prod,rubix-asg-gbi-datalab-datarobot-prod-2023071716094407700000000b,674,
GBI,GBI DataScience Platform,384548548277,prod,384548548277:us-west-2:rubix-asg-gbi-datalab-datarobot-prod-2023071716094407810000000c,us-west-2,us-west-2a,r6i.4xlarge,USD,$0.17,$433.00,"2,880",46,17,,,4,4,Autoscale,r6g.large,3,15,$0.02,$374.95,87%,0,0,16,2,128,16,0,0,68231,gbi-datalab-datarobot-prod,rubix-asg-gbi-datalab-datarobot-prod-2023071716094407810000000c,654,
GBI,GBI DataScience Platform,384548548277,prod,384548548277:us-west-2:rubix-asg-gbi-datalab-prod-20220927181107411300000003,us-west-2,us-west-2b,m6i.8xlarge,USD,$0.26,"$4,613.00","20,235",19,27,,,27,30,Autoscale,r6g.large,67,86,$0.02,"$3,704.37",80%,0,0,32,2,128,16,0,0,68231,gbi-datalab-prod,rubix-asg-gbi-datalab-prod-20220927181107411300000003,49,
GBI,GBI DataScience Platform,957438737090,test,957438737090:us-east-2:rubix-asg-datalab-neo-us-east-2-spark-qa-2024071107334051320000000f,us-east-2,us-east-2c,m6gd.2xlarge,USD,$0.06,$39.00,720,11,5,,,1,1,Autoscale,i3.large,1,1,$0.03,$19.76,51%,0,59,8,2,32,15,0,0,69448,datalab-neo-us-east-2-spark-qa,rubix-asg-datalab-neo-us-east-2-spark-qa-2024071107334051320000000f,4447,
GBI,GBI DataScience Platform,957438737090,test,957438737090:us-east-2:rubix-asg-datalab-neo-us-east-2-spark-qa-20240711073340529000000011,us-east-2,us-east-2a,m6gd.2xlarge,USD,$0.06,$39.00,720,12,6,,,1,1,Autoscale,i3.large,1,1,$0.03,$19.76,51%,0,52,8,2,32,15,0,0,69448,datalab-neo-us-east-2-spark-qa,rubix-asg-datalab-neo-us-east-2-spark-qa-20240711073340529000000011,4446,
GBI,GBI DataScience Platform,957438737090,test,957438737090:us-east-2:rubix-asg-datalab-neo-us-east-2-spark-qa-20240711073340534000000013,us-east-2,us-east-2b,m6gd.2xlarge,USD,$0.06,$39.00,726,10,5,,,1,5,Autoscale,i3.large,1,2,$0.03,$19.78,51%,0,62,8,2,32,15,0,0,69448,datalab-neo-us-east-2-spark-qa,rubix-asg-datalab-neo-us-east-2-spark-qa-20240711073340534000000013,4444,
GBI,GBI DataScience Platform,957438737090,test,957438737090:us-east-2:rubix-asg-davinci-test-20230606084657629400000003,us-east-2,us-east-2a,m6i.xlarge,USD,$0.03,$62.00,"2,103",41,43,,,3,6,Autoscale,r6g.medium,2,10,$0.01,$49.26,80%,0,0,4,1,16,8,0,1,201564,davinci-test,rubix-asg-davinci-test-20230606084657629400000003,3248,
GBI,GBI DataScience Platform,957438737090,test,957438737090:us-east-2:rubix-asg-gbi-datalab-datarobot-test-20240724183623743200000003,us-east-2,us-east-2b,r6i.4xlarge,USD,$0.17,$597.00,"4,033",42,14,,,5,12,Autoscale,r6g.medium,8,47,$0.01,$529.96,89%,0,0,16,1,128,8,0,0,69448,gbi-datalab-datarobot-test,rubix-asg-gbi-datalab-datarobot-test-20240724183623743200000003,433,
GBI,GBI DataScience Platform,957438737090,test,957438737090:us-east-2:rubix-asg-gbi-datalab-datarobot-test-dr-20240507213252274400000003,us-east-2,us-east-2a,r6i.2xlarge,USD,$0.09,$597.00,"7,730",23,15,,,4,18,Autoscale,r6g.medium,5,25,$0.01,$537.11,90%,0,0,8,1,64,8,0,0,69448,gbi-datalab-datarobot-test-dr,rubix-asg-gbi-datalab-datarobot-test-dr-20240507213252274400000003,454,
GBI,GBI DataScience Platform,957438737090,test,957438737090:us-east-2:rubix-asg-gbi-datalab-test-dr-20231101140921089000000003,us-east-2,us-east-2b,m6i.2xlarge,USD,$0.07,$125.00,"2,310",61,42,,,4,11,Autoscale,x2gd.medium,3,33,$0.01,$97.32,78%,0,0,8,1,32,16,0,1,69448,gbi-datalab-test-dr,rubix-asg-gbi-datalab-test-dr-20231101140921089000000003,2352,
GBI,GBI DataScience Platform,957438737090,test,957438737090:us-west-2:datalab-asg-uat-5564-6e9f5304-d45f-41dc-9ef0-c909f6a5876c,us-west-2,us-west-2a,m5zn.xlarge,USD,$0.06,$29.00,583,19,8,,,1,1,Autoscale,c6g.medium,1,1,$0.01,$25.15,88%,0,87,4,1,16,2,0,0,69448,,datalab-asg-uat-5564-6e9f5304-d45f-41dc-9ef0-c909f6a5876c,4309,
GBI,GBI DataScience Platform,957438737090,test,957438737090:us-west-2:datalab-asg-uat-5564-b4f6d6ca-c744-45ec-952c-6758410f0cd1,us-west-2,us-west-2b,m5zn.xlarge,USD,$0.06,$35.00,720,19,14,,,1,1,Autoscale,m6g.medium,1,1,$0.01,$30.78,87%,0,57,4,1,16,4,0,0,69448,,datalab-asg-uat-5564-b4f6d6ca-c744-45ec-952c-6758410f0cd1,4028,
GBI,GBI DataScience Platform,957438737090,test,957438737090:us-west-2:datalab-nginx-qa,us-west-2,us-west-2a,m6i.xlarge,USD,$0.03,$15.00,531,27,100,,,1,1,Autoscale,x2gd.medium,1,2,$0.01,$7.29,49%,0,49,4,1,16,16,0,1,69448,,datalab-nginx-qa,5231,
GBI,GBI DataScience Platform,957438737090,test,957438737090:us-west-2:datalab-nginx-test-AutoScalingGroup-FMKH9MYX5Q2P,us-west-2,us-west-2a,m6i.xlarge,USD,$0.03,$21.00,720,47,100,,,1,1,Autoscale,x2gd.medium,1,2,$0.01,$9.69,47%,0,0,4,1,16,16,0,1,69448,,datalab-nginx-test-autoscalinggroup-fmkh9myx5q2p,4964,
GBI,GBI DataScience Platform,957438737090,test,957438737090:us-west-2:rubix-asg-datalab-neo-us-west-2-spark-qa-20230509015825482600000003,us-west-2,us-west-2c,c5n.18xlarge,USD,$0.66,$418.00,722,3,60,,,1,3,Autoscale,x2gd.xlarge,2,2,$0.06,$336.61,80%,0,90,72,4,192,64,0,0,69448,datalab-neo-us-west-2-spark-qa,rubix-asg-datalab-neo-us-west-2-spark-qa-20230509015825482600000003,736,
GBI,GBI DataScience Platform,957438737090,test,957438737090:us-west-2:rubix-asg-datalab-neo-us-west-2-spark-qa-20231207135553259000000003,us-west-2,us-west-2a,m6gd.2xlarge,USD,$0.06,$106.00,"1,988",11,31,,,2,5,Autoscale,i3.large,1,2,$0.03,$82.11,78%,0,0,8,2,32,15,0,0,69448,datalab-neo-us-west-2-spark-qa,rubix-asg-datalab-neo-us-west-2-spark-qa-20231207135553259000000003,2619,
GBI,GBI DataScience Platform,957438737090,test,957438737090:us-west-2:rubix-asg-datalab-neo-us-west-2-spark-qa-20240214015506434300000005,us-west-2,us-west-2b,m6gd.2xlarge,USD,$0.06,$152.00,"3,901",31,37,,,2,36,Autoscale,i3.large,1,25,$0.03,$107.24,70%,0,0,8,2,32,15,0,0,69448,datalab-neo-us-west-2-spark-qa,rubix-asg-datalab-neo-us-west-2-spark-qa-20240214015506434300000005,1438,
GBI,GBI DataScience Platform,957438737090,test,957438737090:us-west-2:rubix-asg-datalab-neo-us-west-2-spark-qa-20240214015506435000000006,us-west-2,us-west-2c,m6gd.2xlarge,USD,$0.06,$95.00,"1,813",9,26,,,1,4,Autoscale,i3.large,1,2,$0.03,$76.02,80%,0,15,8,2,32,15,0,0,69448,datalab-neo-us-west-2-spark-qa,rubix-asg-datalab-neo-us-west-2-spark-qa-20240214015506435000000006,2707,
GBI,GBI DataScience Platform,957438737090,test,957438737090:us-west-2:rubix-asg-gbi-datalab-qa-20220817130039592300000003,us-west-2,us-west-2a,m6i.4xlarge,USD,$0.13,$248.00,"2,160",29,20,,,3,3,Autoscale,r6g.large,2,7,$0.02,$210.54,85%,0,0,16,2,64,16,0,0,69448,gbi-datalab-qa,rubix-asg-gbi-datalab-qa-20220817130039592300000003,1094,
GBI,GBI DataScience Platform,957438737090,test,957438737090:us-west-2:rubix-asg-gbi-datalab-test-20220811194858637800000003,us-west-2,us-west-2b,m6i.4xlarge,USD,$0.13,$660.00,"5,760",21,24,,,8,8,Autoscale,r6g.medium,12,27,$0.01,$559.97,85%,0,0,16,1,64,8,0,0,69448,gbi-datalab-test,rubix-asg-gbi-datalab-test-20220811194858637800000003,412,
GBI,GBI Global Operations Leadership Dashboard (GOLD),704051775956,prod,704051775956:us-west-2:denali-gold-memsql-prod-eks-workernode-stack-NodeGroup-SDAN92Z6SET0,us-west-2,us-west-2c,r6i.large,USD,$0.02,$14.00,720,100,100,,,1,1,Autoscale,r6g.medium,2,2,$0.01,$1.18,9%,0,0,2,1,16,8,1,1,103523,,denali-gold-memsql-prod-eks-workernode-stack-nodegroup-sdan92z6set0,5512,
GBI,GBI Global Operations Leadership Dashboard (GOLD),704051775956,prod,704051775956:us-west-2:denali-gold-prod-eks-workernode-stack-NodeGroup-TNN5VA5DTECV,us-west-2,us-west-2c,m4.2xlarge,USD,$0.07,$43.00,720,7,100,,,1,1,No Action,m4.2xlarge,1,1,$0.07,$0.00,0%,0,65,8,8,32,32,1,1,103523,,denali-gold-prod-eks-workernode-stack-nodegroup-tnn5va5dtecv,5847,
GBI,GBI Global Operations Leadership Dashboard (GOLD),704051775956,prod,704051775956:us-west-2:denali-gold-prodops-prod-eks-workernode-stack-NodeGroup-136P97ZU3L6X3,us-west-2,us-west-2b,m4.2xlarge,USD,$0.07,$129.00,"2,161",31,100,,,3,4,No Action,m4.2xlarge,3,4,$0.07,$0.00,0%,0,0,8,8,32,32,1,1,103523,,denali-gold-prodops-prod-eks-workernode-stack-nodegroup-136p97zu3l6x3,5848,
GBI,GBI Global Operations Leadership Dashboard (GOLD),704051775956,prod,704051775956:us-west-2:gbi-gold-dr-ng-1-NodeGroup-1VKNDFADOSN8R,us-west-2,us-west-2c,m5zn.2xlarge,USD,$0.11,$354.00,"3,600",11,20,,,5,5,Autoscale,r6g.medium,4,5,$0.01,$328.89,93%,0,0,8,1,32,8,0,0,103523,gbi-gold-dr,gbi-gold-dr-ng-1-nodegroup-1vkndfadosn8r,754,
GBI,GBI Global Operations Leadership Dashboard (GOLD),704051775956,prod,704051775956:us-west-2:gbi-gold-prod-ng-1-NodeGroup-44E42QKG7CA8,us-west-2,us-west-2a,m5.xlarge,USD,$0.03,$103.00,"3,600",74,100,,,5,5,Autoscale,r6g.medium,10,15,$0.01,$33.01,32%,0,0,4,1,16,8,0,1,103523,gbi-gold-prod,gbi-gold-prod-ng-1-nodegroup-44e42qkg7ca8,3552,
GBI,GBI Global Operations Leadership Dashboard (GOLD),704051775956,prod,704051775956:us-west-2:gbi-mps-prod-ng-1-NodeGroup-1FF7QEQJDGJFH,us-west-2,us-west-2c,m4.2xlarge,USD,$0.07,$172.00,"2,880",35,100,,,4,4,No Action,m4.2xlarge,4,4,$0.07,$0.00,0%,0,0,8,8,32,32,1,1,103523,gbi-mps-prod,gbi-mps-prod-ng-1-nodegroup-1ff7qeqjdgjfh,5849,
GBI,GBI Global Operations Leadership Dashboard (GOLD),704051775956,prod,704051775956:us-west-2:rfo-gold-prod-ng-1-NodeGroup-1PRUOIF3BXR3Y,us-west-2,us-west-2c,m4.2xlarge,USD,$0.07,$172.00,"2,880",35,100,,,4,4,No Action,m4.2xlarge,4,4,$0.07,$0.00,0%,0,0,8,8,32,32,1,1,103523,rfo-gold-prod,rfo-gold-prod-ng-1-nodegroup-1pruoif3bxr3y,5855,
GBI,GBI Keystone Platform,12051766323,prod,012051766323:us-east-1:rubix-asg-keystone-cdp-1-prod-east-rubix-2023102319504852890000000a,us-east-1,us-east-1a,m5d.large,USD,$0.02,$36.00,"2,160",45,18,,,3,3,Autoscale,c6gd.large,1,2,$0.01,$25.21,69%,0,0,2,2,8,4,1,1,103428,keystone-cdp-1-prod-east-rubix,rubix-asg-keystone-cdp-1-prod-east-rubix-2023102319504852890000000a,4264,
GBI,GBI Keystone Platform,12051766323,prod,012051766323:us-east-1:rubix-asg-keystone-cdp-1-prod-east-rubix-2024071223591288380000000c,us-east-1,us-east-1a,m5d.4xlarge,USD,$0.15,$291.00,"2,160",6,2,,,3,3,Autoscale,i4g.xlarge,1,1,$0.05,$253.36,87%,0,0,16,4,64,32,0,1,103428,keystone-cdp-1-prod-east-rubix,rubix-asg-keystone-cdp-1-prod-east-rubix-2024071223591288380000000c,883,
GBI,GBI Keystone Platform,12051766323,prod,012051766323:us-east-1:rubix-asg-keystone-cdp-1-prod-east-rubix-2024071223591288650000000d,us-east-1,us-east-1b,m5d.4xlarge,USD,$0.15,$291.00,"2,160",5,2,,,3,3,Autoscale,i4g.xlarge,1,1,$0.05,$253.43,87%,0,20,16,4,64,32,0,1,103428,keystone-cdp-1-prod-east-rubix,rubix-asg-keystone-cdp-1-prod-east-rubix-2024071223591288650000000d,885,
GBI,GBI Keystone Platform,12051766323,prod,012051766323:us-east-1:rubix-asg-keystone-cdp-1-prod-east-rubix-2024071223591288990000000e,us-east-1,us-east-1c,m5d.8xlarge,USD,$0.31,$583.00,"2,160",3,2,,,3,3,Autoscale,h1.2xlarge,1,1,$0.08,$525.33,90%,0,39,32,8,128,32,0,0,103428,keystone-cdp-1-prod-east-rubix,rubix-asg-keystone-cdp-1-prod-east-rubix-2024071223591288990000000e,446,
GBI,GBI Keystone Platform,12051766323,prod,012051766323:us-east-1:rubix-asg-keystone-cdp-1-prod-east-rubix-2024071223591289170000000f,us-east-1,us-east-1c,m5d.8xlarge,USD,$0.31,$583.00,"2,160",3,1,,,3,3,Autoscale,h1.2xlarge,1,1,$0.08,$525.46,90%,0,56,32,8,128,32,0,0,103428,keystone-cdp-1-prod-east-rubix,rubix-asg-keystone-cdp-1-prod-east-rubix-2024071223591289170000000f,447,
GBI,GBI Keystone Platform,12051766323,prod,012051766323:us-east-1:rubix-asg-keystone-cdp-1-prod-east-rubix-2024081607103580800000000a,us-east-1,us-east-1b,m5d.8xlarge,USD,$0.31,$777.00,"2,880",24,4,,,4,4,Autoscale,h1.2xlarge,3,4,$0.08,$604.57,78%,0,0,32,8,128,32,0,0,103428,keystone-cdp-1-prod-east-rubix,rubix-asg-keystone-cdp-1-prod-east-rubix-2024081607103580800000000a,384,
GBI,GBI Keystone Platform,12051766323,prod,012051766323:us-east-1:rubix-asg-keystone-cdp-1-prod-east-rubix-20240712235912893100000010,us-east-1,us-east-1a,m5d.4xlarge,USD,$0.15,$291.00,"2,160",5,2,,,3,3,Autoscale,i4g.xlarge,1,1,$0.05,$253.40,87%,0,13,16,4,64,32,0,1,103428,keystone-cdp-1-prod-east-rubix,rubix-asg-keystone-cdp-1-prod-east-rubix-20240712235912893100000010,884,
GBI,GBI Keystone Platform,12051766323,prod,012051766323:us-east-1:rubix-asg-keystone-cdp-1-prod-east-rubix-20240811093416989300000003,us-east-1,us-east-1b,m5d.8xlarge,USD,$0.31,$582.00,"2,160",3,1,,,3,3,Autoscale,h1.2xlarge,1,1,$0.08,$525.06,90%,0,65,32,8,128,32,0,0,103428,keystone-cdp-1-prod-east-rubix,rubix-asg-keystone-cdp-1-prod-east-rubix-20240811093416989300000003,448,
GBI,GBI Keystone Platform,12051766323,prod,012051766323:us-east-1:rubix-asg-keystone-cdp-2-prod-east-rubix-2024062119093931430000000d,us-east-1,us-east-1c,m5d.8xlarge,USD,$0.31,$583.00,"2,160",3,2,,,3,3,Autoscale,h1.2xlarge,1,1,$0.08,$525.41,90%,0,0,32,8,128,32,0,0,103428,keystone-cdp-2-prod-east-rubix,rubix-asg-keystone-cdp-2-prod-east-rubix-2024062119093931430000000d,449,
GBI,GBI Keystone Platform,12051766323,prod,012051766323:us-east-1:rubix-asg-keystone-cdp-2-prod-east-rubix-2024062119093931490000000e,us-east-1,us-east-1a,m5d.8xlarge,USD,$0.31,$583.00,"2,160",3,1,,,3,3,Autoscale,h1.2xlarge,1,1,$0.08,$525.47,90%,0,54,32,8,128,32,0,0,103428,keystone-cdp-2-prod-east-rubix,rubix-asg-keystone-cdp-2-prod-east-rubix-2024062119093931490000000e,450,
GBI,GBI Keystone Platform,12051766323,prod,012051766323:us-east-1:rubix-asg-keystone-cdp-2-prod-east-rubix-2024062119093931550000000f,us-east-1,us-east-1c,m5d.8xlarge,USD,$0.31,$582.00,"2,160",3,1,,,3,3,Autoscale,h1.2xlarge,1,1,$0.08,$525.13,90%,0,55,32,8,128,32,0,0,103428,keystone-cdp-2-prod-east-rubix,rubix-asg-keystone-cdp-2-prod-east-rubix-2024062119093931550000000f,451,
GBI,GBI Keystone Platform,12051766323,prod,012051766323:us-east-1:rubix-asg-keystone-cdp-2-prod-east-rubix-20240621190939316100000010,us-east-1,us-east-1b,m5d.8xlarge,USD,$0.31,$582.00,"2,160",3,1,,,3,3,Autoscale,h1.2xlarge,1,1,$0.08,$525.09,90%,0,60,32,8,128,32,0,0,103428,keystone-cdp-2-prod-east-rubix,rubix-asg-keystone-cdp-2-prod-east-rubix-20240621190939316100000010,452,
GBI,GBI Keystone Platform,12051766323,prod,012051766323:us-east-1:rubix-asg-keystone-cdp-2-prod-east-rubix-20240621190939318200000011,us-east-1,us-east-1a,m5d.8xlarge,USD,$0.31,$777.00,"2,880",23,2,,,4,4,Autoscale,m5d.8xlarge,1,1,$0.31,$555.52,72%,0,0,32,32,128,128,1,1,103428,keystone-cdp-2-prod-east-rubix,rubix-asg-keystone-cdp-2-prod-east-rubix-20240621190939318200000011,403,
GBI,GBI Keystone Platform,12051766323,prod,012051766323:us-east-1:rubix-asg-keystone-cdp-2-prod-east-rubix-20240621190939318500000012,us-east-1,us-east-1b,m5d.8xlarge,USD,$0.31,$583.00,"2,160",48,4,,,3,3,Autoscale,h1.2xlarge,5,6,$0.08,$239.13,41%,0,0,32,8,128,32,0,0,103428,keystone-cdp-2-prod-east-rubix,rubix-asg-keystone-cdp-2-prod-east-rubix-20240621190939318500000012,826,
GBI,GBI Keystone Platform,12051766323,prod,012051766323:us-east-1:rubix-asg-keystone-us-east-1-spark-prod-2-2023092115224998330000000e,us-east-1,us-east-1c,r6g.4xlarge,USD,$0.14,$87.00,720,9,4,,,1,1,Autoscale,m6g.medium,1,2,$0.01,$77.72,90%,0,1,16,1,128,4,0,0,103428,keystone-us-east-1-spark-prod-2,rubix-asg-keystone-us-east-1-spark-prod-2-2023092115224998330000000e,2733,
GBI,GBI Keystone Platform,12051766323,prod,012051766323:us-east-1:rubix-asg-keystone-us-east-1-spark-prod-2-2023092115224998720000000f,us-east-1,us-east-1c,r6g.8xlarge,USD,$0.27,$520.00,"2,160",4,9,,,3,3,Autoscale,x2gd.medium,5,5,$0.01,$468.61,90%,0,0,32,1,256,16,0,0,103428,keystone-us-east-1-spark-prod-2,rubix-asg-keystone-us-east-1-spark-prod-2-2023092115224998720000000f,510,
GBI,GBI Keystone Platform,12051766323,prod,012051766323:us-east-1:rubix-asg-keystone-us-east-1-spark-prod-2-2025032618593273780000000f,us-east-1,us-east-1b,r6g.8xlarge,USD,$0.27,$173.00,720,4,24,,,1,1,Autoscale,x2gd.xlarge,1,1,$0.06,$132.40,76%,0,70,32,4,256,64,0,0,103428,keystone-us-east-1-spark-prod-2,rubix-asg-keystone-us-east-1-spark-prod-2-2025032618593273780000000f,1924,
GBI,GBI Keystone Platform,12051766323,prod,012051766323:us-east-1:rubix-asg-keystone-us-east-1-spark-prod-2-20250326185932741100000010,us-east-1,us-east-1a,r6g.8xlarge,USD,$0.27,$180.00,719,44,26,,,1,2,Autoscale,m6g.xlarge,1,5,$0.03,$153.43,85%,0,2,32,4,256,16,0,0,103428,keystone-us-east-1-spark-prod-2,rubix-asg-keystone-us-east-1-spark-prod-2-20250326185932741100000010,1665,
GBI,GBI Keystone Platform,12051766323,prod,012051766323:us-east-1:rubix-asg-keystone-us-east-1-spark-prod-2-20250326185932742000000011,us-east-1,us-east-1c,r6g.8xlarge,USD,$0.27,$173.00,720,3,3,,,1,1,Autoscale,x2gd.medium,1,1,$0.01,$163.06,94%,0,86,32,1,256,16,0,0,103428,keystone-us-east-1-spark-prod-2,rubix-asg-keystone-us-east-1-spark-prod-2-20250326185932742000000011,1536,
GBI,GBI Keystone Platform,12051766323,prod,012051766323:us-east-1:rubix-asg-keystone-us-east-1-spark-prod-2-20250326185932762900000012,us-east-1,us-east-1c,r6g.8xlarge,USD,$0.27,$173.00,720,10,7,,,1,1,Autoscale,r6g.medium,2,4,$0.01,$155.61,90%,0,60,32,1,256,8,0,0,103428,keystone-us-east-1-spark-prod-2,rubix-asg-keystone-us-east-1-spark-prod-2-20250326185932762900000012,1604,
GBI,GBI Keystone Platform,12051766323,prod,012051766323:us-east-1:rubix-asg-keystone-us-east-1-spark-prod-2023060619122334870000000a,us-east-1,us-east-1a,r6g.16xlarge,USD,$0.55,"$1,039.00","2,160",4,17,,,3,3,Autoscale,x2gd.large,9,9,$0.03,$855.38,82%,0,0,64,2,512,32,0,0,103428,keystone-us-east-1-spark-prod,rubix-asg-keystone-us-east-1-spark-prod-2023060619122334870000000a,280,
GBI,GBI Keystone Platform,12051766323,prod,012051766323:us-east-1:rubix-asg-keystone-us-east-1-spark-prod-20221222035355927000000003,us-east-1,us-east-1c,r5.4xlarge,USD,$0.17,$108.00,720,7,1,,,1,1,Autoscale,c6g.medium,1,2,$0.01,$104.05,96%,0,65,16,1,128,2,0,0,103428,keystone-us-east-1-spark-prod,rubix-asg-keystone-us-east-1-spark-prod-20221222035355927000000003,2373,
GBI,GBI Keystone Platform,12051766323,prod,012051766323:us-east-1:rubix-asg-keystone-us-east-1-spark-prod-20230609002042293200000003,us-east-1,us-east-1b,r6g.4xlarge,USD,$0.14,$87.00,720,11,2,,,1,1,Autoscale,m6g.medium,1,2,$0.01,$81.92,95%,0,58,16,1,128,4,0,0,103428,keystone-us-east-1-spark-prod,rubix-asg-keystone-us-east-1-spark-prod-20230609002042293200000003,2686,
GBI,GBI Keystone Platform,12051766323,prod,012051766323:us-east-1:rubix-asg-keystone-us-east-1-spark-prod-20250402182712993700000010,us-east-1,us-east-1c,r6g.8xlarge,USD,$0.27,$173.00,720,5,24,,,1,1,Autoscale,x2gd.xlarge,1,1,$0.06,$132.25,76%,0,78,32,4,256,64,0,0,103428,keystone-us-east-1-spark-prod,rubix-asg-keystone-us-east-1-spark-prod-20250402182712993700000010,1920,
GBI,GBI Keystone Platform,12051766323,prod,012051766323:us-east-1:rubix-asg-keystone-us-east-1-spark-prod-20250402182713010700000011,us-east-1,us-east-1c,r6g.8xlarge,USD,$0.27,"$5,891.00","23,118",15,24,,,3,34,Autoscale,x2gd.large,6,85,$0.03,"$4,960.58",84%,0,0,32,2,256,32,0,0,103428,keystone-us-east-1-spark-prod,rubix-asg-keystone-us-east-1-spark-prod-20250402182713010700000011,35,
GBI,GBI Keystone Platform,12051766323,prod,012051766323:us-east-1:rubix-asg-keystone-us-east-1-spark-prod-20250402182713012600000012,us-east-1,us-east-1b,r6g.8xlarge,USD,$0.27,$173.00,720,10,21,,,1,1,Autoscale,x2gd.xlarge,1,1,$0.06,$132.25,76%,0,0,32,4,256,64,0,0,103428,keystone-us-east-1-spark-prod,rubix-asg-keystone-us-east-1-spark-prod-20250402182713012600000012,1916,
GBI,GBI Keystone Platform,12051766323,prod,012051766323:us-east-1:rubix-asg-keystone-us-east-1-spark-prod-20250402182713025900000013,us-east-1,us-east-1a,r6g.8xlarge,USD,$0.27,$173.00,720,20,27,,,1,1,Autoscale,x2gd.large,2,4,$0.03,$126.68,73%,0,0,32,2,256,32,0,0,103428,keystone-us-east-1-spark-prod,rubix-asg-keystone-us-east-1-spark-prod-20250402182713025900000013,2035,
GBI,GBI Keystone Platform,12051766323,prod,012051766323:us-west-2:rubix-asg-keystone-cdp-1-prod-rubix-2022020805221072340000000b,us-west-2,us-west-2a,m5d.large,USD,$0.02,$36.00,"2,160",56,32,,,3,3,Autoscale,m6gd.large,1,2,$0.02,$22.51,62%,0,0,2,2,8,8,1,1,103428,keystone-cdp-1-prod-rubix,rubix-asg-keystone-cdp-1-prod-rubix-2022020805221072340000000b,4371,
GBI,GBI Keystone Platform,12051766323,prod,012051766323:us-west-2:rubix-asg-keystone-cdp-1-prod-rubix-2022020805221072850000000d,us-west-2,us-west-2a,m5d.8xlarge,USD,$0.31,$583.00,"2,160",40,9,,,3,3,Autoscale,h1.2xlarge,2,5,$0.08,$363.65,62%,0,0,32,8,128,32,0,0,103428,keystone-cdp-1-prod-rubix,rubix-asg-keystone-cdp-1-prod-rubix-2022020805221072850000000d,638,
GBI,GBI Keystone Platform,12051766323,prod,012051766323:us-west-2:rubix-asg-keystone-cdp-1-prod-rubix-2022020805221073330000000e,us-west-2,us-west-2a,m5d.8xlarge,USD,$0.31,$583.00,"2,160",63,12,,,3,3,Autoscale,h1.2xlarge,5,8,$0.08,$284.50,49%,0,0,32,8,128,32,0,0,103428,keystone-cdp-1-prod-rubix,rubix-asg-keystone-cdp-1-prod-rubix-2022020805221073330000000e,765,
GBI,GBI Keystone Platform,12051766323,prod,012051766323:us-west-2:rubix-asg-keystone-cdp-1-prod-rubix-20230125210027131300000005,us-west-2,us-west-2b,m5d.4xlarge,USD,$0.15,$291.00,"2,160",79,14,,,3,3,Autoscale,c6gd.4xlarge,2,3,$0.10,$138.23,47%,0,0,16,16,64,32,1,1,103428,keystone-cdp-1-prod-rubix,rubix-asg-keystone-cdp-1-prod-rubix-20230125210027131300000005,1614,
GBI,GBI Keystone Platform,12051766323,prod,012051766323:us-west-2:rubix-asg-keystone-cdp-1-prod-rubix-20230125210027131400000006,us-west-2,us-west-2a,m5d.8xlarge,USD,$0.31,$583.00,"2,160",42,12,,,3,3,Autoscale,h1.2xlarge,4,6,$0.08,$296.50,51%,0,0,32,8,128,32,0,0,103428,keystone-cdp-1-prod-rubix,rubix-asg-keystone-cdp-1-prod-rubix-20230125210027131400000006,757,
GBI,GBI Keystone Platform,12051766323,prod,012051766323:us-west-2:rubix-asg-keystone-cdp-1-prod-rubix-20230202001112895400000003,us-west-2,us-west-2a,m5d.4xlarge,USD,$0.15,$291.00,"2,160",72,18,,,3,3,Autoscale,c6gd.4xlarge,2,3,$0.10,$136.59,47%,0,0,16,16,64,32,1,1,103428,keystone-cdp-1-prod-rubix,rubix-asg-keystone-cdp-1-prod-rubix-20230202001112895400000003,1623,
GBI,GBI Keystone Platform,12051766323,prod,012051766323:us-west-2:rubix-asg-keystone-cdp-1-prod-rubix-20230206192201224300000003,us-west-2,us-west-2c,m5d.4xlarge,USD,$0.15,$291.00,"2,160",98,41,,,3,3,Autoscale,c6gd.4xlarge,2,3,$0.10,$70.32,24%,0,0,16,16,64,32,1,1,103428,keystone-cdp-1-prod-rubix,rubix-asg-keystone-cdp-1-prod-rubix-20230206192201224300000003,2414,
GBI,GBI Keystone Platform,12051766323,prod,012051766323:us-west-2:rubix-asg-keystone-cdp-1-prod-rubix-20230825015126714800000003,us-west-2,us-west-2c,m5d.4xlarge,USD,$0.15,$486.00,"3,601",54,15,,,5,6,Autoscale,c6gd.4xlarge,2,4,$0.10,$266.20,55%,0,0,16,16,64,32,1,1,103428,keystone-cdp-1-prod-rubix,rubix-asg-keystone-cdp-1-prod-rubix-20230825015126714800000003,798,
GBI,GBI Keystone Platform,12051766323,prod,012051766323:us-west-2:rubix-asg-keystone-cdp-2-prod-rubix-2022020803051684100000000d,us-west-2,us-west-2c,m5d.8xlarge,USD,$0.31,$583.00,"2,160",56,16,,,3,3,Autoscale,h1.2xlarge,5,7,$0.08,$237.62,41%,0,0,32,8,128,32,0,0,103428,keystone-cdp-2-prod-rubix,rubix-asg-keystone-cdp-2-prod-rubix-2022020803051684100000000d,829,
GBI,GBI Keystone Platform,12051766323,prod,012051766323:us-west-2:rubix-asg-keystone-cdp-2-prod-rubix-2022020803051688700000000f,us-west-2,us-west-2c,m5d.8xlarge,USD,$0.31,$583.00,"2,160",4,3,,,3,3,Autoscale,h1.2xlarge,1,1,$0.08,$525.36,90%,0,0,32,8,128,32,0,0,103428,keystone-cdp-2-prod-rubix,rubix-asg-keystone-cdp-2-prod-rubix-2022020803051688700000000f,445,
GBI,GBI Keystone Platform,12051766323,prod,012051766323:us-west-2:rubix-asg-keystone-cdp-2-prod-rubix-2022080918353907570000000c,us-west-2,us-west-2c,m5d.8xlarge,USD,$0.31,$583.00,"2,160",55,18,,,3,3,Autoscale,h1.2xlarge,5,7,$0.08,$203.09,35%,0,0,32,8,128,32,0,0,103428,keystone-cdp-2-prod-rubix,rubix-asg-keystone-cdp-2-prod-rubix-2022080918353907570000000c,935,
GBI,GBI Keystone Platform,12051766323,prod,012051766323:us-west-2:rubix-asg-keystone-cdp-2-prod-rubix-2022080918353907910000000d,us-west-2,us-west-2b,m5d.8xlarge,USD,$0.31,$583.00,"2,160",60,18,,,3,3,Autoscale,h1.2xlarge,6,8,$0.08,$196.25,34%,0,0,32,8,128,32,0,0,103428,keystone-cdp-2-prod-rubix,rubix-asg-keystone-cdp-2-prod-rubix-2022080918353907910000000d,980,
GBI,GBI Keystone Platform,12051766323,prod,012051766323:us-west-2:rubix-asg-keystone-cdp-2-prod-rubix-2022080918353908420000000f,us-west-2,us-west-2a,d3.xlarge,USD,$0.20,$126.00,720,22,4,,,1,1,No Action,d3.xlarge,1,1,$0.08,$0.00,0%,0,0,4,4,32,32,1,1,103428,keystone-cdp-2-prod-rubix,rubix-asg-keystone-cdp-2-prod-rubix-2022080918353908420000000f,5862,
GBI,GBI Keystone Platform,12051766323,prod,012051766323:us-west-2:rubix-asg-keystone-cdp-2-prod-rubix-2022100320234406170000000a,us-west-2,us-west-2c,m5d.8xlarge,USD,$0.31,$583.00,"2,160",38,9,,,3,3,Autoscale,h1.2xlarge,2,5,$0.08,$396.80,68%,0,0,32,8,128,32,0,0,103428,keystone-cdp-2-prod-rubix,rubix-asg-keystone-cdp-2-prod-rubix-2022100320234406170000000a,588,
GBI,GBI Keystone Platform,12051766323,prod,012051766323:us-west-2:rubix-asg-keystone-cdp-2-prod-rubix-2025033021255214960000000a,us-west-2,us-west-2b,m6g.8xlarge,USD,$0.21,$397.00,"2,160",2,2,,,3,3,Autoscale,r6g.medium,1,3,$0.01,$388.82,98%,0,54,32,1,128,8,0,0,103428,keystone-cdp-2-prod-rubix,rubix-asg-keystone-cdp-2-prod-rubix-2025033021255214960000000a,644,
GBI,GBI Keystone Platform,12051766323,prod,012051766323:us-west-2:rubix-asg-keystone-cdp-2-prod-rubix-20220208030516895700000011,us-west-2,us-west-2c,m5d.8xlarge,USD,$0.31,$583.00,"2,160",63,23,,,3,3,Autoscale,h1.2xlarge,6,8,$0.08,$183.42,31%,0,0,32,8,128,32,0,0,103428,keystone-cdp-2-prod-rubix,rubix-asg-keystone-cdp-2-prod-rubix-20220208030516895700000011,1029,
GBI,GBI Keystone Platform,12051766323,prod,012051766323:us-west-2:rubix-asg-keystone-us-west-2-spark-prod2-2023060619123777000000000a,us-west-2,us-west-2c,r6g.16xlarge,USD,$0.55,"$1,040.00","2,160",9,19,,,3,3,Autoscale,x2gd.large,8,10,$0.03,$853.78,82%,0,0,64,2,512,32,0,0,103428,keystone-us-west-2-spark-prod2,rubix-asg-keystone-us-west-2-spark-prod2-2023060619123777000000000a,281,
GBI,GBI Keystone Platform,12051766323,prod,012051766323:us-west-2:rubix-asg-keystone-us-west-2-spark-prod2-20221222045131517400000003,us-west-2,us-west-2c,r5.4xlarge,USD,$0.17,$108.00,720,28,4,,,1,1,Autoscale,c6g.large,1,3,$0.01,$91.64,85%,0,0,16,2,128,4,0,0,103428,keystone-us-west-2-spark-prod2,rubix-asg-keystone-us-west-2-spark-prod2-20221222045131517400000003,2455,
GBI,GBI Keystone Platform,12051766323,prod,012051766323:us-west-2:rubix-asg-keystone-us-west-2-spark-prod2-20230609002019973900000003,us-west-2,us-west-2c,r6g.4xlarge,USD,$0.14,$87.00,720,21,9,,,1,1,Autoscale,m6g.medium,3,4,$0.01,$71.82,83%,0,0,16,1,128,4,0,0,103428,keystone-us-west-2-spark-prod2,rubix-asg-keystone-us-west-2-spark-prod2-20230609002019973900000003,2833,
GBI,GBI Keystone Platform,12051766323,prod,012051766323:us-west-2:rubix-asg-keystone-us-west-2-spark-prod2-20250331173841053200000010,us-west-2,us-west-2c,r6g.8xlarge,USD,$0.27,"$10,774.00","67,848",99,73,,,3,455,Autoscale,r6g.xlarge,6,1434,$0.03,"$1,521.92",14%,0,0,32,4,256,32,0,0,103428,keystone-us-west-2-spark-prod2,rubix-asg-keystone-us-west-2-spark-prod2-20250331173841053200000010,20,
GBI,GBI Keystone Platform,12051766323,prod,012051766323:us-west-2:rubix-asg-keystone-us-west-2-spark-prod2-20250331173841053600000011,us-west-2,us-west-2a,r6g.8xlarge,USD,$0.27,$173.00,720,17,24,,,1,1,Autoscale,x2gd.large,2,3,$0.03,$130.41,75%,0,0,32,2,256,32,0,0,103428,keystone-us-west-2-spark-prod2,rubix-asg-keystone-us-west-2-spark-prod2-20250331173841053600000011,1954,
GBI,GBI Keystone Platform,12051766323,prod,012051766323:us-west-2:rubix-asg-keystone-us-west-2-spark-prod2-20250331173841059300000012,us-west-2,us-west-2b,r6g.8xlarge,USD,$0.27,"$3,592.00","35,548",96,45,,,1,109,Autoscale,m6g.xlarge,4,382,$0.03,$792.13,22%,0,0,32,4,256,16,0,0,103428,keystone-us-west-2-spark-prod2,rubix-asg-keystone-us-west-2-spark-prod2-20250331173841059300000012,27,
GBI,GBI Keystone Platform,12051766323,prod,012051766323:us-west-2:rubix-asg-keystone-us-west-2-spark-prod2-20250331173841570700000013,us-west-2,us-west-2a,r6g.8xlarge,USD,$0.27,$741.00,"3,061",58,64,,,4,9,Autoscale,x2gd.2xlarge,3,21,$0.11,$470.25,63%,0,0,32,8,256,128,0,1,103428,keystone-us-west-2-spark-prod2,rubix-asg-keystone-us-west-2-spark-prod2-20250331173841570700000013,494,
GBI,GBI Keystone Platform,12051766323,prod,012051766323:us-west-2:rubix-asg-keystone-us-west-2-spark-prod-2023060618220719920000000b,us-west-2,us-west-2c,r6g.16xlarge,USD,$0.55,"$1,040.00","2,160",15,22,,,3,3,Autoscale,x2gd.xlarge,5,8,$0.06,$795.81,77%,0,0,64,4,512,64,0,0,103428,keystone-us-west-2-spark-prod,rubix-asg-keystone-us-west-2-spark-prod-2023060618220719920000000b,314,
GBI,GBI Keystone Platform,12051766323,prod,012051766323:us-west-2:rubix-asg-keystone-us-west-2-spark-prod-2025011418473763390000000b,us-west-2,us-west-2b,r6g.8xlarge,USD,$0.27,$173.00,720,64,34,,,1,1,Autoscale,x2gd.2xlarge,1,3,$0.11,$76.48,44%,0,0,32,8,256,128,0,1,103428,keystone-us-west-2-spark-prod,rubix-asg-keystone-us-west-2-spark-prod-2025011418473763390000000b,2500,
GBI,GBI Keystone Platform,12051766323,prod,012051766323:us-west-2:rubix-asg-keystone-us-west-2-spark-prod-2025011418473763390000000c,us-west-2,us-west-2a,r6g.8xlarge,USD,$0.27,$173.00,720,30,26,,,1,1,Autoscale,r6g.xlarge,3,3,$0.03,$99.25,57%,0,1,32,4,256,32,0,0,103428,keystone-us-west-2-spark-prod,rubix-asg-keystone-us-west-2-spark-prod-2025011418473763390000000c,2349,
GBI,GBI Keystone Platform,12051766323,prod,012051766323:us-west-2:rubix-asg-keystone-us-west-2-spark-prod-2025011418473763390000000d,us-west-2,us-west-2c,r6g.8xlarge,USD,$0.27,$270.00,"5,525",50,17,,,1,17,Autoscale,c6g.medium,3,45,$0.01,$169.51,63%,0,0,32,1,256,2,0,0,103428,keystone-us-west-2-spark-prod,rubix-asg-keystone-us-west-2-spark-prod-2025011418473763390000000d,212,
GBI,GBI Keystone Platform,12051766323,prod,012051766323:us-west-2:rubix-asg-keystone-us-west-2-spark-prod-2025011418473763560000000e,us-west-2,us-west-2c,r6g.8xlarge,USD,$0.27,$173.00,720,11,5,,,1,1,Autoscale,r6g.medium,2,4,$0.01,$158.94,92%,0,0,32,1,256,8,0,0,103428,keystone-us-west-2-spark-prod,rubix-asg-keystone-us-west-2-spark-prod-2025011418473763560000000e,1586,
GBI,GBI Keystone Platform,12051766323,prod,012051766323:us-west-2:rubix-asg-keystone-us-west-2-spark-prod-2025040118180033320000000f,us-west-2,us-west-2b,r6g.8xlarge,USD,$0.27,$173.00,720,60,33,,,1,1,Autoscale,r6g.2xlarge,1,3,$0.07,$105.42,61%,0,0,32,8,256,64,0,0,103428,keystone-us-west-2-spark-prod,rubix-asg-keystone-us-west-2-spark-prod-2025040118180033320000000f,2198,
GBI,GBI Keystone Platform,12051766323,prod,012051766323:us-west-2:rubix-asg-keystone-us-west-2-spark-prod-20230609002036668200000003,us-west-2,us-west-2c,r6g.4xlarge,USD,$0.14,$87.00,720,20,10,,,1,1,Autoscale,r6g.medium,2,4,$0.01,$68.92,80%,0,0,16,1,128,8,0,0,103428,keystone-us-west-2-spark-prod,rubix-asg-keystone-us-west-2-spark-prod-20230609002036668200000003,2935,
GBI,GBI Keystone Platform,12051766323,prod,012051766323:us-west-2:rubix-asg-keystone-us-west-2-spark-prod-20250401181800333400000010,us-west-2,us-west-2c,r6g.8xlarge,USD,$0.27,"$9,010.00","37,443",12,13,,,52,53,Autoscale,r6g.medium,106,211,$0.01,"$7,981.71",89%,0,0,32,1,256,8,0,0,103428,keystone-us-west-2-spark-prod,rubix-asg-keystone-us-west-2-spark-prod-20250401181800333400000010,21,
GBI,GBI Keystone Platform,12051766323,prod,012051766323:us-west-2:rubix-asg-keystone-us-west-2-spark-prod-20250401181800335600000011,us-west-2,us-west-2c,r6g.8xlarge,USD,$0.27,"$11,025.00","45,323",23,29,,,55,65,Autoscale,x2gd.large,119,226,$0.03,"$8,125.97",74%,0,0,32,2,256,32,0,0,103428,keystone-us-west-2-spark-prod,rubix-asg-keystone-us-west-2-spark-prod-20250401181800335600000011,19,
GBI,GBI Keystone Platform,12051766323,prod,012051766323:us-west-2:rubix-asg-keystone-us-west-2-spark-prod-20250401181800337800000012,us-west-2,us-west-2a,r6g.8xlarge,USD,$0.27,"$3,828.00","18,416",99,60,,,2,56,Autoscale,m6g.2xlarge,3,218,$0.05,$515.58,13%,0,0,32,8,256,32,0,0,103428,keystone-us-west-2-spark-prod,rubix-asg-keystone-us-west-2-spark-prod-20250401181800337800000012,162,
GBI,GBI Keystone Platform,155026115825,test,155026115825:us-west-2:rubix-asg-keystone-cdp-2-test-rubix-20210524210410474000000007,us-west-2,us-west-2c,m5d.2xlarge,USD,$0.08,$146.00,"2,163",61,38,,,3,6,Autoscale,m6gd.2xlarge,1,2,$0.06,$81.71,56%,0,0,8,8,32,32,1,1,103428,keystone-cdp-2-test-rubix,rubix-asg-keystone-cdp-2-test-rubix-20210524210410474000000007,2489,
GBI,GBI Keystone Platform,155026115825,test,155026115825:us-west-2:rubix-asg-keystone-cdp-2-test-rubix-20210524210454292300000008,us-west-2,us-west-2b,m5d.large,USD,$0.02,$48.00,"2,834",43,19,,,3,6,Autoscale,m6gd.large,1,3,$0.02,$36.33,76%,0,0,2,2,8,8,1,1,103428,keystone-cdp-2-test-rubix,rubix-asg-keystone-cdp-2-test-rubix-20210524210454292300000008,3745,
GBI,GBI Keystone Platform,155026115825,test,155026115825:us-west-2:rubix-asg-keystone-cdp-2-test-rubix-20210524210535533300000009,us-west-2,us-west-2c,m5d.2xlarge,USD,$0.08,$194.00,"2,880",71,25,,,4,4,Autoscale,c6gd.2xlarge,2,3,$0.05,$112.68,58%,0,0,8,8,32,16,1,1,103428,keystone-cdp-2-test-rubix,rubix-asg-keystone-cdp-2-test-rubix-20210524210535533300000009,2135,
GBI,GBI Keystone Platform,155026115825,test,155026115825:us-west-2:rubix-asg-keystone-cdp-2-test-rubix-20211208185449566200000008,us-west-2,us-west-2b,c5a.8xlarge,USD,$0.21,$662.00,"3,600",33,19,,,5,5,Autoscale,c6g.xlarge,4,14,$0.02,$552.66,84%,0,0,32,4,64,8,0,0,103428,keystone-cdp-2-test-rubix,rubix-asg-keystone-cdp-2-test-rubix-20211208185449566200000008,413,
GBI,GBI Keystone Platform,155026115825,test,155026115825:us-west-2:rubix-asg-keystone-cdp-2-test-rubix-20230213214700918000000003,us-west-2,us-west-2b,m6g.xlarge,USD,$0.03,$33.00,"1,440",14,13,,,2,2,Autoscale,m6g.medium,1,2,$0.01,$28.34,86%,0,0,4,1,16,4,0,0,103428,keystone-cdp-2-test-rubix,rubix-asg-keystone-cdp-2-test-rubix-20230213214700918000000003,4155,
GBI,GBI Keystone Platform,155026115825,test,155026115825:us-west-2:rubix-asg-keystone-cdp-2-test-rubix-20240918194640406800000003,us-west-2,us-west-2c,m6id.2xlarge,USD,$0.08,$51.00,720,24,18,,,1,1,Autoscale,i3.large,1,1,$0.03,$31.89,63%,0,0,8,2,32,15,0,0,103428,keystone-cdp-2-test-rubix,rubix-asg-keystone-cdp-2-test-rubix-20240918194640406800000003,3910,
GBI,GBI Keystone Platform,370968369317,prod,370968369317:us-east-1:rubix-asg-ks-us-east-1-spark-prod-1-9317-2023092200591922090000000c,us-east-1,us-east-1a,r6g.8xlarge,USD,$0.27,$520.00,"2,160",4,9,,,3,3,Autoscale,x2gd.medium,5,5,$0.01,$468.72,90%,0,0,32,1,256,16,0,0,103428,ks-us-east-1-spark-prod-1-9317,rubix-asg-ks-us-east-1-spark-prod-1-9317-2023092200591922090000000c,509,
GBI,GBI Keystone Platform,370968369317,prod,370968369317:us-east-1:rubix-asg-ks-us-east-1-spark-prod-1-9317-2023092200591922590000000d,us-east-1,us-east-1a,r6g.4xlarge,USD,$0.14,$87.00,720,17,5,,,1,1,Autoscale,m6g.medium,2,3,$0.01,$76.99,89%,0,0,16,1,128,4,0,0,103428,ks-us-east-1-spark-prod-1-9317,rubix-asg-ks-us-east-1-spark-prod-1-9317-2023092200591922590000000d,2746,
GBI,GBI Keystone Platform,370968369317,prod,370968369317:us-east-1:rubix-asg-ks-us-east-1-spark-prod-1-9317-2025032519524394780000001e,us-east-1,us-east-1a,m5d.8xlarge,USD,$0.31,$194.00,720,3,1,,,1,1,Autoscale,h1.2xlarge,1,1,$0.08,$136.91,71%,0,81,32,8,128,32,0,0,103428,ks-us-east-1-spark-prod-1-9317,rubix-asg-ks-us-east-1-spark-prod-1-9317-2025032519524394780000001e,1806,
GBI,GBI Keystone Platform,370968369317,prod,370968369317:us-east-1:rubix-asg-ks-us-east-1-spark-prod-1-9317-2025032519524395350000001f,us-east-1,us-east-1b,r6g.8xlarge,USD,$0.27,$173.00,720,4,4,,,1,1,Autoscale,x2gd.medium,1,2,$0.01,$163.00,94%,0,81,32,1,256,16,0,0,103428,ks-us-east-1-spark-prod-1-9317,rubix-asg-ks-us-east-1-spark-prod-1-9317-2025032519524395350000001f,1545,
GBI,GBI Keystone Platform,370968369317,prod,370968369317:us-east-1:rubix-asg-ks-us-east-1-spark-prod-1-9317-20250325195243960200000020,us-east-1,us-east-1c,r6g.8xlarge,USD,$0.27,$173.00,720,5,3,,,1,1,Autoscale,x2gd.medium,1,2,$0.01,$162.87,94%,0,82,32,1,256,16,0,0,103428,ks-us-east-1-spark-prod-1-9317,rubix-asg-ks-us-east-1-spark-prod-1-9317-20250325195243960200000020,1549,
GBI,GBI Keystone Platform,370968369317,prod,370968369317:us-east-1:rubix-asg-ks-us-east-1-spark-prod-1-9317-20250325195243966500000021,us-east-1,us-east-1a,r6g.8xlarge,USD,$0.27,$770.00,"4,851",97,80,,,1,21,Autoscale,m6g.2xlarge,1,74,$0.05,$75.64,10%,0,0,32,8,256,32,0,0,103428,ks-us-east-1-spark-prod-1-9317,rubix-asg-ks-us-east-1-spark-prod-1-9317-20250325195243966500000021,420,
GBI,GBI Keystone Platform,370968369317,prod,370968369317:us-east-1:rubix-asg-ks-us-east-1-spark-prod-1-9317-20250325195243970800000022,us-east-1,us-east-1b,m5d.8xlarge,USD,$0.31,$194.00,720,3,2,,,1,1,Autoscale,h1.2xlarge,1,1,$0.08,$136.93,71%,0,74,32,8,128,32,0,0,103428,ks-us-east-1-spark-prod-1-9317,rubix-asg-ks-us-east-1-spark-prod-1-9317-20250325195243970800000022,1817,
GBI,GBI Keystone Platform,370968369317,prod,370968369317:us-east-1:rubix-asg-ks-us-east-1-spark-prod-1-9317-20250325195244630100000023,us-east-1,us-east-1c,r6g.8xlarge,USD,$0.27,$173.00,720,3,21,,,1,1,Autoscale,x2gd.xlarge,1,1,$0.06,$132.37,76%,0,73,32,4,256,64,0,0,103428,ks-us-east-1-spark-prod-1-9317,rubix-asg-ks-us-east-1-spark-prod-1-9317-20250325195244630100000023,1918,
GBI,GBI Keystone Platform,370968369317,prod,370968369317:us-east-1:rubix-asg-ks-us-east-1-spark-prod-1-9317-20250325195244647500000024,us-east-1,us-east-1c,m5d.8xlarge,USD,$0.31,$194.00,720,3,8,,,1,1,Autoscale,h1.2xlarge,1,1,$0.08,$136.93,71%,0,76,32,8,128,32,0,0,103428,ks-us-east-1-spark-prod-1-9317,rubix-asg-ks-us-east-1-spark-prod-1-9317-20250325195244647500000024,1807,
GBI,GBI Keystone Platform,370968369317,prod,370968369317:us-east-1:rubix-asg-ks-us-east-1-spark-prod-1-9317-20250325195244706600000025,us-east-1,us-east-1a,r6gd.8xlarge,USD,$0.31,$198.00,720,4,4,,,1,1,Autoscale,h1.2xlarge,1,1,$0.08,$140.71,71%,0,67,32,8,256,32,0,0,103428,ks-us-east-1-spark-prod-1-9317,rubix-asg-ks-us-east-1-spark-prod-1-9317-20250325195244706600000025,1707,
GBI,GBI Keystone Platform,370968369317,prod,370968369317:us-east-1:rubix-asg-ks-us-east-1-spark-prod-1-9317-20250325195246151300000026,us-east-1,us-east-1c,m5d.8xlarge,USD,$0.31,$194.00,720,3,2,,,1,1,Autoscale,h1.2xlarge,1,1,$0.08,$136.93,71%,0,74,32,8,128,32,0,0,103428,ks-us-east-1-spark-prod-1-9317,rubix-asg-ks-us-east-1-spark-prod-1-9317-20250325195246151300000026,1809,
GBI,GBI Keystone Platform,370968369317,prod,370968369317:us-west-2:rubix-asg-ks-us-west-2-spark-prod-1-9317-2023070622590989790000000a,us-west-2,us-west-2c,t4g.xlarge,USD,$0.02,$29.00,"1,440",19,6,,,2,2,Autoscale,t4g.nano,4,7,$0.00,$26.68,92%,0,0,2,0,16,1,0,0,103428,ks-us-west-2-spark-prod-1-9317,rubix-asg-ks-us-west-2-spark-prod-1-9317-2023070622590989790000000a,4244,
GBI,GBI Keystone Platform,370968369317,prod,370968369317:us-west-2:rubix-asg-ks-us-west-2-spark-prod-1-9317-2023070622590989810000000b,us-west-2,us-west-2b,t4g.xlarge,USD,$0.02,$29.00,"1,440",18,7,,,2,2,Autoscale,t4g.nano,5,6,$0.00,$26.27,91%,0,0,2,0,16,1,0,0,103428,ks-us-west-2-spark-prod-1-9317,rubix-asg-ks-us-west-2-spark-prod-1-9317-2023070622590989810000000b,4265,
GBI,GBI Keystone Platform,370968369317,prod,370968369317:us-west-2:rubix-asg-ks-us-west-2-spark-prod-1-9317-2023070622590989950000000c,us-west-2,us-west-2a,t4g.xlarge,USD,$0.02,$14.00,720,21,9,,,1,1,Autoscale,t4g.nano,3,4,$0.00,$12.88,89%,0,0,2,0,16,1,0,0,103428,ks-us-west-2-spark-prod-1-9317,rubix-asg-ks-us-west-2-spark-prod-1-9317-2023070622590989950000000c,4902,
GBI,GBI Keystone Platform,370968369317,prod,370968369317:us-west-2:rubix-asg-ks-us-west-2-spark-prod-2-9317-2023060700135512200000000e,us-west-2,us-west-2c,r6g.16xlarge,USD,$0.55,"$1,040.00","2,160",4,13,,,3,3,Autoscale,x2gd.large,6,7,$0.03,$906.30,87%,0,0,64,2,512,32,0,0,103428,ks-us-west-2-spark-prod-2-9317,rubix-asg-ks-us-west-2-spark-prod-2-9317-2023060700135512200000000e,261,
GBI,GBI Keystone Platform,370968369317,prod,370968369317:us-west-2:rubix-asg-ks-us-west-2-spark-prod-2-9317-2025032517395870390000001e,us-west-2,us-west-2a,r6g.8xlarge,USD,$0.27,"$6,816.00","116,284",76,57,,,2,366,Autoscale,m6g.xlarge,1,808,$0.03,$295.99,4%,0,0,32,4,256,16,0,0,103428,ks-us-west-2-spark-prod-2-9317,rubix-asg-ks-us-west-2-spark-prod-2-9317-2025032517395870390000001e,5,
GBI,GBI Keystone Platform,370968369317,prod,370968369317:us-west-2:rubix-asg-ks-us-west-2-spark-prod-2-9317-2025032517395871090000001f,us-west-2,us-west-2c,r6g.8xlarge,USD,$0.27,$173.00,720,3,4,,,1,1,Autoscale,x2gd.medium,1,2,$0.01,$162.94,94%,0,83,32,1,256,16,0,0,103428,ks-us-west-2-spark-prod-2-9317,rubix-asg-ks-us-west-2-spark-prod-2-9317-2025032517395871090000001f,1546,
GBI,GBI Keystone Platform,370968369317,prod,370968369317:us-west-2:rubix-asg-ks-us-west-2-spark-prod-2-9317-20230607192533745500000003,us-west-2,us-west-2b,r6g.4xlarge,USD,$0.14,$87.00,721,20,5,,,1,2,Autoscale,c6g.medium,2,4,$0.01,$74.16,86%,0,0,16,1,128,2,0,0,103428,ks-us-west-2-spark-prod-2-9317,rubix-asg-ks-us-west-2-spark-prod-2-9317-20230607192533745500000003,2795,
GBI,GBI Keystone Platform,370968369317,prod,370968369317:us-west-2:rubix-asg-ks-us-west-2-spark-prod-2-9317-20250325173958714000000020,us-west-2,us-west-2b,m5d.8xlarge,USD,$0.31,$194.00,720,5,3,,,1,1,Autoscale,h1.2xlarge,1,1,$0.08,$136.87,70%,0,41,32,8,128,32,0,0,103428,ks-us-west-2-spark-prod-2-9317,rubix-asg-ks-us-west-2-spark-prod-2-9317-20250325173958714000000020,1810,
GBI,GBI Keystone Platform,370968369317,prod,370968369317:us-west-2:rubix-asg-ks-us-west-2-spark-prod-2-9317-20250325173958715800000021,us-west-2,us-west-2b,r6g.8xlarge,USD,$0.27,"$6,824.00","42,453",100,89,,,1,121,No Action,r6g.8xlarge,1,121,$0.27,$0.00,0%,0,0,32,32,256,256,1,1,103428,ks-us-west-2-spark-prod-2-9317,rubix-asg-ks-us-west-2-spark-prod-2-9317-20250325173958715800000021,5738,
GBI,GBI Keystone Platform,370968369317,prod,370968369317:us-west-2:rubix-asg-ks-us-west-2-spark-prod-2-9317-20250325173959282300000022,us-west-2,us-west-2c,m5d.8xlarge,USD,$0.31,$194.00,720,3,1,,,1,1,Autoscale,h1.2xlarge,1,1,$0.08,$136.87,70%,0,80,32,8,128,32,0,0,103428,ks-us-west-2-spark-prod-2-9317,rubix-asg-ks-us-west-2-spark-prod-2-9317-20250325173959282300000022,1811,
GBI,GBI Keystone Platform,370968369317,prod,370968369317:us-west-2:rubix-asg-ks-us-west-2-spark-prod-2-9317-20250325173959384900000023,us-west-2,us-west-2c,m5d.8xlarge,USD,$0.31,$194.00,720,4,5,,,1,1,Autoscale,h1.2xlarge,1,1,$0.08,$136.87,70%,0,68,32,8,128,32,0,0,103428,ks-us-west-2-spark-prod-2-9317,rubix-asg-ks-us-west-2-spark-prod-2-9317-20250325173959384900000023,1813,
GBI,GBI Keystone Platform,370968369317,prod,370968369317:us-west-2:rubix-asg-ks-us-west-2-spark-prod-2-9317-20250325173959449100000024,us-west-2,us-west-2c,r6g.8xlarge,USD,$0.27,$173.00,720,11,1,,,1,1,Autoscale,c6g.medium,2,4,$0.01,$160.61,93%,0,0,32,1,256,2,0,0,103428,ks-us-west-2-spark-prod-2-9317,rubix-asg-ks-us-west-2-spark-prod-2-9317-20250325173959449100000024,1578,
GBI,GBI Keystone Platform,370968369317,prod,370968369317:us-west-2:rubix-asg-ks-us-west-2-spark-prod-2-9317-20250325173959469400000025,us-west-2,us-west-2a,r6gd.8xlarge,USD,$0.31,$198.00,720,3,5,,,1,1,Autoscale,h1.2xlarge,1,1,$0.08,$140.65,71%,0,87,32,8,256,32,0,0,103428,ks-us-west-2-spark-prod-2-9317,rubix-asg-ks-us-west-2-spark-prod-2-9317-20250325173959469400000025,1708,
GBI,GBI Keystone Platform,370968369317,prod,370968369317:us-west-2:rubix-asg-ks-us-west-2-spark-prod-2-9317-20250325173959830100000026,us-west-2,us-west-2a,m5d.8xlarge,USD,$0.31,$194.00,720,4,2,,,1,1,Autoscale,h1.2xlarge,1,1,$0.08,$136.87,70%,0,73,32,8,128,32,0,0,103428,ks-us-west-2-spark-prod-2-9317,rubix-asg-ks-us-west-2-spark-prod-2-9317-20250325173959830100000026,1808,
GBI,GBI Keystone Platform,457687769052,test,457687769052:us-west-2:rubix-asg-gbi-kobe-1-test-rubix-2023011717571492530000000a,us-west-2,us-west-2c,m5d.2xlarge,USD,$0.08,$146.00,"2,163",39,12,,,3,6,Autoscale,i4g.large,1,5,$0.03,$115.32,79%,0,0,8,2,32,16,0,1,103428,gbi-kobe-1-test-rubix,rubix-asg-gbi-kobe-1-test-rubix-2023011717571492530000000a,2162,
GBI,GBI Keystone Platform,457687769052,test,457687769052:us-west-2:rubix-asg-gbi-kobe-1-test-rubix-2023011717571492990000000b,us-west-2,us-west-2c,m5d.2xlarge,USD,$0.08,$146.00,"2,163",47,14,,,3,6,Autoscale,c6gd.2xlarge,1,2,$0.05,$107.89,74%,0,0,8,8,32,16,1,1,103428,gbi-kobe-1-test-rubix,rubix-asg-gbi-kobe-1-test-rubix-2023011717571492990000000b,2204,
GBI,GBI Keystone Platform,457687769052,test,457687769052:us-west-2:rubix-asg-gbi-kobe-1-test-rubix-2023011717571493350000000c,us-west-2,us-west-2c,m5d.2xlarge,USD,$0.08,$146.00,"2,164",38,17,,,3,5,Autoscale,c6gd.2xlarge,1,2,$0.05,$101.67,70%,0,0,8,8,32,16,1,1,103428,gbi-kobe-1-test-rubix,rubix-asg-gbi-kobe-1-test-rubix-2023011717571493350000000c,2355,
GBI,GBI Keystone Platform,457687769052,test,457687769052:us-west-2:rubix-asg-gbi-kobe-1-test-rubix-20230117175714925200000009,us-west-2,us-west-2a,m5d.2xlarge,USD,$0.08,$146.00,"2,164",65,20,,,3,7,Autoscale,c6gd.2xlarge,1,3,$0.05,$90.76,62%,0,0,8,8,32,16,1,1,103428,gbi-kobe-1-test-rubix,rubix-asg-gbi-kobe-1-test-rubix-20230117175714925200000009,2405,
GBI,GBI Keystone Platform,457687769052,test,457687769052:us-west-2:rubix-asg-gbi-kobe-1-test-rubix-20241009192054206500000007,us-west-2,us-west-2b,m6gd.2xlarge,USD,$0.06,$157.00,"2,755",34,22,,,2,8,Autoscale,i3.large,1,7,$0.03,$119.49,76%,0,0,8,2,32,15,0,0,103428,gbi-kobe-1-test-rubix,rubix-asg-gbi-kobe-1-test-rubix-20241009192054206500000007,2190,
GBI,GBI Keystone Platform,543457957739,dev,543457957739:us-east-1:rubix-asg-keystone-us-east-1-spark-dev-2025032122204603710000000f,us-east-1,us-east-1c,r6g.8xlarge,USD,$0.27,$173.00,720,4,21,,,1,1,Autoscale,x2gd.xlarge,1,1,$0.06,$132.40,76%,0,74,32,4,256,64,0,0,103428,keystone-us-east-1-spark-dev,rubix-asg-keystone-us-east-1-spark-dev-2025032122204603710000000f,1921,
GBI,GBI Keystone Platform,543457957739,dev,543457957739:us-east-1:rubix-asg-keystone-us-east-1-spark-dev-20221205205122737300000003,us-east-1,us-east-1c,r5.4xlarge,USD,$0.17,$108.00,720,6,7,,,1,1,Autoscale,x2gd.medium,1,1,$0.01,$98.00,91%,0,69,16,1,128,16,0,0,103428,keystone-us-east-1-spark-dev,rubix-asg-keystone-us-east-1-spark-dev-20221205205122737300000003,2391,
GBI,GBI Keystone Platform,543457957739,dev,543457957739:us-east-1:rubix-asg-keystone-us-east-1-spark-dev-20230608222424518400000003,us-east-1,us-east-1b,r6g.4xlarge,USD,$0.14,$87.00,720,14,11,,,1,1,Autoscale,r6g.medium,2,3,$0.01,$74.23,86%,0,0,16,1,128,8,0,0,103428,keystone-us-east-1-spark-dev,rubix-asg-keystone-us-east-1-spark-dev-20230608222424518400000003,2794,
GBI,GBI Keystone Platform,543457957739,dev,543457957739:us-east-1:rubix-asg-keystone-us-east-1-spark-dev-20250321222046037500000010,us-east-1,us-east-1b,r6g.8xlarge,USD,$0.27,$173.00,720,3,7,,,1,1,Autoscale,r6g.medium,2,3,$0.01,$156.35,90%,0,74,32,1,256,8,0,0,103428,keystone-us-east-1-spark-dev,rubix-asg-keystone-us-east-1-spark-dev-20250321222046037500000010,1596,
GBI,GBI Keystone Platform,543457957739,dev,543457957739:us-east-1:rubix-asg-keystone-us-east-1-spark-dev-20250321222046047800000011,us-east-1,us-east-1b,r6g.8xlarge,USD,$0.27,$173.00,720,6,23,,,1,1,Autoscale,x2gd.xlarge,1,1,$0.06,$132.40,76%,0,6,32,4,256,64,0,0,103428,keystone-us-east-1-spark-dev,rubix-asg-keystone-us-east-1-spark-dev-20250321222046047800000011,1919,
GBI,GBI Keystone Platform,543457957739,dev,543457957739:us-east-1:rubix-asg-keystone-us-east-1-spark-dev-20250321222046053800000012,us-east-1,us-east-1a,r6g.8xlarge,USD,$0.27,$174.00,749,65,30,,,1,3,Autoscale,m6g.xlarge,1,7,$0.03,$126.27,72%,0,0,32,4,256,16,0,0,103428,keystone-us-east-1-spark-dev,rubix-asg-keystone-us-east-1-spark-dev-20250321222046053800000012,1906,
GBI,GBI Keystone Platform,543457957739,dev,543457957739:us-west-2:rubix-asg-keystone-us-west-2-spark-dev-2025032420004114850000000f,us-west-2,us-west-2b,r6g.8xlarge,USD,$0.27,"$1,066.00","7,565",90,47,,,2,21,No Action,r6g.8xlarge,2,21,$0.27,$0.00,0%,0,0,32,32,256,256,1,1,103428,keystone-us-west-2-spark-dev,rubix-asg-keystone-us-west-2-spark-dev-2025032420004114850000000f,5820,
GBI,GBI Keystone Platform,543457957739,dev,543457957739:us-west-2:rubix-asg-keystone-us-west-2-spark-dev-20221205205106871700000003,us-west-2,us-west-2a,r5.4xlarge,USD,$0.17,$217.00,"1,440",25,28,,,2,2,Autoscale,r6g.large,4,5,$0.02,$161.56,75%,0,0,16,2,128,16,0,0,103428,keystone-us-west-2-spark-dev,rubix-asg-keystone-us-west-2-spark-dev-20221205205106871700000003,1477,
GBI,GBI Keystone Platform,543457957739,dev,543457957739:us-west-2:rubix-asg-keystone-us-west-2-spark-dev-20230608222319523400000003,us-west-2,us-west-2b,r6g.4xlarge,USD,$0.14,$87.00,720,16,8,,,1,1,Autoscale,r6g.medium,1,3,$0.01,$74.28,86%,0,0,16,1,128,8,0,0,103428,keystone-us-west-2-spark-dev,rubix-asg-keystone-us-west-2-spark-dev-20230608222319523400000003,2797,
GBI,GBI Keystone Platform,543457957739,dev,543457957739:us-west-2:rubix-asg-keystone-us-west-2-spark-dev-20250324200041151300000010,us-west-2,us-west-2a,r6g.8xlarge,USD,$0.27,$347.00,"1,441",15,29,,,2,3,Autoscale,x2gd.medium,8,10,$0.01,$255.15,74%,0,0,32,1,256,16,0,0,103428,keystone-us-west-2-spark-dev,rubix-asg-keystone-us-west-2-spark-dev-20250324200041151300000010,861,
GBI,GBI Keystone Platform,543457957739,dev,543457957739:us-west-2:rubix-asg-keystone-us-west-2-spark-dev-20250324200041152100000011,us-west-2,us-west-2b,r6g.8xlarge,USD,$0.27,$346.00,"1,440",35,38,,,2,2,Autoscale,r6g.xlarge,4,7,$0.03,$209.59,60%,0,0,32,4,256,32,0,0,103428,keystone-us-west-2-spark-dev,rubix-asg-keystone-us-west-2-spark-dev-20250324200041152100000011,1043,
GBI,GBI Keystone Platform,543457957739,dev,543457957739:us-west-2:rubix-asg-keystone-us-west-2-spark-dev-20250324200041154700000012,us-west-2,us-west-2c,r6g.8xlarge,USD,$0.27,$173.00,720,5,6,,,1,1,Autoscale,x2gd.medium,1,2,$0.01,$161.75,93%,0,60,32,1,256,16,0,0,103428,keystone-us-west-2-spark-dev,rubix-asg-keystone-us-west-2-spark-dev-20250324200041154700000012,1558,
GBI,GBI Keystone Platform,543457957739,dev,543457957739:us-west-2:rubix-asg-ks-skate-eks-01-20240528175204616500000003,us-west-2,us-west-2c,r5.4xlarge,USD,$0.17,$217.00,"1,443",11,8,,,2,5,Autoscale,r6g.medium,3,8,$0.01,$197.01,91%,0,0,16,1,128,8,0,0,spark,ks-skate-eks-01,rubix-asg-ks-skate-eks-01-20240528175204616500000003,1177,
GBI,GBI Keystone Platform,543457957739,dev,543457957739:us-west-2:rubix-asg-ks-uw2-spark-dev-7739-za-20240528175328062100000007,us-west-2,us-west-2a,r6g.4xlarge,USD,$0.14,$87.00,720,6,2,,,1,1,Autoscale,m6g.medium,1,1,$0.01,$81.93,95%,0,66,16,1,128,4,0,0,spark,ks-uw2-spark-dev-7739-za,rubix-asg-ks-uw2-spark-dev-7739-za-20240528175328062100000007,2684,
GBI,GBI Keystone Platform,543457957739,dev,543457957739:us-west-2:rubix-asg-ks-uw2-spark-dev-7739-za-20240528175328065600000008,us-west-2,us-west-2a,r5.4xlarge,USD,$0.17,$108.00,720,6,3,,,1,1,Autoscale,r6g.medium,1,1,$0.01,$102.13,94%,0,69,16,1,128,8,0,0,spark,ks-uw2-spark-dev-7739-za,rubix-asg-ks-uw2-spark-dev-7739-za-20240528175328065600000008,2377,
GBI,GBI Keystone Platform,543457957739,dev,543457957739:us-west-2:rubix-asg-ks-uw2-spark-dev-7739-za-20240528175328069600000009,us-west-2,us-west-2a,r6g.4xlarge,USD,$0.14,$87.00,720,5,2,,,1,1,Autoscale,m6g.medium,1,1,$0.01,$81.93,95%,0,69,16,1,128,4,0,0,spark,ks-uw2-spark-dev-7739-za,rubix-asg-ks-uw2-spark-dev-7739-za-20240528175328069600000009,2685,
GBI,GBI Keystone Platform,691528147286,prod,691528147286:us-east-1:rubix-asg-gbi-kobe-1-prod-east-rubix-20240213211500622100000005,us-east-1,us-east-1f,m5d.8xlarge,USD,$0.31,$583.00,"2,163",3,1,,,3,6,Autoscale,h1.2xlarge,1,1,$0.08,$525.51,90%,0,79,32,8,128,32,0,0,103428,gbi-kobe-1-prod-east-rubix,rubix-asg-gbi-kobe-1-prod-east-rubix-20240213211500622100000005,444,
GBI,GBI Keystone Platform,691528147286,prod,691528147286:us-east-1:rubix-asg-gbi-kobe-1-prod-east-rubix-20240213211500622500000006,us-east-1,us-east-1c,m5d.8xlarge,USD,$0.31,$777.00,"2,884",3,1,,,4,8,Autoscale,h1.2xlarge,1,1,$0.08,$719.75,93%,0,32,32,8,128,32,0,0,103428,gbi-kobe-1-prod-east-rubix,rubix-asg-gbi-kobe-1-prod-east-rubix-20240213211500622500000006,338,
GBI,GBI Keystone Platform,691528147286,prod,691528147286:us-west-2:rubix-asg-gbi-kobe-1-prod-rubix-2022051803241263160000000b,us-west-2,us-west-2c,m5d.8xlarge,USD,$0.31,$583.00,"2,163",3,3,,,3,5,Autoscale,h1.2xlarge,1,1,$0.08,$525.46,90%,0,0,32,8,128,32,0,0,103428,gbi-kobe-1-prod-rubix,rubix-asg-gbi-kobe-1-prod-rubix-2022051803241263160000000b,443,
GBI,GBI Keystone Platform,691528147286,prod,691528147286:us-west-2:rubix-asg-gbi-kobe-1-prod-rubix-2022051803241264840000000c,us-west-2,us-west-2b,m5d.8xlarge,USD,$0.31,$784.00,"2,831",53,97,,,3,8,Autoscale,i3.2xlarge,1,11,$0.11,$372.93,48%,0,6,32,8,128,61,0,0,103428,gbi-kobe-1-prod-rubix,rubix-asg-gbi-kobe-1-prod-rubix-2022051803241264840000000c,616,
GBI,GBI Keystone Platform,691528147286,prod,691528147286:us-west-2:rubix-asg-gbi-kobe-1-prod-rubix-2022051803241267330000000f,us-west-2,us-west-2c,m5d.8xlarge,USD,$0.31,$194.00,679,4,3,,,1,2,Autoscale,h1.2xlarge,1,1,$0.08,$140.32,72%,0,78,32,8,128,32,0,0,103428,gbi-kobe-1-prod-rubix,rubix-asg-gbi-kobe-1-prod-rubix-2022051803241267330000000f,1953,
GBI,GBI Keystone Platform,691528147286,prod,691528147286:us-west-2:rubix-asg-gbi-kobe-1-prod-rubix-2025061222541652540000000a,us-west-2,us-west-2b,m5d.8xlarge,USD,$0.31,$274.00,"1,161",23,26,,,3,6,Autoscale,h1.2xlarge,1,4,$0.08,$212.54,78%,0,10,32,8,128,32,0,0,103428,gbi-kobe-1-prod-rubix,rubix-asg-gbi-kobe-1-prod-rubix-2025061222541652540000000a,877,
GBI,GBI Keystone Platform,691528147286,prod,691528147286:us-west-2:rubix-asg-gbi-kobe-1-prod-rubix-20220628181941904900000007,us-west-2,us-west-2b,m5d.8xlarge,USD,$0.31,$583.00,"2,163",21,12,,,3,6,Autoscale,h1.2xlarge,1,3,$0.08,$513.06,88%,0,0,32,8,128,32,0,0,103428,gbi-kobe-1-prod-rubix,rubix-asg-gbi-kobe-1-prod-rubix-20220628181941904900000007,459,
GBI,GBI Keystone Platform,691528147286,prod,691528147286:us-west-2:rubix-asg-gbi-kobe-1-prod-rubix-20230503192428660900000007,us-west-2,us-west-2a,m5d.8xlarge,USD,$0.31,$583.00,"2,164",19,15,,,3,5,Autoscale,h1.2xlarge,1,3,$0.08,$516.44,89%,0,0,32,8,128,32,0,0,103428,gbi-kobe-1-prod-rubix,rubix-asg-gbi-kobe-1-prod-rubix-20230503192428660900000007,455,
GBI,GBI Keystone Platform,691528147286,prod,691528147286:us-west-2:rubix-asg-gbi-kobe-1-prod-rubix-20250612000724618300000008,us-west-2,us-west-2c,m5d.8xlarge,USD,$0.31,$297.00,"1,167",62,72,,,1,8,Autoscale,i3.2xlarge,1,9,$0.11,$191.80,65%,0,0,32,8,128,61,0,0,103428,gbi-kobe-1-prod-rubix,rubix-asg-gbi-kobe-1-prod-rubix-20250612000724618300000008,1057,
GBI,GBI Keystone Platform,691528147286,prod,691528147286:us-west-2:rubix-asg-gbi-kobe-1-prod-rubix-20250612025417613300000004,us-west-2,us-west-2b,m5d.8xlarge,USD,$0.31,$293.00,"1,078",57,97,,,2,6,Autoscale,i3.2xlarge,1,8,$0.11,$127.77,44%,0,0,32,8,128,61,0,0,103428,gbi-kobe-1-prod-rubix,rubix-asg-gbi-kobe-1-prod-rubix-20250612025417613300000004,1733,
GBI,GBI Keystone Platform,691528147286,prod,691528147286:us-west-2:rubix-asg-ks-us-west-2-spark-sb-prod-1-2022082400260744220000000a,us-west-2,us-west-2b,m5d.8xlarge,USD,$0.31,$194.00,720,11,13,,,1,1,Autoscale,h1.2xlarge,1,1,$0.08,$136.90,71%,0,0,32,8,128,32,0,0,103428,ks-us-west-2-spark-sb-prod-1,rubix-asg-ks-us-west-2-spark-sb-prod-1-2022082400260744220000000a,1814,
GBI,GBI Keystone Platform,691528147286,prod,691528147286:us-west-2:rubix-asg-ks-us-west-2-spark-sb-prod-1-2022082400260744590000000b,us-west-2,us-west-2c,m5d.8xlarge,USD,$0.31,$194.00,720,13,17,,,1,1,Autoscale,h1.2xlarge,1,1,$0.08,$136.97,71%,0,76,32,8,128,32,0,0,103428,ks-us-west-2-spark-sb-prod-1,rubix-asg-ks-us-west-2-spark-sb-prod-1-2022082400260744590000000b,1812,
GBI,GBI Keystone Platform,691528147286,prod,691528147286:us-west-2:rubix-asg-ks-us-west-2-spark-sb-prod-1-20220824002607439800000009,us-west-2,us-west-2a,m5d.8xlarge,USD,$0.31,$194.00,720,3,7,,,1,1,Autoscale,h1.2xlarge,1,1,$0.08,$136.97,71%,0,78,32,8,128,32,0,0,103428,ks-us-west-2-spark-sb-prod-1,rubix-asg-ks-us-west-2-spark-sb-prod-1-20220824002607439800000009,1815,
GBI,GBI Keystone Platform,691528147286,prod,691528147286:us-west-2:rubix-asg-ks-us-west-2-spark-sb-prod-1-20230615211248490100000007,us-west-2,us-west-2a,r6g.8xlarge,USD,$0.27,$772.00,"3,258",13,11,,,4,5,Autoscale,x2gd.medium,6,17,$0.01,$702.78,91%,0,0,32,1,256,16,0,0,103428,ks-us-west-2-spark-sb-prod-1,rubix-asg-ks-us-west-2-spark-sb-prod-1-20230615211248490100000007,343,
GBI,GBI Keystone Platform,691528147286,prod,691528147286:us-west-2:rubix-asg-ks-us-west-2-spark-sb-prod-1-20230729045739205000000007,us-west-2,us-west-2c,r6g.4xlarge,USD,$0.14,$189.00,"1,516",14,48,,,1,4,Autoscale,x2gd.medium,4,7,$0.01,$143.30,76%,0,14,16,1,128,16,0,0,103428,ks-us-west-2-spark-sb-prod-1,rubix-asg-ks-us-west-2-spark-sb-prod-1-20230729045739205000000007,1839,
GBI,GBI Keystone Platform,691528147286,prod,691528147286:us-west-2:rubix-asg-ks-us-west-2-spark-sb-prod-1-20250204225113115600000003,us-west-2,us-west-2b,g5.2xlarge,USD,$0.48,$366.00,"1,183",20,12,,,1,2,No Action,g5.2xlarge,1,2,$0.21,$0.00,0%,0,4,8,8,32,32,1,1,103428,ks-us-west-2-spark-sb-prod-1,rubix-asg-ks-us-west-2-spark-sb-prod-1-20250204225113115600000003,5842,
GBI,GBI LnC Canon,550047658149,test,550047658149:us-west-2:rubix-asg-canon-service-cluster-test-20211130114845382200000003,us-west-2,us-west-2c,c6i.xlarge,USD,$0.03,$55.00,"2,160",19,21,,,3,3,Autoscale,r6g.medium,1,3,$0.01,$48.45,88%,0,0,4,1,8,8,0,1,106445,canon-service-cluster-test,rubix-asg-canon-service-cluster-test-20211130114845382200000003,3246,
GBI,GBI LnC Canon,746547044999,prod,746547044999:us-west-2:rubix-asg-canon-service-cluster-prod-20220120110140098500000002,us-west-2,us-west-2b,c6i.xlarge,USD,$0.03,"$1,089.00","44,416",15,22,,,25,149,Autoscale,r6g.medium,6,89,$0.01,"$1,000.44",92%,0,0,4,1,8,8,0,1,106445,canon-service-cluster-prod,rubix-asg-canon-service-cluster-prod-20220120110140098500000002,237,
GBI,GBI LnC Canon,801202189410,dev,801202189410:us-west-2:rubix-asg-canon-service-cluster-dev-new-20230206033614391800000001,us-west-2,us-west-2b,m6i.large,USD,$0.02,$41.00,"2,880",20,17,,,4,4,Autoscale,r6g.medium,1,2,$0.01,$33.99,82%,0,0,2,1,8,8,1,1,106445,canon-service-cluster-dev-new,rubix-asg-canon-service-cluster-dev-new-20230206033614391800000001,3889,
GBI,GBI Ops Tools & Utilities,375301013023,dev,375301013023:us-east-1:rubix-asg-gbi-devex-dev-20230427180127893800000003,us-east-1,us-east-1a,m7i.large,USD,$0.02,$42.00,"2,777",25,30,,,3,7,Autoscale,r6g.medium,1,4,$0.01,$34.86,83%,0,0,2,1,8,8,1,1,53426,gbi-devex-dev,rubix-asg-gbi-devex-dev-20230427180127893800000003,3851,
GBI,GBI Ops Tools & Utilities,375301013023,dev,375301013023:us-east-1:rubix-asg-gbi-devex-dev-20240329223756070900000004,us-east-1,us-east-1c,m7g.large,USD,$0.01,$51.00,"4,056",32,42,,,4,7,Autoscale,r6g.medium,2,4,$0.01,$37.06,72%,0,0,2,1,8,8,1,1,53426,gbi-devex-dev,rubix-asg-gbi-devex-dev-20240329223756070900000004,3805,
GBI,GBI Ops Tools & Utilities,375301013023,dev,375301013023:us-west-2:rubix-asg-gbi-devx-serverless-20240513112927613800000003,us-west-2,us-west-2c,t4g.medium,USD,$0.01,$11.00,"2,276",43,54,,,3,6,Autoscale,t4g.nano,6,16,$0.00,$5.99,53%,0,0,0,0,4,1,0,0,53426,gbi-devx-serverless,rubix-asg-gbi-devx-serverless-20240513112927613800000003,5295,
GBI,GBI Ops Tools & Utilities,375301013023,dev,375301013023:us-west-2:rubix-asg-k8s-argo-dp-dev-uw2-1-20250311003522267300000003,us-west-2,us-west-2c,t4g.large,USD,$0.01,$22.00,"2,220",36,20,,,3,7,Autoscale,t4g.nano,6,17,$0.00,$18.33,83%,0,0,1,0,8,1,0,0,53426,k8s-argo-dp-dev-uw2-1,rubix-asg-k8s-argo-dp-dev-uw2-1-20250311003522267300000003,4611,
GBI,GBI Ops Tools & Utilities,549535250780,dev,549535250780:us-west-2:rubix-asg-k8s-argo-dp-prod-uw2-1-20250401030509017000000003,us-west-2,us-west-2a,t4g.xlarge,USD,$0.02,$58.00,"2,892",15,13,,,4,8,Autoscale,t4g.nano,10,32,$0.00,$49.97,87%,0,0,2,0,16,1,0,0,53426,k8s-argo-dp-prod-uw2-1,rubix-asg-k8s-argo-dp-prod-uw2-1-20250401030509017000000003,3211,
GBI,GBI Ops Tools & Utilities,549535250780,prod,549535250780:us-east-1:rubix-asg-gbi-devex-cicd-engines-dr-20240518045420807500000003,us-east-1,us-east-1a,t4g.large,USD,$0.01,$17.00,"1,615",36,20,,,2,6,Autoscale,t4g.nano,5,15,$0.00,$13.47,81%,0,0,1,0,8,1,0,0,53426,gbi-devex-cicd-engines-dr,rubix-asg-gbi-devex-cicd-engines-dr-20240518045420807500000003,4887,
GBI,GBI Ops Tools & Utilities,549535250780,prod,549535250780:us-east-1:rubix-asg-gbi-devex-dr-20240702061120274400000003,us-east-1,us-east-1b,t4g.medium,USD,$0.01,$36.00,"7,161",39,37,,,7,21,Autoscale,t4g.nano,15,49,$0.00,$22.90,65%,0,0,0,0,4,1,0,0,53426,gbi-devex-dr,rubix-asg-gbi-devex-dr-20240702061120274400000003,4336,
GBI,GBI Ops Tools & Utilities,549535250780,prod,549535250780:us-west-2:rubix-asg-gbi-devex-20230228054236331700000003,us-west-2,us-west-2c,m6a.2xlarge,USD,$0.06,$37.00,724,14,12,,,1,4,Autoscale,m6g.medium,1,4,$0.01,$32.37,87%,0,0,8,1,32,4,0,0,53426,gbi-devex,rubix-asg-gbi-devex-20230228054236331700000003,3934,
GBI,GBI Ops Tools & Utilities,549535250780,prod,549535250780:us-west-2:rubix-asg-gbi-devex-20230323052933683000000004,us-west-2,us-west-2a,m6g.2xlarge,USD,$0.05,$269.00,"5,874",14,26,,,8,13,Autoscale,x2gd.medium,3,12,$0.01,$228.98,85%,0,0,8,1,32,16,0,1,53426,gbi-devex,rubix-asg-gbi-devex-20230323052933683000000004,1023,
GBI,GBI Ops Tools & Utilities,549535250780,prod,549535250780:us-west-2:rubix-asg-gbi-devex-cicd-engines-prod-20230323070115595500000008,us-west-2,us-west-2b,r7g.xlarge,USD,$0.04,$82.00,"2,738",80,32,,,1,33,Autoscale,m6g.medium,1,44,$0.01,$52.96,65%,0,0,4,1,32,4,0,0,53426,gbi-devex-cicd-engines-prod,rubix-asg-gbi-devex-cicd-engines-prod-20230323070115595500000008,3071,
GBI,GBI Ops Tools & Utilities,549535250780,prod,549535250780:us-west-2:rubix-asg-gbi-devex-cicd-engines-prod-20230323070115596200000009,us-west-2,us-west-2a,r7a.xlarge,USD,$0.05,$79.00,"1,688",77,61,,,1,8,Autoscale,m6g.medium,1,20,$0.01,$61.74,79%,0,0,4,1,32,4,0,0,53426,gbi-devex-cicd-engines-prod,rubix-asg-gbi-devex-cicd-engines-prod-20230323070115596200000009,3073,
GBI,GBI Ops Tools & Utilities,549535250780,prod,549535250780:us-west-2:rubix-asg-gbi-devex-cicd-engines-prod-20230501225356782300000006,us-west-2,us-west-2c,r7g.xlarge,USD,$0.04,$115.00,"3,628",47,78,,,5,12,Autoscale,x2gd.medium,3,12,$0.01,$78.94,69%,0,0,4,1,32,16,0,1,53426,gbi-devex-cicd-engines-prod,rubix-asg-gbi-devex-cicd-engines-prod-20230501225356782300000006,2651,
GBI,GBI Ops Tools & Utilities,785433953876,dev,785433953876:us-west-2:rubix-asg-gbi-devex-20230214190836249900000003,us-west-2,us-west-2b,m7i.large,USD,$0.02,$47.00,"2,995",29,21,,,4,10,Autoscale,r6g.medium,1,6,$0.01,$40.08,86%,0,0,2,1,8,8,1,1,53426,gbi-devex,rubix-asg-gbi-devex-20230214190836249900000003,3668,
GBI,GBI Ops Tools & Utilities,785433953876,dev,785433953876:us-west-2:rubix-asg-gbi-devex-20230731204614051000000004,us-west-2,us-west-2a,m7g.xlarge,USD,$0.03,$106.00,"4,314",26,35,,,5,12,Autoscale,x2gd.medium,2,13,$0.01,$83.89,79%,0,0,4,1,16,16,0,1,53426,gbi-devex,rubix-asg-gbi-devex-20230731204614051000000004,2646,
GBI,GBI Ops Tools & Utilities,785433953876,dev,785433953876:us-west-2:rubix-asg-k8s-argo-dp-test-uw2-1-20250326213647129200000003,us-west-2,us-west-2a,t4g.large,USD,$0.01,$29.00,"2,836",34,16,,,4,12,Autoscale,t4g.nano,8,25,$0.00,$24.15,84%,0,0,1,0,8,1,0,0,53426,k8s-argo-dp-test-uw2-1,rubix-asg-k8s-argo-dp-test-uw2-1-20250326213647129200000003,4369,
GBI,GBI Ops Tools & Utilities,785433953876,test,785433953876:us-west-2:rubix-asg-gbi-devx-cicd-engines-20230313082006690200000007,us-west-2,us-west-2a,r7g.xlarge,USD,$0.04,$46.00,"1,404",37,15,,,2,5,Autoscale,r6g.medium,1,5,$0.01,$39.67,86%,0,0,4,1,32,8,0,0,53426,gbi-devx-cicd-engines,rubix-asg-gbi-devx-cicd-engines-20230313082006690200000007,3669,
GBI,GBI Ops Tools & Utilities,785433953876,test,785433953876:us-west-2:rubix-asg-gbi-devx-cicd-engines-20230313082006691100000009,us-west-2,us-west-2a,r7a.xlarge,USD,$0.05,$33.00,709,43,15,,,1,5,Autoscale,m6g.medium,1,4,$0.01,$28.08,86%,0,19,4,1,32,4,0,0,53426,gbi-devx-cicd-engines,rubix-asg-gbi-devx-cicd-engines-20230313082006691100000009,4171,
GBI,GBI Ops Tools & Utilities,785433953876,test,785433953876:us-west-2:rubix-asg-gbi-devx-cicd-engines-20230502000429659100000006,us-west-2,us-west-2a,r7g.large,USD,$0.02,$23.00,"1,403",35,14,,,2,5,Autoscale,m6g.medium,1,3,$0.01,$18.26,79%,0,0,2,1,16,4,1,0,53426,gbi-devx-cicd-engines,rubix-asg-gbi-devx-cicd-engines-20230502000429659100000006,4699,
GBI,GBI Portal Platform,259527265664,test,259527265664:us-east-1:rubix-asg-gbi-cloud-shared-02-20230424042423009200000003,us-east-1,us-east-1a,t4g.large,USD,$0.01,$67.00,"6,600",54,25,,,4,11,Autoscale,t4g.nano,11,38,$0.00,$50.24,76%,0,0,1,0,8,1,0,0,cst_19585,gbi-cloud-shared-02,rubix-asg-gbi-cloud-shared-02-20230424042423009200000003,3204,
GBI,GBI Portal Platform,259527265664,test,259527265664:us-west-2:rubix-asg-gbi-cloud-shared-01-20230428045252630900000003,us-west-2,us-west-2b,t4g.large,USD,$0.01,$38.00,"3,757",53,27,,,4,11,Autoscale,t4g.nano,8,36,$0.00,$31.14,81%,0,0,1,0,8,1,0,0,cst_19585,gbi-cloud-shared-01,rubix-asg-gbi-cloud-shared-01-20230428045252630900000003,3971,
GBI,GBI Portal Platform,666603652220,prod,666603652220:us-east-1:rubix-asg-k8s-csf-dr-ue1-1-20250318121541014900000003,us-east-1,us-east-1a,t4g.xlarge,USD,$0.02,$58.00,"2,901",15,13,,,4,9,Autoscale,t4g.nano,8,24,$0.00,$51.21,89%,0,0,2,0,16,1,0,0,cst_19585,k8s-csf-dr-ue1-1,rubix-asg-k8s-csf-dr-ue1-1-20250318121541014900000003,3195,
GBI,GBI Portal Platform,666603652220,prod,666603652220:us-east-1:rubix-asg-k8s-portal-dr-ue1-1-20250205105237590100000003,us-east-1,us-east-1a,t4g.xlarge,USD,$0.02,$58.00,"2,895",20,13,,,4,12,Autoscale,t4g.nano,10,40,$0.00,$51.21,89%,0,0,2,0,16,1,0,0,cst_19585,k8s-portal-dr-ue1-1,rubix-asg-k8s-portal-dr-ue1-1-20250205105237590100000003,3196,
GBI,GBI Portal Platform,666603652220,prod,666603652220:us-east-1:rubix-asg-k8s-portal-dr-ue1-2-20250205105329385500000003,us-east-1,us-east-1a,t4g.xlarge,USD,$0.02,$58.00,"2,826",20,13,,,1,11,Autoscale,t4g.nano,4,29,$0.00,$51.88,90%,0,0,2,0,16,1,0,0,cst_19585,k8s-portal-dr-ue1-2,rubix-asg-k8s-portal-dr-ue1-2-20250205105329385500000003,3207,
GBI,GBI Portal Platform,666603652220,prod,666603652220:us-west-2:rubix-asg-k8s-csf-prod-uw2-1-20250317071527367100000003,us-west-2,us-west-2c,t4g.xlarge,USD,$0.02,$58.00,"2,835",18,14,,,1,9,Autoscale,t4g.nano,3,26,$0.00,$49.72,86%,0,0,2,0,16,1,0,0,cst_19585,k8s-csf-prod-uw2-1,rubix-asg-k8s-csf-prod-uw2-1-20250317071527367100000003,3237,
GBI,GBI Portal Platform,666603652220,prod,666603652220:us-west-2:rubix-asg-k8s-portal-prod-uw2-1-20250128024143942000000003,us-west-2,us-west-2a,t4g.xlarge,USD,$0.02,$72.00,"3,758",24,28,,,4,10,Autoscale,t4g.nano,9,37,$0.00,$62.68,87%,0,0,2,0,16,1,0,0,cst_19585,k8s-portal-prod-uw2-1,rubix-asg-k8s-portal-prod-uw2-1-20250128024143942000000003,2981,
GBI,GBI Portal Platform,666603652220,prod,666603652220:us-west-2:rubix-asg-k8s-portal-prod-uw2-2-20250129110647527700000003,us-west-2,us-west-2b,t4g.xlarge,USD,$0.02,$58.00,"2,897",15,9,,,4,9,Autoscale,t4g.nano,8,20,$0.00,$52.50,91%,0,0,2,0,16,1,0,0,cst_19585,k8s-portal-prod-uw2-2,rubix-asg-k8s-portal-prod-uw2-2-20250129110647527700000003,3191,
GBI,GBI Portal Platform,713841639134,dev,713841639134:us-east-1:rubix-asg-gbi-ops-sls-mkt-dr-01-20230209194447086500000003,us-east-1,us-east-1c,r6a.2xlarge,USD,$0.08,"$1,779.00","26,218",22,22,,,34,56,Autoscale,x2gd.medium,27,99,$0.01,"$1,465.38",82%,0,0,8,1,64,16,0,0,cst_19585,gbi-ops-sls-mkt-dr-01,rubix-asg-gbi-ops-sls-mkt-dr-01-20230209194447086500000003,164,
GBI,GBI Portal Platform,713841639134,dev,713841639134:us-east-1:rubix-asg-gbi-ops-sls-mkt-dr-02-20231102232444902800000003,us-east-1,us-east-1b,r6a.2xlarge,USD,$0.08,$406.00,"5,994",34,22,,,8,17,Autoscale,x2gd.medium,6,47,$0.01,$335.53,83%,0,0,8,1,64,16,0,0,cst_19585,gbi-ops-sls-mkt-dr-02,rubix-asg-gbi-ops-sls-mkt-dr-02-20231102232444902800000003,740,
GBI,GBI Portal Platform,713841639134,dev,713841639134:us-west-2:rubix-asg-gbi-ops-sls-mkt-01-20230130233217666400000003,us-west-2,us-west-2c,r6a.2xlarge,USD,$0.08,"$2,602.00","38,866",11,23,,,45,69,Autoscale,x2gd.medium,38,51,$0.01,"$2,141.21",82%,0,0,8,1,64,16,0,0,cst_19585,gbi-ops-sls-mkt-01,rubix-asg-gbi-ops-sls-mkt-01-20230130233217666400000003,99,
GBI,GBI Portal Platform,713841639134,dev,713841639134:us-west-2:rubix-asg-gbi-ops-sls-mkt-02-20230705225532670400000003,us-west-2,us-west-2a,r6a.2xlarge,USD,$0.08,"$1,229.00","18,291",11,26,,,25,31,Autoscale,x2gd.medium,21,28,$0.01,$976.86,80%,0,0,8,1,64,16,0,0,cst_19585,gbi-ops-sls-mkt-02,rubix-asg-gbi-ops-sls-mkt-02-20230705225532670400000003,244,
GBI,GBI Portal Platform,713841639134,prod,713841639134:us-east-1:rubix-asg-gbi-acr-rtl-ppl-dr-01-20230222130154322500000003,us-east-1,us-east-1c,r6a.2xlarge,USD,$0.08,$345.00,"5,201",42,32,,,2,16,Autoscale,r6g.medium,6,45,$0.01,$262.77,76%,0,0,8,1,64,8,0,0,cst_19585,gbi-acr-rtl-ppl-dr-01,rubix-asg-gbi-acr-rtl-ppl-dr-01-20230222130154322500000003,830,
GBI,GBI Portal Platform,713841639134,prod,713841639134:us-east-1:rubix-asg-gbi-amp-fin-lnc-dr-01-20230222130747589300000003,us-east-1,us-east-1a,r6a.2xlarge,USD,$0.08,$146.00,"2,153",31,15,,,2,7,Autoscale,r6g.medium,2,18,$0.01,$130.49,89%,0,0,8,1,64,8,0,0,cst_19585,gbi-amp-fin-lnc-dr-01,rubix-asg-gbi-amp-fin-lnc-dr-01-20230222130747589300000003,2048,
GBI,GBI Portal Platform,713841639134,prod,713841639134:us-east-1:rubix-asg-gbi-ops-bpr-dr-01-20230222122017256400000003,us-east-1,us-east-1c,r6a.2xlarge,USD,$0.08,$195.00,"2,843",25,10,,,1,10,Autoscale,r6g.medium,2,18,$0.01,$176.62,91%,0,0,8,1,64,8,0,0,cst_19585,gbi-ops-bpr-dr-01,rubix-asg-gbi-ops-bpr-dr-01-20230222122017256400000003,1369,
GBI,GBI Portal Platform,713841639134,prod,713841639134:us-east-1:rubix-asg-gbi-platform-tools-dr-01-20230222133509413600000003,us-east-1,us-east-1c,r6a.2xlarge,USD,$0.08,$342.00,"5,079",49,32,,,7,16,Autoscale,x2gd.medium,8,63,$0.01,$249.11,73%,0,0,8,1,64,16,0,0,cst_19585,gbi-platform-tools-dr-01,rubix-asg-gbi-platform-tools-dr-01-20230222133509413600000003,864,
GBI,GBI Portal Platform,713841639134,prod,713841639134:us-east-1:rubix-asg-gbi-sales-dr-20220209123810846800000003,us-east-1,us-east-1a,r6a.2xlarge,USD,$0.08,$146.00,"2,136",13,7,,,1,7,Autoscale,x2gd.medium,1,7,$0.01,$135.51,93%,0,0,8,1,64,16,0,0,cst_19585,gbi-sales-dr,rubix-asg-gbi-sales-dr-20220209123810846800000003,1958,
GBI,GBI Portal Platform,713841639134,prod,713841639134:us-west-2:rubix-asg-gbi-acr-rtl-ppl-01-20230222103047418000000003,us-west-2,us-west-2a,r6a.2xlarge,USD,$0.08,$488.00,"7,423",35,31,,,1,18,Autoscale,r6g.medium,3,46,$0.01,$374.05,77%,0,0,8,1,64,8,0,0,cst_19585,gbi-acr-rtl-ppl-01,rubix-asg-gbi-acr-rtl-ppl-01-20230222103047418000000003,618,
GBI,GBI Portal Platform,713841639134,prod,713841639134:us-west-2:rubix-asg-gbi-amp-fin-lnc-01-20230222110436104600000003,us-west-2,us-west-2a,r6a.2xlarge,USD,$0.08,$195.00,"2,844",32,39,,,1,9,Autoscale,x2gd.medium,1,21,$0.01,$150.74,77%,0,0,8,1,64,16,0,0,cst_19585,gbi-amp-fin-lnc-01,rubix-asg-gbi-amp-fin-lnc-01-20230222110436104600000003,1639,
GBI,GBI Portal Platform,713841639134,prod,713841639134:us-west-2:rubix-asg-gbi-counter-perf-20211110223645546800000002,us-west-2,us-west-2b,r6a.2xlarge,USD,$0.08,$634.00,"9,342",19,12,,,10,22,Autoscale,x2gd.medium,5,30,$0.01,$571.31,90%,0,0,8,1,64,16,0,0,cst_19585,gbi-counter-perf,rubix-asg-gbi-counter-perf-20211110223645546800000002,409,
GBI,GBI Portal Platform,713841639134,prod,713841639134:us-west-2:rubix-asg-gbi-ops-bpr-01-20230222112935785300000003,us-west-2,us-west-2b,r6a.2xlarge,USD,$0.08,$613.00,"8,908",15,13,,,10,21,Autoscale,x2gd.medium,4,26,$0.01,$551.45,90%,0,0,8,1,64,16,0,0,cst_19585,gbi-ops-bpr-01,rubix-asg-gbi-ops-bpr-01-20230222112935785300000003,431,
GBI,GBI Portal Platform,713841639134,prod,713841639134:us-west-2:rubix-asg-gbi-platform-tools-01-20230222112134696100000003,us-west-2,us-west-2a,r6a.2xlarge,USD,$0.08,$369.00,"5,329",33,39,,,1,15,Autoscale,x2gd.medium,2,41,$0.01,$266.57,72%,0,0,8,1,64,16,0,0,cst_19585,gbi-platform-tools-01,rubix-asg-gbi-platform-tools-01-20230222112134696100000003,853,
GBI,GBI Portal Platform,713841639134,prod,713841639134:us-west-2:rubix-asg-gbi-plr-prod-20220228181040705300000003,us-west-2,us-west-2c,r6a.2xlarge,USD,$0.08,$462.00,"6,561",32,17,,,5,19,Autoscale,m6g.medium,11,48,$0.01,$379.95,82%,0,0,8,1,64,4,0,0,cst_19585,gbi-plr-prod,rubix-asg-gbi-plr-prod-20220228181040705300000003,670,
GBI,GBI Portal Platform,713841639134,prod,713841639134:us-west-2:rubix-asg-gbi-radbi-lab-20220622142707083300000003,us-west-2,us-west-2b,r6a.2xlarge,USD,$0.08,$146.00,"2,150",15,5,,,2,6,Autoscale,r6g.medium,1,8,$0.01,$138.66,95%,0,0,8,1,64,8,0,0,cst_19585,gbi-radbi-lab,rubix-asg-gbi-radbi-lab-20220622142707083300000003,1893,
GBI,GBI Portal Platform,713841639134,prod,713841639134:us-west-2:rubix-asg-gbi-radbi-prod-20210924021538654100000003,us-west-2,us-west-2b,r6a.2xlarge,USD,$0.08,$292.00,"4,251",32,22,,,1,12,Autoscale,m6g.medium,4,31,$0.01,$239.70,82%,0,0,8,1,64,4,0,0,cst_19585,gbi-radbi-prod,rubix-asg-gbi-radbi-prod-20210924021538654100000003,991,
GBI,GBI Portal Platform,713841639134,prod,713841639134:us-west-2:rubix-asg-gbi-radbiutils-prod-20220510080123188600000003,us-west-2,us-west-2c,r6a.2xlarge,USD,$0.08,$146.00,"2,164",16,6,,,3,6,Autoscale,x2gd.medium,1,8,$0.01,$134.85,92%,0,0,8,1,64,16,0,0,cst_19585,gbi-radbiutils-prod,rubix-asg-gbi-radbiutils-prod-20220510080123188600000003,1940,
GBI,GBI Portal Platform,713841639134,prod,713841639134:us-west-2:rubix-asg-gbi-sales-prod-20211006073009203500000003,us-west-2,us-west-2b,r6a.2xlarge,USD,$0.08,$164.00,"2,372",17,11,,,1,8,Autoscale,r6g.medium,1,9,$0.01,$146.08,89%,0,0,8,1,64,8,0,0,cst_19585,gbi-sales-prod,rubix-asg-gbi-sales-prod-20211006073009203500000003,1793,
GBI,GBI Portal Platform,999203446670,dev,999203446670:us-east-1:rubix-asg-gbi-cloud-shared-02-20230405191335841700000004,us-east-1,us-east-1b,t4g.large,USD,$0.01,$49.00,"4,888",60,35,,,4,10,Autoscale,t4g.micro,4,23,$0.00,$37.43,77%,0,0,1,0,8,1,0,0,cst_19585,gbi-cloud-shared-02,rubix-asg-gbi-cloud-shared-02-20230405191335841700000004,3689,
GBI,GBI Portal Platform,999203446670,dev,999203446670:us-west-2:rubix-asg-gbi-cloud-shared-01-20230407190013652000000004,us-west-2,us-west-2a,t4g.large,USD,$0.01,$45.00,"4,497",73,39,,,4,10,Autoscale,t4g.micro,4,25,$0.00,$33.20,73%,0,0,1,0,8,1,0,0,cst_19585,gbi-cloud-shared-01,rubix-asg-gbi-cloud-shared-01-20230407190013652000000004,3900,
GBI,GBI Tableau Platform,41143947085,dev,041143947085:us-west-2:rubix-asg-gbi-collibra-dev-20241210003047842600000003,us-west-2,us-west-2b,m5.large,USD,$0.02,$41.00,"2,880",44,18,,,4,4,Autoscale,r6g.medium,1,4,$0.01,$30.45,74%,0,0,2,1,8,8,1,1,277,gbi-collibra-dev,rubix-asg-gbi-collibra-dev-20241210003047842600000003,3963,
GBI,GBI Tableau Platform,41143947085,dev,041143947085:us-west-2:rubix-asg-tableau-apps-dev-20240719063446847300000003,us-west-2,us-west-2c,t3.xlarge,USD,$0.03,$54.00,"2,175",38,21,,,3,7,Autoscale,t4g.micro,7,22,$0.00,$43.95,82%,0,0,2,0,16,1,0,0,277,tableau-apps-dev,rubix-asg-tableau-apps-dev-20240719063446847300000003,3395,
GBI,GBI Tableau Platform,361573567646,prod,361573567646:us-west-2:eks-tableau-apps-prod-ng-eec8d207-46d3-ffdc-5602-7080438f3bc7,us-west-2,us-west-2a,t3.xlarge,USD,$0.03,$89.00,"3,600",28,53,,,5,5,Autoscale,t4g.medium,8,11,$0.01,$47.66,53%,0,0,2,0,16,4,0,0,277,tableau-apps,eks-tableau-apps-prod-ng-eec8d207-46d3-ffdc-5602-7080438f3bc7,3194,
GBI,GBI Tableau Platform,361573567646,prod,361573567646:us-west-2:rubix-asg-gbi-collibra-prod-20241207185637593500000003,us-west-2,us-west-2a,m5.large,USD,$0.02,$41.00,"2,880",42,19,,,4,4,Autoscale,r6g.medium,1,4,$0.01,$30.86,75%,0,0,2,1,8,8,1,1,277,gbi-collibra-prod,rubix-asg-gbi-collibra-prod-20241207185637593500000003,3957,
GBI,Keystone Streams,312654910533,prod,312654910533:us-east-1:rubix-asg-keystone-udp-1-prod-east-rubix-2025060220343243680000000d,us-east-1,us-east-1b,m5d.4xlarge,USD,$0.15,$249.00,"1,884",4,2,,,3,3,Autoscale,i4g.xlarge,1,1,$0.05,$215.52,87%,0,26,16,4,64,32,0,1,207935,keystone-udp-1-prod-east-rubix,rubix-asg-keystone-udp-1-prod-east-rubix-2025060220343243680000000d,1051,
GBI,Keystone Streams,312654910533,prod,312654910533:us-east-1:rubix-asg-keystone-udp-1-prod-east-rubix-2025060220343244190000000e,us-east-1,us-east-1c,m5d.4xlarge,USD,$0.15,$249.00,"1,884",4,2,,,3,3,Autoscale,i4g.xlarge,1,1,$0.05,$215.52,87%,0,37,16,4,64,32,0,1,207935,keystone-udp-1-prod-east-rubix,rubix-asg-keystone-udp-1-prod-east-rubix-2025060220343244190000000e,1050,
GBI,Keystone Streams,312654910533,prod,312654910533:us-east-1:rubix-asg-keystone-udp-1-prod-east-rubix-2025060220343244360000000f,us-east-1,us-east-1c,m5d.large,USD,$0.02,$31.00,"1,884",52,30,,,3,3,Autoscale,m6gd.large,1,2,$0.02,$20.55,66%,0,0,2,2,8,8,1,1,207935,keystone-udp-1-prod-east-rubix,rubix-asg-keystone-udp-1-prod-east-rubix-2025060220343244360000000f,4442,
GBI,Keystone Streams,312654910533,prod,312654910533:us-east-1:rubix-asg-keystone-udp-1-prod-east-rubix-20250602203432447900000010,us-east-1,us-east-1d,m5d.8xlarge,USD,$0.31,$497.00,"1,884",2,2,,,3,3,Autoscale,h1.2xlarge,1,1,$0.08,$447.04,90%,0,70,32,8,128,32,0,0,207935,keystone-udp-1-prod-east-rubix,rubix-asg-keystone-udp-1-prod-east-rubix-20250602203432447900000010,518,
GBI,Keystone Streams,312654910533,prod,312654910533:us-east-1:rubix-asg-keystone-udp-1-prod-east-rubix-20250602203432448600000011,us-east-1,us-east-1b,m5d.8xlarge,USD,$0.31,$497.00,"1,884",3,3,,,3,3,Autoscale,h1.2xlarge,1,1,$0.08,$447.04,90%,0,67,32,8,128,32,0,0,207935,keystone-udp-1-prod-east-rubix,rubix-asg-keystone-udp-1-prod-east-rubix-20250602203432448600000011,517,
GBI,Keystone Streams,312654910533,prod,312654910533:us-east-1:rubix-asg-keystone-udp-1-prod-east-rubix-20250602203432449500000012,us-east-1,us-east-1c,m5d.4xlarge,USD,$0.15,$249.00,"1,884",5,3,,,3,3,Autoscale,i4g.xlarge,1,1,$0.05,$215.52,87%,0,35,16,4,64,32,0,1,207935,keystone-udp-1-prod-east-rubix,rubix-asg-keystone-udp-1-prod-east-rubix-20250602203432449500000012,1052,
GBI,Keystone Streams,312654910533,prod,312654910533:us-west-2:rubix-asg-keystone-udp-1-prod-rubix-2025060219280548570000000d,us-west-2,us-west-2d,m5d.8xlarge,USD,$0.31,$498.00,"1,887",2,3,,,3,3,Autoscale,h1.2xlarge,1,1,$0.08,$448.37,90%,0,83,32,8,128,32,0,0,207935,keystone-udp-1-prod-rubix,rubix-asg-keystone-udp-1-prod-rubix-2025060219280548570000000d,516,
GBI,Keystone Streams,312654910533,prod,312654910533:us-west-2:rubix-asg-keystone-udp-1-prod-rubix-2025060219280548580000000e,us-west-2,us-west-2b,m5d.4xlarge,USD,$0.15,$249.00,"1,887",4,2,,,3,3,Autoscale,i4g.xlarge,1,1,$0.05,$216.18,87%,0,41,16,4,64,32,0,1,207935,keystone-udp-1-prod-rubix,rubix-asg-keystone-udp-1-prod-rubix-2025060219280548580000000e,1047,
GBI,Keystone Streams,312654910533,prod,312654910533:us-west-2:rubix-asg-keystone-udp-1-prod-rubix-2025060219280548640000000f,us-west-2,us-west-2c,m5d.4xlarge,USD,$0.15,$249.00,"1,887",4,3,,,3,3,Autoscale,i4g.xlarge,1,1,$0.05,$216.18,87%,0,44,16,4,64,32,0,1,207935,keystone-udp-1-prod-rubix,rubix-asg-keystone-udp-1-prod-rubix-2025060219280548640000000f,1049,
GBI,Keystone Streams,312654910533,prod,312654910533:us-west-2:rubix-asg-keystone-udp-1-prod-rubix-20250602192805488700000010,us-west-2,us-west-2b,m5d.8xlarge,USD,$0.31,$498.00,"1,887",3,2,,,3,3,Autoscale,h1.2xlarge,1,1,$0.08,$448.37,90%,0,65,32,8,128,32,0,0,207935,keystone-udp-1-prod-rubix,rubix-asg-keystone-udp-1-prod-rubix-20250602192805488700000010,515,
GBI,Keystone Streams,312654910533,prod,312654910533:us-west-2:rubix-asg-keystone-udp-1-prod-rubix-20250602192805489000000011,us-west-2,us-west-2c,m5d.4xlarge,USD,$0.15,$249.00,"1,887",4,2,,,3,3,Autoscale,i4g.xlarge,1,1,$0.05,$216.18,87%,0,47,16,4,64,32,0,1,207935,keystone-udp-1-prod-rubix,rubix-asg-keystone-udp-1-prod-rubix-20250602192805489000000011,1048,
GBI,Keystone Streams,312654910533,prod,312654910533:us-west-2:rubix-asg-keystone-udp-1-prod-rubix-20250602192805490500000012,us-west-2,us-west-2b,m5d.large,USD,$0.02,$31.00,"1,887",32,27,,,3,3,Autoscale,m6gd.large,1,1,$0.02,$21.48,69%,0,0,2,2,8,8,1,1,207935,keystone-udp-1-prod-rubix,rubix-asg-keystone-udp-1-prod-rubix-20250602192805490500000012,4406,
GBI,Keystone Streams,381491923931,test,381491923931:us-east-1:rubix-asg-keystone-udp-1-test-east-rubix-2025061716343057280000000d,us-east-1,us-east-1b,m5d.large,USD,$0.02,$11.00,816,32,29,,,3,3,Autoscale,m6gd.large,1,1,$0.02,$6.37,60%,0,0,2,2,8,8,1,1,207935,keystone-udp-1-test-east-rubix,rubix-asg-keystone-udp-1-test-east-rubix-2025061716343057280000000d,5050,
GBI,Keystone Streams,381491923931,test,381491923931:us-east-1:rubix-asg-keystone-udp-1-test-east-rubix-2025061716343057980000000e,us-east-1,us-east-1c,m5d.8xlarge,USD,$0.31,$169.00,816,3,3,,,3,3,Autoscale,h1.2xlarge,1,1,$0.08,$147.10,87%,0,52,32,8,128,32,0,0,207935,keystone-udp-1-test-east-rubix,rubix-asg-keystone-udp-1-test-east-rubix-2025061716343057980000000e,1171,
GBI,Keystone Streams,381491923931,test,381491923931:us-east-1:rubix-asg-keystone-udp-1-test-east-rubix-2025061716343058020000000f,us-east-1,us-east-1b,m5d.8xlarge,USD,$0.31,$169.00,816,2,4,,,3,3,Autoscale,h1.2xlarge,1,1,$0.08,$147.10,87%,0,44,32,8,128,32,0,0,207935,keystone-udp-1-test-east-rubix,rubix-asg-keystone-udp-1-test-east-rubix-2025061716343058020000000f,1172,
GBI,Keystone Streams,381491923931,test,381491923931:us-east-1:rubix-asg-keystone-udp-1-test-east-rubix-20250617163430580300000010,us-east-1,us-east-1c,m5d.4xlarge,USD,$0.15,$84.00,816,4,3,,,3,3,Autoscale,i4g.xlarge,1,1,$0.05,$70.09,83%,0,0,16,4,64,32,0,1,207935,keystone-udp-1-test-east-rubix,rubix-asg-keystone-udp-1-test-east-rubix-20250617163430580300000010,2408,
GBI,Keystone Streams,381491923931,test,381491923931:us-east-1:rubix-asg-keystone-udp-1-test-east-rubix-20250617163430580400000011,us-east-1,us-east-1b,m5d.4xlarge,USD,$0.15,$84.00,816,4,3,,,3,3,Autoscale,i4g.xlarge,1,1,$0.05,$70.09,83%,0,0,16,4,64,32,0,1,207935,keystone-udp-1-test-east-rubix,rubix-asg-keystone-udp-1-test-east-rubix-20250617163430580400000011,2407,
GBI,Keystone Streams,381491923931,test,381491923931:us-east-1:rubix-asg-keystone-udp-1-test-east-rubix-20250617163430580500000012,us-east-1,us-east-1c,m5d.4xlarge,USD,$0.15,$84.00,816,4,4,,,3,3,Autoscale,i4g.xlarge,1,1,$0.05,$70.09,83%,0,0,16,4,64,32,0,1,207935,keystone-udp-1-test-east-rubix,rubix-asg-keystone-udp-1-test-east-rubix-20250617163430580500000012,2406,
GBI,Keystone Streams,381491923931,test,381491923931:us-west-2:rubix-asg-keystone-udp-1-test-rubix-2025043004442315930000000d,us-west-2,us-west-2b,m5d.4xlarge,USD,$0.15,$884.00,"7,361",28,32,,,3,18,Autoscale,i4g.xlarge,1,12,$0.05,$671.62,76%,0,0,16,4,64,32,0,1,207935,keystone-udp-1-test-rubix,rubix-asg-keystone-udp-1-test-rubix-2025043004442315930000000d,318,
GBI,Keystone Streams,381491923931,test,381491923931:us-west-2:rubix-asg-keystone-udp-1-test-rubix-2025043004442316280000000e,us-west-2,us-west-2c,m5d.4xlarge,USD,$0.15,$660.00,"5,278",21,39,,,3,13,Autoscale,i4g.xlarge,1,9,$0.05,$489.01,74%,0,0,16,4,64,32,0,1,207935,keystone-udp-1-test-rubix,rubix-asg-keystone-udp-1-test-rubix-2025043004442316280000000e,418,
GBI,Keystone Streams,381491923931,test,381491923931:us-west-2:rubix-asg-keystone-udp-1-test-rubix-2025043004442316330000000f,us-west-2,us-west-2d,m5d.8xlarge,USD,$0.31,$728.00,"2,728",14,32,,,3,6,Autoscale,i3.2xlarge,1,3,$0.11,$546.66,75%,0,0,32,8,128,61,0,0,207935,keystone-udp-1-test-rubix,rubix-asg-keystone-udp-1-test-rubix-2025043004442316330000000f,410,
GBI,Keystone Streams,381491923931,test,381491923931:us-west-2:rubix-asg-keystone-udp-1-test-rubix-20250430044423164100000010,us-west-2,us-west-2c,m5d.large,USD,$0.02,$53.00,"3,713",82,100,,,3,12,Autoscale,m6gd.large,1,9,$0.02,$15.46,29%,0,0,2,2,8,8,1,1,207935,keystone-udp-1-test-rubix,rubix-asg-keystone-udp-1-test-rubix-20250430044423164100000010,4115,
GBI,Keystone Streams,381491923931,test,381491923931:us-west-2:rubix-asg-keystone-udp-1-test-rubix-20250430044423164200000011,us-west-2,us-west-2b,m5d.8xlarge,USD,$0.31,$583.00,"2,166",30,33,,,3,6,Autoscale,i3.2xlarge,1,4,$0.11,$435.31,75%,0,0,32,8,128,61,0,0,207935,keystone-udp-1-test-rubix,rubix-asg-keystone-udp-1-test-rubix-20250430044423164200000011,523,
GBI,Keystone Streams,381491923931,test,381491923931:us-west-2:rubix-asg-keystone-udp-1-test-rubix-20250430044423167200000012,us-west-2,us-west-2d,m5d.4xlarge,USD,$0.15,$317.00,"2,603",19,37,,,3,7,Autoscale,i4g.xlarge,1,5,$0.05,$229.14,72%,0,0,16,4,64,32,0,1,207935,keystone-udp-1-test-rubix,rubix-asg-keystone-udp-1-test-rubix-20250430044423167200000012,849,